epoch,val_f1,val_prec,val_rec,test_f1,test_prec,test_rec,model,train_len,train_set(s),dev_set(s),test_set(s),run_id
1.0,0.6206896551724138,0.65625,0.5887850467289719,0.6358974358974359,0.6262626262626263,0.6458333333333334,bert-base-uncased,2207,train_incelsis(2207),dev_incelsis(468),test_incelsis(481),RANLP_review_metrics_no_incel_terms
2.0,0.6320754716981132,0.638095238095238,0.6261682242990654,0.6376811594202898,0.5945945945945946,0.6875,bert-base-uncased,2207,train_incelsis(2207),dev_incelsis(468),test_incelsis(481),RANLP_review_metrics_no_incel_terms
3.0,0.6395939086294415,0.7,0.5887850467289719,0.6120218579234973,0.6436781609195402,0.5833333333333334,bert-base-uncased,2207,train_incelsis(2207),dev_incelsis(468),test_incelsis(481),RANLP_review_metrics_no_incel_terms
4.0,0.6428571428571428,0.7078651685393258,0.5887850467289719,0.6000000000000001,0.6428571428571429,0.5625,bert-base-uncased,2207,train_incelsis(2207),dev_incelsis(468),test_incelsis(481),RANLP_review_metrics_no_incel_terms
