epoch,val_f1,val_prec,val_rec,test_f1,test_prec,test_rec,model,train_len,train_set(s),dev_set(s),test_set(s),run_id
1.0,0.8534621578099839,0.8688524590163934,0.8386075949367089,0.352,0.88,0.22,incel-bert-base-multilingual-cased-1000k_multi,3642,train_incelsis(3642),dev_incelsis(780),test_fdb_500(500),17
2.0,0.8541353383458646,0.8137535816618912,0.8987341772151899,0.5223367697594502,0.8351648351648352,0.38,incel-bert-base-multilingual-cased-1000k_multi,3642,train_incelsis(3642),dev_incelsis(780),test_fdb_500(500),17
3.0,0.852760736196319,0.8273809523809523,0.879746835443038,0.5223367697594502,0.8351648351648352,0.38,incel-bert-base-multilingual-cased-1000k_multi,3642,train_incelsis(3642),dev_incelsis(780),test_fdb_500(500),17
4.0,0.849144634525661,0.8348623853211009,0.8639240506329114,0.49477351916376305,0.8160919540229885,0.355,incel-bert-base-multilingual-cased-1000k_multi,3642,train_incelsis(3642),dev_incelsis(780),test_fdb_500(500),17
