epoch,train_loss,dev_loss,dev_f1,dev_precision,dev_recall,test_loss,test_f1,test_precision,test_recall,model,train_len,train_set(s),dev_set(s),test_set(s),run_id
1.0,0.6120287602800026,0.32638412805236117,0.8385185185185186,0.7883008356545961,0.8955696202531646,0.33983910448697147,0.8120063191153237,0.7536656891495601,0.8801369863013698,bert-base-uncased-hatexplain,3642,train_incelsis(3642),dev_incelsis(780),test_incelsis(781),0
2.0,0.2647138647735119,0.27344738243489847,0.8557692307692307,0.8668831168831169,0.8449367088607594,0.27356463054917296,0.8408304498269896,0.8496503496503497,0.8321917808219178,bert-base-uncased-hatexplain,3642,train_incelsis(3642),dev_incelsis(780),test_incelsis(781),0
3.0,0.18635157106052103,0.313338020968498,0.8598130841121495,0.8466257668711656,0.8734177215189873,0.3022632375359535,0.8478632478632478,0.8464163822525598,0.8493150684931506,bert-base-uncased-hatexplain,3642,train_incelsis(3642),dev_incelsis(780),test_incelsis(781),0
4.0,0.14461546465591119,0.33592917184744564,0.8512000000000001,0.86084142394822,0.8417721518987342,0.3214924773391412,0.8466898954703832,0.8617021276595744,0.8321917808219178,bert-base-uncased-hatexplain,3642,train_incelsis(3642),dev_incelsis(780),test_incelsis(781),0
