epoch,train_loss,val_loss,val_f1,val_precision,val_recall,test_loss,test_f1,test_precision,test_recall,model,train_len,train_set(s),dev_set(s),test_set(s),run_id
1.0,0.5698613342747354,0.30510924133111017,0.8231173380035026,0.9215686274509803,0.7436708860759493,0.30072024008449244,0.8230912476722534,0.9020408163265307,0.7568493150684932,bert-base-uncased-hatexplain,3642,train_incelsis(3642),dev_incelsis(780),test_incelsis(781),0
2.0,0.2600737225525735,0.2795452312471307,0.8615863141524106,0.8470948012232415,0.8765822784810127,0.27864004473905174,0.831918505942275,0.8249158249158249,0.839041095890411,bert-base-uncased-hatexplain,3642,train_incelsis(3642),dev_incelsis(780),test_incelsis(781),0
3.0,0.19048800876592858,0.29492450026529177,0.8544,0.8640776699029126,0.8449367088607594,0.2988548244406678,0.849122807017544,0.8705035971223022,0.8287671232876712,bert-base-uncased-hatexplain,3642,train_incelsis(3642),dev_incelsis(780),test_incelsis(781),0
4.0,0.1453917712839157,0.3307376941666007,0.8548644338118023,0.8617363344051447,0.8481012658227848,0.3255733095907739,0.8432055749128919,0.8581560283687943,0.8287671232876712,bert-base-uncased-hatexplain,3642,train_incelsis(3642),dev_incelsis(780),test_incelsis(781),0
