epoch,train_loss,dev_loss,dev_f1,dev_precision,dev_recall,test_loss,test_f1,test_precision,test_recall,model,train_len,train_set(s),dev_set(s),test_set(s),run_id
1.0,0.5753802587523272,0.3732520170053657,0.7886792452830188,0.9766355140186916,0.6613924050632911,0.3560982100209411,0.8007968127490039,0.9571428571428572,0.6883561643835616,bert-base-uncased-hatexplain,3642,train_incelsis(3642),dev_incelsis(780),test_incelsis(781),0
2.0,0.26050235218319456,0.27993702964515105,0.8634920634920635,0.8662420382165605,0.8607594936708861,0.2712049385418697,0.847750865051903,0.8566433566433567,0.839041095890411,bert-base-uncased-hatexplain,3642,train_incelsis(3642),dev_incelsis(780),test_incelsis(781),0
3.0,0.18107682281876342,0.30876094756685957,0.8681672025723473,0.8823529411764706,0.8544303797468354,0.30864964429365127,0.8500881834215167,0.8763636363636363,0.8253424657534246,bert-base-uncased-hatexplain,3642,train_incelsis(3642),dev_incelsis(780),test_incelsis(781),0
4.0,0.14181470366505286,0.33158694838686864,0.8691437802907916,0.8877887788778878,0.8512658227848101,0.32400781020750197,0.8515901060070671,0.8795620437956204,0.8253424657534246,bert-base-uncased-hatexplain,3642,train_incelsis(3642),dev_incelsis(780),test_incelsis(781),0
