epoch,val_f1,val_prec,val_rec,test_f1,test_prec,test_rec,model,train_len,train_set(s),dev_set(s),test_set(s),run_id
1.0,0.6756756756756757,0.6521739130434783,0.7009345794392523,0.6634146341463415,0.6238532110091743,0.7083333333333334,incel-bert-base-uncased-1000k_english,2207,train_incelsis(2207),dev_incelsis(468),test_incelsis(481),RANLP_review_metrics_no_incel_terms
2.0,0.7161572052401747,0.6721311475409836,0.7663551401869159,0.6759259259259258,0.6083333333333333,0.7604166666666666,incel-bert-base-uncased-1000k_english,2207,train_incelsis(2207),dev_incelsis(468),test_incelsis(481),RANLP_review_metrics_no_incel_terms
3.0,0.711111111111111,0.6779661016949152,0.7476635514018691,0.7115384615384616,0.6607142857142857,0.7708333333333334,incel-bert-base-uncased-1000k_english,2207,train_incelsis(2207),dev_incelsis(468),test_incelsis(481),RANLP_review_metrics_no_incel_terms
4.0,0.6666666666666666,0.7010309278350515,0.6355140186915887,0.7106598984771573,0.693069306930693,0.7291666666666666,incel-bert-base-uncased-1000k_english,2207,train_incelsis(2207),dev_incelsis(468),test_incelsis(481),RANLP_review_metrics_no_incel_terms
