epoch,val_f1,val_prec,val_rec,test_f1,test_prec,test_rec,model,train_len,train_set(s),dev_set(s),test_set(s),run_id
1.0,0.8093645484949834,0.8581560283687943,0.7658227848101266,0.8409893992932863,0.8686131386861314,0.815068493150685,incel-roberta-base-10k_english,3642,train_incelsis(3642),dev_incelsis(780),test_incelsis(781),0
2.0,0.8542713567839195,0.9074733096085409,0.8069620253164557,0.852994555353902,0.9073359073359073,0.8047945205479452,incel-roberta-base-10k_english,3642,train_incelsis(3642),dev_incelsis(780),test_incelsis(781),0
3.0,0.8493150684931507,0.8181818181818182,0.8829113924050633,0.8341384863123993,0.7872340425531915,0.886986301369863,incel-roberta-base-10k_english,3642,train_incelsis(3642),dev_incelsis(780),test_incelsis(781),0
4.0,0.8602825745682888,0.8535825545171339,0.8670886075949367,0.8395904436860068,0.8367346938775511,0.8424657534246576,incel-roberta-base-10k_english,3642,train_incelsis(3642),dev_incelsis(780),test_incelsis(781),0
