epoch,val_f1,val_prec,val_rec,test_f1,test_prec,test_rec,model,train_len,train_set(s),dev_set(s),test_set(s),run_id
1.0,0.8225538971807628,0.8641114982578397,0.7848101265822784,0.16363636363636364,0.9,0.09,incel-bert-base-multilingual-cased-100k_italian,3642,train_incelsis(3642),dev_incelsis(780),test_fdb_500(500),17
2.0,0.8328173374613005,0.8151515151515152,0.8512658227848101,0.3464566929133858,0.8148148148148148,0.22,incel-bert-base-multilingual-cased-100k_italian,3642,train_incelsis(3642),dev_incelsis(780),test_fdb_500(500),17
3.0,0.858433734939759,0.8189655172413793,0.9018987341772152,0.3939393939393939,0.8125,0.26,incel-bert-base-multilingual-cased-100k_italian,3642,train_incelsis(3642),dev_incelsis(780),test_fdb_500(500),17
4.0,0.8544600938967135,0.8452012383900929,0.8639240506329114,0.367816091954023,0.7868852459016393,0.24,incel-bert-base-multilingual-cased-100k_italian,3642,train_incelsis(3642),dev_incelsis(780),test_fdb_500(500),17
