epoch,val_f1,val_prec,val_rec,test_f1,test_prec,test_rec,model,train_len,train_set(s),dev_set(s),test_set(s),run_id
1.0,0.8422818791946308,0.8964285714285715,0.7943037974683544,0.21645021645021645,0.8064516129032258,0.125,incel-bert-base-multilingual-cased-100k_italian,3642,train_incelsis(3642),dev_incelsis(780),test_fdb_500(500),17
2.0,0.844776119402985,0.7994350282485876,0.8955696202531646,0.3939393939393939,0.8125,0.26,incel-bert-base-multilingual-cased-100k_italian,3642,train_incelsis(3642),dev_incelsis(780),test_fdb_500(500),17
3.0,0.8367670364500792,0.8380952380952381,0.8354430379746836,0.33463035019455256,0.7543859649122807,0.215,incel-bert-base-multilingual-cased-100k_italian,3642,train_incelsis(3642),dev_incelsis(780),test_fdb_500(500),17
4.0,0.848297213622291,0.8303030303030303,0.8670886075949367,0.40590405904059046,0.7746478873239436,0.275,incel-bert-base-multilingual-cased-100k_italian,3642,train_incelsis(3642),dev_incelsis(780),test_fdb_500(500),17
