epoch,val_f1,val_prec,val_rec,test_f1,test_prec,test_rec,model,train_len,train_set(s),dev_set(s),test_set(s),run_id
1.0,0.8270440251572327,0.821875,0.8322784810126582,0.8258706467661692,0.8006430868167203,0.8527397260273972,incel-bert-base-uncased-10k_english,3642,train_incelsis(3642),dev_incelsis(780),test_incelsis(781),0
2.0,0.8774193548387097,0.8947368421052632,0.8607594936708861,0.8475177304964538,0.8786764705882353,0.8184931506849316,incel-bert-base-uncased-10k_english,3642,train_incelsis(3642),dev_incelsis(780),test_incelsis(781),0
3.0,0.8668730650154798,0.8484848484848485,0.8860759493670886,0.8676716917922948,0.8491803278688524,0.886986301369863,incel-bert-base-uncased-10k_english,3642,train_incelsis(3642),dev_incelsis(780),test_incelsis(781),0
4.0,0.8684627575277338,0.8698412698412699,0.8670886075949367,0.8660869565217391,0.8798586572438163,0.8527397260273972,incel-bert-base-uncased-10k_english,3642,train_incelsis(3642),dev_incelsis(780),test_incelsis(781),0
