epoch,val_f1,val_prec,val_rec,test_f1,test_prec,test_rec,model,train_len,train_set(s),dev_set(s),test_set(s),run_id
1.0,0.8333333333333334,0.8441558441558441,0.8227848101265823,0.8296795952782462,0.8172757475083057,0.8424657534246576,incel-roberta-base-10k_english,3642,train_incelsis(3642),dev_incelsis(780),test_incelsis(781),0
2.0,0.8316498316498316,0.8884892086330936,0.7816455696202531,0.843462246777164,0.9123505976095617,0.7842465753424658,incel-roberta-base-10k_english,3642,train_incelsis(3642),dev_incelsis(780),test_incelsis(781),0
3.0,0.856269113149847,0.8284023668639053,0.8860759493670886,0.8472906403940886,0.8138801261829653,0.8835616438356164,incel-roberta-base-10k_english,3642,train_incelsis(3642),dev_incelsis(780),test_incelsis(781),0
4.0,0.8611111111111112,0.8403614457831325,0.8829113924050633,0.8429752066115702,0.8146964856230032,0.8732876712328768,incel-roberta-base-10k_english,3642,train_incelsis(3642),dev_incelsis(780),test_incelsis(781),0
