epoch,val_f1,val_prec,val_rec,test_f1,test_prec,test_rec,model,train_len,train_set(s),dev_set(s),test_set(s),run_id
1.0,0.8216560509554139,0.8269230769230769,0.8164556962025317,0.807495741056218,0.8033898305084746,0.8116438356164384,incel-roberta-base-10k_english,3642,train_incelsis(3642),dev_incelsis(780),test_incelsis(781),0
2.0,0.8417818740399385,0.817910447761194,0.8670886075949367,0.8336134453781513,0.8184818481848185,0.8493150684931506,incel-roberta-base-10k_english,3642,train_incelsis(3642),dev_incelsis(780),test_incelsis(781),0
3.0,0.8567073170731707,0.8264705882352941,0.8892405063291139,0.8396694214876034,0.8115015974440895,0.8698630136986302,incel-roberta-base-10k_english,3642,train_incelsis(3642),dev_incelsis(780),test_incelsis(781),0
4.0,0.8496932515337423,0.8244047619047619,0.8765822784810127,0.8394648829431437,0.8202614379084967,0.8595890410958904,incel-roberta-base-10k_english,3642,train_incelsis(3642),dev_incelsis(780),test_incelsis(781),0
