epoch,val_f1,val_prec,val_rec,test_f1,test_prec,test_rec,model,train_len,train_set(s),dev_set(s),test_set(s),run_id
1.0,0.8682926829268292,0.8929765886287625,0.8449367088607594,0.8591549295774648,0.8840579710144928,0.8356164383561644,incel-bert-base-uncased-1000k_english,3642,train_incelsis(3642),dev_incelsis(780),test_incelsis(781),0
2.0,0.8740031897926636,0.8810289389067524,0.8670886075949367,0.8631578947368422,0.8848920863309353,0.8424657534246576,incel-bert-base-uncased-1000k_english,3642,train_incelsis(3642),dev_incelsis(780),test_incelsis(781),0
3.0,0.8738461538461538,0.8502994011976048,0.8987341772151899,0.8764805414551607,0.8662207357859532,0.886986301369863,incel-bert-base-uncased-1000k_english,3642,train_incelsis(3642),dev_incelsis(780),test_incelsis(781),0
4.0,0.8738461538461538,0.8502994011976048,0.8987341772151899,0.8783783783783784,0.8666666666666667,0.8904109589041096,incel-bert-base-uncased-1000k_english,3642,train_incelsis(3642),dev_incelsis(780),test_incelsis(781),0
