epoch,val_f1,val_prec,val_rec,test_f1,test_prec,test_rec,model,train_len,train_set(s),dev_set(s),test_set(s),run_id
1.0,0.8580152671755725,0.8289085545722714,0.8892405063291139,0.8352365415986948,0.7975077881619937,0.8767123287671232,incel-bert-base-uncased-1000k_english,7284,"train_incelsis(3642)
hateval_train(3642)",dev_incelsis(780),test_incelsis(781),2
2.0,0.8811410459587955,0.8825396825396825,0.879746835443038,0.8421052631578948,0.8633093525179856,0.821917808219178,incel-bert-base-uncased-1000k_english,7284,"train_incelsis(3642)
hateval_train(3642)",dev_incelsis(780),test_incelsis(781),2
3.0,0.891271056661562,0.8635014836795252,0.9208860759493671,0.836424957841484,0.8239202657807309,0.8493150684931506,incel-bert-base-uncased-1000k_english,7284,"train_incelsis(3642)
hateval_train(3642)",dev_incelsis(780),test_incelsis(781),2
4.0,0.8823529411764706,0.8636363636363636,0.9018987341772152,0.8493150684931505,0.8493150684931506,0.8493150684931506,incel-bert-base-uncased-1000k_english,7284,"train_incelsis(3642)
hateval_train(3642)",dev_incelsis(780),test_incelsis(781),2
