epoch,val_f1,val_prec,val_rec,test_f1,test_prec,test_rec,model,train_len,train_set(s),dev_set(s),test_set(s),run_id
1.0,0.8562197092084007,0.8745874587458746,0.8386075949367089,0.8364888123924268,0.8408304498269896,0.8321917808219178,incel-bert-base-uncased-1000k_english,10926,"train_incelsis(3642)
hateval_train(3642)
davidson(3642)",dev_incelsis(780),test_incelsis(781),3
2.0,0.8734567901234569,0.8524096385542169,0.8955696202531646,0.8500823723228995,0.819047619047619,0.8835616438356164,incel-bert-base-uncased-1000k_english,10926,"train_incelsis(3642)
hateval_train(3642)
davidson(3642)",dev_incelsis(780),test_incelsis(781),3
3.0,0.8722741433021807,0.8588957055214724,0.8860759493670886,0.8481848184818482,0.8184713375796179,0.8801369863013698,incel-bert-base-uncased-1000k_english,10926,"train_incelsis(3642)
hateval_train(3642)
davidson(3642)",dev_incelsis(780),test_incelsis(781),3
4.0,0.8749999999999999,0.8641975308641975,0.8860759493670886,0.8462809917355372,0.8178913738019169,0.8767123287671232,incel-bert-base-uncased-1000k_english,10926,"train_incelsis(3642)
hateval_train(3642)
davidson(3642)",dev_incelsis(780),test_incelsis(781),3
