epoch,val_f1,val_prec,val_rec,test_f1,test_prec,test_rec,model,train_len,train_set(s),dev_set(s),test_set(s),run_id
1.0,0.525879917184265,0.7604790419161677,0.40189873417721517,0.5258620689655173,0.7093023255813954,0.4178082191780822,incel-bert-base-uncased-1000k_english,4500,train_hateval_2019_english(4500),dev_incelsis(780),test_incelsis(781),4
2.0,0.5300207039337475,0.7664670658682635,0.4050632911392405,0.5344827586206897,0.7209302325581395,0.4246575342465753,incel-bert-base-uncased-1000k_english,4500,train_hateval_2019_english(4500),dev_incelsis(780),test_incelsis(781),4
3.0,0.525879917184265,0.7604790419161677,0.40189873417721517,0.5098039215686274,0.7005988023952096,0.4006849315068493,incel-bert-base-uncased-1000k_english,4500,train_hateval_2019_english(4500),dev_incelsis(780),test_incelsis(781),4
4.0,0.5582329317269076,0.7637362637362637,0.439873417721519,0.5299145299145299,0.7045454545454546,0.4246575342465753,incel-bert-base-uncased-1000k_english,4500,train_hateval_2019_english(4500),dev_incelsis(780),test_incelsis(781),4
