epoch,val_f1,val_prec,val_rec,test_f1,test_prec,test_rec,model,train_len,train_set(s),dev_set(s),test_set(s),run_id
1.0,0.6678507992895204,0.7611336032388664,0.5949367088607594,0.734402852049911,0.7657992565055762,0.7054794520547946,incel-bert-base-uncased-1000k_english,21848,"train_davidson(17348)
train_hateval_2019_english(4500)",dev_incelsis(780),test_incelsis(781),5
2.0,0.6972789115646258,0.7536764705882353,0.6487341772151899,0.7655986509274874,0.7541528239202658,0.7773972602739726,incel-bert-base-uncased-1000k_english,21848,"train_davidson(17348)
train_hateval_2019_english(4500)",dev_incelsis(780),test_incelsis(781),5
3.0,0.7109634551495017,0.7482517482517482,0.6772151898734177,0.7495908346972177,0.7178683385579937,0.7842465753424658,incel-bert-base-uncased-1000k_english,21848,"train_davidson(17348)
train_hateval_2019_english(4500)",dev_incelsis(780),test_incelsis(781),5
4.0,0.7119741100323624,0.7284768211920529,0.6962025316455697,0.7536231884057972,0.7112462006079028,0.8013698630136986,incel-bert-base-uncased-1000k_english,21848,"train_davidson(17348)
train_hateval_2019_english(4500)",dev_incelsis(780),test_incelsis(781),5
