epoch,val_f1,val_prec,val_rec,test_f1,test_prec,test_rec,model,train_len,train_set(s),dev_set(s),test_set(s),run_id
1.0,0.825,0.8148148148148148,0.8354430379746836,0.8344594594594594,0.8233333333333334,0.8458904109589042,HateBERT,3642,train_incelsis(3642),dev_incelsis(780),test_incelsis(781),0
2.0,0.8382838283828382,0.8758620689655172,0.8037974683544303,0.8312611012433393,0.8634686346863468,0.8013698630136986,HateBERT,3642,train_incelsis(3642),dev_incelsis(780),test_incelsis(781),0
3.0,0.8566978193146417,0.843558282208589,0.870253164556962,0.8403361344537815,0.8250825082508251,0.8561643835616438,HateBERT,3642,train_incelsis(3642),dev_incelsis(780),test_incelsis(781),0
4.0,0.861244019138756,0.8681672025723473,0.8544303797468354,0.8556521739130434,0.8692579505300353,0.8424657534246576,HateBERT,3642,train_incelsis(3642),dev_incelsis(780),test_incelsis(781),0
