epoch,val_f1,val_prec,val_rec,test_f1,test_prec,test_rec,model,train_len,train_set(s),dev_set(s),test_set(s),run_id
1.0,0.8656250000000001,0.8549382716049383,0.8765822784810127,0.7199999999999999,0.6923076923076923,0.75,incel-bert-base-uncased-1000k_english,3642,train_incelsis(3642),dev_incelsis(780),test_incelsis(481),RANLP_review_metrics_no_incel_terms
2.0,0.8803680981595092,0.8541666666666666,0.9082278481012658,0.7157894736842105,0.723404255319149,0.7083333333333334,incel-bert-base-uncased-1000k_english,3642,train_incelsis(3642),dev_incelsis(780),test_incelsis(481),RANLP_review_metrics_no_incel_terms
3.0,0.8753799392097265,0.8421052631578947,0.9113924050632911,0.7254901960784315,0.6851851851851852,0.7708333333333334,incel-bert-base-uncased-1000k_english,3642,train_incelsis(3642),dev_incelsis(780),test_incelsis(481),RANLP_review_metrics_no_incel_terms
4.0,0.8751974723538704,0.8738170347003155,0.8765822784810127,0.7272727272727272,0.7472527472527473,0.7083333333333334,incel-bert-base-uncased-1000k_english,3642,train_incelsis(3642),dev_incelsis(780),test_incelsis(481),RANLP_review_metrics_no_incel_terms
