epoch,val_f1,val_prec,val_rec,test_f1,test_prec,test_rec,model,train_len,train_set(s),dev_set(s),test_set(s),run_id
1.0,0.8707692307692307,0.8473053892215568,0.8955696202531646,0.6990291262135923,0.6545454545454545,0.75,incel-bert-base-uncased-1000k_english,3642,train_incelsis(3642),dev_incelsis(780),test_incelsis(481),RANLP_review_metrics_no_incel_terms
2.0,0.874806800618238,0.8549848942598187,0.8955696202531646,0.7373737373737373,0.7156862745098039,0.7604166666666666,incel-bert-base-uncased-1000k_english,3642,train_incelsis(3642),dev_incelsis(780),test_incelsis(481),RANLP_review_metrics_no_incel_terms
3.0,0.8721109399075502,0.8498498498498499,0.8955696202531646,0.7450980392156864,0.7037037037037037,0.7916666666666666,incel-bert-base-uncased-1000k_english,3642,train_incelsis(3642),dev_incelsis(780),test_incelsis(481),RANLP_review_metrics_no_incel_terms
4.0,0.8794992175273866,0.8699690402476781,0.8892405063291139,0.7272727272727272,0.7058823529411765,0.75,incel-bert-base-uncased-1000k_english,3642,train_incelsis(3642),dev_incelsis(780),test_incelsis(481),RANLP_review_metrics_no_incel_terms
