epoch,val_f1,val_prec,val_rec,test_f1,test_prec,test_rec,model,train_len,train_set(s),dev_set(s),test_set(s),run_id
1.0,0.8151815181518152,0.8517241379310345,0.7816455696202531,0.8210526315789473,0.841726618705036,0.8013698630136986,bert-base-uncased,3642,train_incelsis(3642),dev_incelsis(780),test_incelsis(781),0
2.0,0.8606431852986217,0.8338278931750742,0.8892405063291139,0.833052276559865,0.8205980066445183,0.8458904109589042,bert-base-uncased,3642,train_incelsis(3642),dev_incelsis(780),test_incelsis(781),0
3.0,0.8502415458937198,0.8655737704918033,0.8354430379746836,0.8392857142857142,0.8768656716417911,0.8047945205479452,bert-base-uncased,3642,train_incelsis(3642),dev_incelsis(780),test_incelsis(781),0
4.0,0.8525641025641025,0.8636363636363636,0.8417721518987342,0.8439716312056739,0.875,0.815068493150685,bert-base-uncased,3642,train_incelsis(3642),dev_incelsis(780),test_incelsis(781),0
