epoch,val_f1,val_prec,val_rec,test_f1,test_prec,test_rec,model,train_len,train_set(s),dev_set(s),test_set(s),run_id
1.0,0.8333333333333333,0.828125,0.8386075949367089,0.832214765100671,0.8157894736842105,0.8493150684931506,bert-base-uncased,8142,"train_hateval_2019_english(4500)
train_incelsis(3642)",dev_incelsis(780),test_incelsis(781),10
2.0,0.8462757527733755,0.8476190476190476,0.8449367088607594,0.839041095890411,0.839041095890411,0.839041095890411,bert-base-uncased,8142,"train_hateval_2019_english(4500)
train_incelsis(3642)",dev_incelsis(780),test_incelsis(781),10
3.0,0.8388059701492537,0.7937853107344632,0.8892405063291139,0.831973898858075,0.794392523364486,0.8732876712328768,bert-base-uncased,8142,"train_hateval_2019_english(4500)
train_incelsis(3642)",dev_incelsis(780),test_incelsis(781),10
4.0,0.8495297805642633,0.8416149068322981,0.8575949367088608,0.8368055555555556,0.8485915492957746,0.8253424657534246,bert-base-uncased,8142,"train_hateval_2019_english(4500)
train_incelsis(3642)",dev_incelsis(780),test_incelsis(781),10
