epoch,val_f1,val_prec,val_rec,test_f1,test_prec,test_rec,model,train_len,train_set(s),dev_set(s),test_set(s),run_id
1.0,0.8225806451612904,0.8388157894736842,0.8069620253164557,0.8358714043993232,0.8260869565217391,0.8458904109589042,bert-base-uncased,8142,"train_hateval_2019_english(4500)
train_incelsis(3642)",dev_incelsis(780),test_incelsis(781),10
2.0,0.848297213622291,0.8303030303030303,0.8670886075949367,0.8372093023255814,0.8129032258064516,0.863013698630137,bert-base-uncased,8142,"train_hateval_2019_english(4500)
train_incelsis(3642)",dev_incelsis(780),test_incelsis(781),10
3.0,0.838038632986627,0.7899159663865546,0.8924050632911392,0.8243021346469622,0.7917981072555205,0.8595890410958904,bert-base-uncased,8142,"train_hateval_2019_english(4500)
train_incelsis(3642)",dev_incelsis(780),test_incelsis(781),10
4.0,0.8489666136724959,0.853035143769968,0.8449367088607594,0.8385964912280702,0.8597122302158273,0.8184931506849316,bert-base-uncased,8142,"train_hateval_2019_english(4500)
train_incelsis(3642)",dev_incelsis(780),test_incelsis(781),10
