epoch,val_f1,val_prec,val_rec,test_f1,test_prec,test_rec,model,train_len,train_set(s),dev_set(s),test_set(s),run_id
1.0,0.8686534216335541,0.8610503282275711,0.876391982182628,0.8521444695259593,0.8398220244716351,0.8648339060710195,bert-base-uncased,9624,hatexplain_binary_train(9624),hatexplain_binary_dev(2062),hatexplain_binary_test(2063),11
2.0,0.8735005452562705,0.8557692307692307,0.8919821826280624,0.8601909039865244,0.8436123348017621,0.8774341351660939,bert-base-uncased,9624,hatexplain_binary_train(9624),hatexplain_binary_dev(2062),hatexplain_binary_test(2063),11
3.0,0.8712206047032474,0.8761261261261262,0.8663697104677061,0.8551564310544612,0.8651817116060961,0.845360824742268,bert-base-uncased,9624,hatexplain_binary_train(9624),hatexplain_binary_dev(2062),hatexplain_binary_test(2063),11
4.0,0.8705234159779616,0.861504907306434,0.8797327394209354,0.8556818181818182,0.8489289740698985,0.8625429553264605,bert-base-uncased,9624,hatexplain_binary_train(9624),hatexplain_binary_dev(2062),hatexplain_binary_test(2063),11
