epoch,val_f1,val_prec,val_rec,test_f1,test_prec,test_rec,model,train_len,train_set(s),dev_set(s),test_set(s),run_id
1.0,0.41395348837209306,0.7807017543859649,0.28164556962025317,0.42679900744416877,0.7747747747747747,0.2945205479452055,bert-base-uncased,9624,hatexplain_binary_train(9624),dev_incelsis(780),test_incelsis(781),12
2.0,0.49367088607594933,0.740506329113924,0.370253164556962,0.5309734513274337,0.75,0.410958904109589,bert-base-uncased,9624,hatexplain_binary_train(9624),dev_incelsis(780),test_incelsis(781),12
3.0,0.445945945945946,0.7734375,0.31329113924050633,0.4880382775119617,0.8095238095238095,0.3493150684931507,bert-base-uncased,9624,hatexplain_binary_train(9624),dev_incelsis(780),test_incelsis(781),12
4.0,0.5311203319502075,0.7710843373493976,0.4050632911392405,0.550537634408602,0.7398843930635838,0.4383561643835616,bert-base-uncased,9624,hatexplain_binary_train(9624),dev_incelsis(780),test_incelsis(781),12
