epoch,val_f1,val_prec,val_rec,test_f1,test_prec,test_rec,model,train_len,train_set(s),dev_set(s),test_set(s),run_id
1.0,0.8231046931407943,0.957983193277311,0.7215189873417721,0.8131021194605009,0.9295154185022027,0.7226027397260274,bert-base-uncased,13266,"hatexplain_binary_train(9624)
train_incelsis(3642)",dev_incelsis(780),test_incelsis(781),13
2.0,0.8391167192429022,0.8364779874213837,0.8417721518987342,0.8426395939086295,0.8327759197324415,0.8527397260273972,bert-base-uncased,13266,"hatexplain_binary_train(9624)
train_incelsis(3642)",dev_incelsis(780),test_incelsis(781),13
3.0,0.8504672897196263,0.8374233128834356,0.8639240506329114,0.8392554991539762,0.8294314381270903,0.8493150684931506,bert-base-uncased,13266,"hatexplain_binary_train(9624)
train_incelsis(3642)",dev_incelsis(780),test_incelsis(781),13
4.0,0.8621794871794872,0.8733766233766234,0.8512658227848101,0.8408304498269896,0.8496503496503497,0.8321917808219178,bert-base-uncased,13266,"hatexplain_binary_train(9624)
train_incelsis(3642)",dev_incelsis(780),test_incelsis(781),13
