epoch,val_f1,val_prec,val_rec,test_f1,test_prec,test_rec,model,train_len,train_set(s),dev_set(s),test_set(s),run_id
1.0,0.806509945750452,0.9409282700421941,0.7056962025316456,0.8206106870229007,0.9267241379310345,0.7363013698630136,bert-base-uncased,13266,"hatexplain_binary_train(9624)
train_incelsis(3642)",dev_incelsis(780),test_incelsis(781),13
2.0,0.8314960629921261,0.8275862068965517,0.8354430379746836,0.8316498316498316,0.8178807947019867,0.8458904109589042,bert-base-uncased,13266,"hatexplain_binary_train(9624)
train_incelsis(3642)",dev_incelsis(780),test_incelsis(781),13
3.0,0.8453292496171516,0.8189910979228486,0.8734177215189873,0.8211920529801324,0.7948717948717948,0.8493150684931506,bert-base-uncased,13266,"hatexplain_binary_train(9624)
train_incelsis(3642)",dev_incelsis(780),test_incelsis(781),13
4.0,0.846153846153846,0.8571428571428571,0.8354430379746836,0.830715532286213,0.8469750889679716,0.815068493150685,bert-base-uncased,13266,"hatexplain_binary_train(9624)
train_incelsis(3642)",dev_incelsis(780),test_incelsis(781),13
