epoch,val_f1,val_prec,val_rec,test_f1,test_prec,test_rec,model,train_len,train_set(s),dev_set(s),test_set(s),run_id
1.0,0.8473520249221184,0.8343558282208589,0.8607594936708861,0.833052276559865,0.8205980066445183,0.8458904109589042,bert-base-uncased,11134,"df_stormfront_train(7492)
train_incelsis(3642)",dev_incelsis(780),test_incelsis(781),15
2.0,0.8473053892215567,0.8039772727272727,0.8955696202531646,0.8402555910543131,0.7874251497005988,0.9006849315068494,bert-base-uncased,11134,"df_stormfront_train(7492)
train_incelsis(3642)",dev_incelsis(780),test_incelsis(781),15
3.0,0.8462757527733755,0.8476190476190476,0.8449367088607594,0.8512820512820513,0.8498293515358362,0.8527397260273972,bert-base-uncased,11134,"df_stormfront_train(7492)
train_incelsis(3642)",dev_incelsis(780),test_incelsis(781),15
4.0,0.8521462639109697,0.8562300319488818,0.8481012658227848,0.8487972508591066,0.8517241379310345,0.8458904109589042,bert-base-uncased,11134,"df_stormfront_train(7492)
train_incelsis(3642)",dev_incelsis(780),test_incelsis(781),15
