epoch,val_f1,val_prec,val_rec,test_f1,test_prec,test_rec,model,train_len,train_set(s),dev_set(s),test_set(s),run_id
1.0,0.8388157894736843,0.8732876712328768,0.8069620253164557,0.8348134991119005,0.8671586715867159,0.8047945205479452,bert-base-uncased,15634,"df_stormfront_train(7492)
train_hateval_2019_english(4500)
train_incelsis(3642)",dev_incelsis(780),test_incelsis(781),16
2.0,0.8433333333333334,0.8908450704225352,0.8006329113924051,0.8411552346570398,0.8893129770992366,0.797945205479452,bert-base-uncased,15634,"df_stormfront_train(7492)
train_hateval_2019_english(4500)
train_incelsis(3642)",dev_incelsis(780),test_incelsis(781),16
3.0,0.849445324881141,0.8507936507936508,0.8481012658227848,0.8625429553264604,0.8655172413793103,0.8595890410958904,bert-base-uncased,15634,"df_stormfront_train(7492)
train_hateval_2019_english(4500)
train_incelsis(3642)",dev_incelsis(780),test_incelsis(781),16
4.0,0.8522550544323484,0.8379204892966361,0.8670886075949367,0.8556876061120544,0.8484848484848485,0.863013698630137,bert-base-uncased,15634,"df_stormfront_train(7492)
train_hateval_2019_english(4500)
train_incelsis(3642)",dev_incelsis(780),test_incelsis(781),16
