epoch,val_f1,val_prec,val_rec,test_f1,test_prec,test_rec,model,train_len,train_set(s),dev_set(s),test_set(s),run_id
1.0,0.8272583201267829,0.8285714285714286,0.8259493670886076,0.8145695364238411,0.7884615384615384,0.8424657534246576,bert-base-uncased,10926,"train_incelsis(3642)
hateval_train(3642)
davidson(3642)",dev_incelsis(780),test_incelsis(781),3
2.0,0.846153846153846,0.8571428571428571,0.8354430379746836,0.8392554991539762,0.8294314381270903,0.8493150684931506,bert-base-uncased,10926,"train_incelsis(3642)
hateval_train(3642)
davidson(3642)",dev_incelsis(780),test_incelsis(781),3
3.0,0.8633540372670808,0.8475609756097561,0.879746835443038,0.8442211055276382,0.8262295081967214,0.863013698630137,bert-base-uncased,10926,"train_incelsis(3642)
hateval_train(3642)
davidson(3642)",dev_incelsis(780),test_incelsis(781),3
4.0,0.8520900321543409,0.8660130718954249,0.8386075949367089,0.8452173913043478,0.8586572438162544,0.8321917808219178,bert-base-uncased,10926,"train_incelsis(3642)
hateval_train(3642)
davidson(3642)",dev_incelsis(780),test_incelsis(781),3
