epoch,val_f1,val_prec,val_rec,test_f1,test_prec,test_rec,model,train_len,train_set(s),dev_set(s),test_set(s),run_id
1.0,0.4116331096196868,0.7022900763358778,0.2911392405063291,0.43317972350230416,0.6619718309859155,0.3219178082191781,bert-base-uncased,4500,train_hateval_2019_english(4500),dev_incelsis(780),test_incelsis(781),4
2.0,0.3822843822843822,0.7256637168141593,0.25949367088607594,0.37220843672456577,0.6756756756756757,0.2568493150684932,bert-base-uncased,4500,train_hateval_2019_english(4500),dev_incelsis(780),test_incelsis(781),4
3.0,0.4045977011494253,0.7394957983193278,0.27848101265822783,0.3737864077669903,0.6416666666666667,0.2636986301369863,bert-base-uncased,4500,train_hateval_2019_english(4500),dev_incelsis(780),test_incelsis(781),4
4.0,0.4323144104803493,0.6971830985915493,0.31329113924050633,0.4037122969837587,0.6258992805755396,0.2979452054794521,bert-base-uncased,4500,train_hateval_2019_english(4500),dev_incelsis(780),test_incelsis(781),4
