epoch,val_f1,val_prec,val_rec,test_f1,test_prec,test_rec,model,train_len,train_set(s),dev_set(s),test_set(s),run_id
1.0,0.4026845637583893,0.6870229007633588,0.2848101265822785,0.3980815347721823,0.664,0.2842465753424658,bert-base-uncased,4500,train_hateval_2019_english(4500),dev_incelsis(780),test_incelsis(781),4
2.0,0.4434968017057569,0.6797385620915033,0.3291139240506329,0.4810690423162583,0.6878980891719745,0.3698630136986301,bert-base-uncased,4500,train_hateval_2019_english(4500),dev_incelsis(780),test_incelsis(781),4
3.0,0.4387096774193548,0.6845637583892618,0.3227848101265823,0.47619047619047616,0.7046979865771812,0.3595890410958904,bert-base-uncased,4500,train_hateval_2019_english(4500),dev_incelsis(780),test_incelsis(781),4
4.0,0.43137254901960775,0.6923076923076923,0.31329113924050633,0.4583333333333333,0.7071428571428572,0.339041095890411,bert-base-uncased,4500,train_hateval_2019_english(4500),dev_incelsis(780),test_incelsis(781),4
