epoch,val_f1,val_prec,val_rec,test_f1,test_prec,test_rec,model,train_len,train_set(s),dev_set(s),test_set(s),run_id
1.0,0.5138004246284502,0.7806451612903226,0.3829113924050633,0.5810526315789475,0.7540983606557377,0.4726027397260274,bert-base-uncased,21848,"train_davidson(17348)
train_hateval_2019_english(4500)",dev_incelsis(780),test_incelsis(781),5
2.0,0.5252100840336136,0.78125,0.39556962025316456,0.5894736842105263,0.7650273224043715,0.4794520547945205,bert-base-uncased,21848,"train_davidson(17348)
train_hateval_2019_english(4500)",dev_incelsis(780),test_incelsis(781),5
3.0,0.634315424610052,0.7011494252873564,0.5791139240506329,0.6690647482014388,0.7045454545454546,0.636986301369863,bert-base-uncased,21848,"train_davidson(17348)
train_hateval_2019_english(4500)",dev_incelsis(780),test_incelsis(781),5
4.0,0.6481802426343155,0.7164750957854407,0.5917721518987342,0.6569872958257713,0.6988416988416989,0.6198630136986302,bert-base-uncased,21848,"train_davidson(17348)
train_hateval_2019_english(4500)",dev_incelsis(780),test_incelsis(781),5
