epoch,val_f1,val_prec,val_rec,test_f1,test_prec,test_rec,model,train_len,train_set(s),dev_set(s),test_set(s),run_id
1.0,0.5483234714003945,0.7277486910994765,0.439873417721519,0.5992063492063492,0.7122641509433962,0.5171232876712328,bert-base-uncased,21848,"train_davidson(17348)
train_hateval_2019_english(4500)",dev_incelsis(780),test_incelsis(781),5
2.0,0.5593561368209256,0.7679558011049724,0.439873417721519,0.6342412451361868,0.7342342342342343,0.5582191780821918,bert-base-uncased,21848,"train_davidson(17348)
train_hateval_2019_english(4500)",dev_incelsis(780),test_incelsis(781),5
3.0,0.6199261992619925,0.7433628318584071,0.5316455696202531,0.6690777576853526,0.7088122605363985,0.6335616438356164,bert-base-uncased,21848,"train_davidson(17348)
train_hateval_2019_english(4500)",dev_incelsis(780),test_incelsis(781),5
4.0,0.5984848484848485,0.7452830188679245,0.5,0.6394052044609665,0.6991869918699187,0.589041095890411,bert-base-uncased,21848,"train_davidson(17348)
train_hateval_2019_english(4500)",dev_incelsis(780),test_incelsis(781),5
