epoch,val_f1,val_prec,val_rec,test_f1,test_prec,test_rec,model,train_len,train_set(s),dev_set(s),test_set(s),run_id
1.0,0.4503311258278146,0.7445255474452555,0.3227848101265823,0.5272331154684096,0.7245508982035929,0.4143835616438356,bert-base-uncased,17348,train_davidson(17348),dev_incelsis(780),test_incelsis(781),7
2.0,0.39819004524886875,0.6984126984126984,0.27848101265822783,0.4977168949771689,0.7465753424657534,0.3732876712328767,bert-base-uncased,17348,train_davidson(17348),dev_incelsis(780),test_incelsis(781),7
3.0,0.5142857142857143,0.645933014354067,0.4272151898734177,0.5871212121212122,0.6567796610169492,0.5308219178082192,bert-base-uncased,17348,train_davidson(17348),dev_incelsis(780),test_incelsis(781),7
4.0,0.5294117647058824,0.631578947368421,0.45569620253164556,0.5974499089253188,0.6381322957198443,0.5616438356164384,bert-base-uncased,17348,train_davidson(17348),dev_incelsis(780),test_incelsis(781),7
