epoch,val_f1,val_prec,val_rec,test_f1,test_prec,test_rec,model,train_len,train_set(s),dev_set(s),test_set(s),run_id
1.0,0.4365256124721603,0.7368421052631579,0.310126582278481,0.532150776053215,0.7547169811320755,0.410958904109589,bert-base-uncased,17348,train_davidson(17348),dev_incelsis(780),test_incelsis(781),7
2.0,0.43162393162393164,0.6644736842105263,0.31962025316455694,0.5810526315789475,0.7540983606557377,0.4726027397260274,bert-base-uncased,17348,train_davidson(17348),dev_incelsis(780),test_incelsis(781),7
3.0,0.5427509293680297,0.6576576576576577,0.4620253164556962,0.6233766233766234,0.680161943319838,0.5753424657534246,bert-base-uncased,17348,train_davidson(17348),dev_incelsis(780),test_incelsis(781),7
4.0,0.5652951699463328,0.6502057613168725,0.5,0.6098003629764065,0.6486486486486487,0.5753424657534246,bert-base-uncased,17348,train_davidson(17348),dev_incelsis(780),test_incelsis(781),7
