epoch,val_f1,val_prec,val_rec,test_f1,test_prec,test_rec,model,train_len,train_set(s),dev_set(s),test_set(s),run_id
1.0,0.4916030534351145,0.5897435897435898,0.4214659685863874,0.5281250000000001,0.6389413988657845,0.45006657789613846,bert-base-uncased,25490,"train_davidson(17348)
train_hateval_2019_english(4500)
train_incelsis(3642)",dev_davidson(3717),test_davidson(3718),9
2.0,0.5422667501565436,0.5198079231692677,0.5667539267015707,0.5742574257425742,0.5364161849710982,0.6178428761651131,bert-base-uncased,25490,"train_davidson(17348)
train_hateval_2019_english(4500)
train_incelsis(3642)",dev_davidson(3717),test_davidson(3718),9
3.0,0.5313887127457199,0.5153751537515375,0.5484293193717278,0.5623812539582014,0.5362318840579711,0.5912117177097204,bert-base-uncased,25490,"train_davidson(17348)
train_hateval_2019_english(4500)
train_incelsis(3642)",dev_davidson(3717),test_davidson(3718),9
4.0,0.5151710781149128,0.5082802547770701,0.5222513089005235,0.538961038961039,0.5259822560202788,0.5525965379494008,bert-base-uncased,25490,"train_davidson(17348)
train_hateval_2019_english(4500)
train_incelsis(3642)",dev_davidson(3717),test_davidson(3718),9
