epoch,val_f1,val_prec,val_rec,test_f1,test_prec,test_rec,model,train_len,train_set(s),dev_set(s),test_set(s),run_id
1.0,0.856682769726248,0.8721311475409836,0.8417721518987342,0.8571428571428572,0.8615916955017301,0.8527397260273972,incel-bert-base-uncased-1000k_english,3642,train_incelsis(3642),dev_incelsis(780),test_incelsis(781),0
2.0,0.8717948717948718,0.8831168831168831,0.8607594936708861,0.8650519031141868,0.8741258741258742,0.8561643835616438,incel-bert-base-uncased-1000k_english,3642,train_incelsis(3642),dev_incelsis(780),test_incelsis(781),0
3.0,0.8738461538461538,0.8502994011976048,0.8987341772151899,0.8781302170283807,0.8566775244299675,0.9006849315068494,incel-bert-base-uncased-1000k_english,3642,train_incelsis(3642),dev_incelsis(780),test_incelsis(781),0
4.0,0.8725038402457758,0.8477611940298507,0.8987341772151899,0.8785357737104824,0.8543689320388349,0.9041095890410958,incel-bert-base-uncased-1000k_english,3642,train_incelsis(3642),dev_incelsis(780),test_incelsis(781),0
