epoch,val_f1,val_prec,val_rec,test_f1,test_prec,test_rec,model,train_len,train_set(s),dev_set(s),test_set(s),run_id
1.0,0.8637770897832818,0.8454545454545455,0.8829113924050633,0.8557377049180328,0.8207547169811321,0.8938356164383562,incel-bert-base-uncased-1000k_english,8142,"train_hateval_2019_english(4500)
train_incelsis(3642)",dev_incelsis(780),test_incelsis(781),10
2.0,0.8742331288343559,0.8482142857142857,0.9018987341772152,0.8481848184818482,0.8184713375796179,0.8801369863013698,incel-bert-base-uncased-1000k_english,8142,"train_hateval_2019_english(4500)
train_incelsis(3642)",dev_incelsis(780),test_incelsis(781),10
3.0,0.8792569659442724,0.8606060606060606,0.8987341772151899,0.8480801335559266,0.8273615635179153,0.8698630136986302,incel-bert-base-uncased-1000k_english,8142,"train_hateval_2019_english(4500)
train_incelsis(3642)",dev_incelsis(780),test_incelsis(781),10
4.0,0.8826291079812206,0.8730650154798761,0.8924050632911392,0.8527918781725887,0.842809364548495,0.863013698630137,incel-bert-base-uncased-1000k_english,8142,"train_hateval_2019_english(4500)
train_incelsis(3642)",dev_incelsis(780),test_incelsis(781),10
