epoch,val_f1,val_prec,val_rec,test_f1,test_prec,test_rec,model,train_len,train_set(s),dev_set(s),test_set(s),run_id
1.0,0.8533333333333334,0.9014084507042254,0.810126582278481,0.8468468468468469,0.8935361216730038,0.8047945205479452,incel-bert-base-uncased-1000k_english,17766,"hatexplain_binary_train(9624)
train_hateval_2019_english(4500)
train_incelsis(3642)",dev_incelsis(780),test_incelsis(781),14
2.0,0.8703703703703705,0.8493975903614458,0.8924050632911392,0.8538587848932676,0.8201892744479495,0.8904109589041096,incel-bert-base-uncased-1000k_english,17766,"hatexplain_binary_train(9624)
train_hateval_2019_english(4500)
train_incelsis(3642)",dev_incelsis(780),test_incelsis(781),14
3.0,0.8728414442700156,0.8660436137071651,0.879746835443038,0.8692699490662138,0.8619528619528619,0.8767123287671232,incel-bert-base-uncased-1000k_english,17766,"hatexplain_binary_train(9624)
train_hateval_2019_english(4500)
train_incelsis(3642)",dev_incelsis(780),test_incelsis(781),14
4.0,0.8749999999999999,0.8641975308641975,0.8860759493670886,0.8595317725752509,0.8398692810457516,0.8801369863013698,incel-bert-base-uncased-1000k_english,17766,"hatexplain_binary_train(9624)
train_hateval_2019_english(4500)
train_incelsis(3642)",dev_incelsis(780),test_incelsis(781),14
