epoch,val_f1,val_prec,val_rec,test_f1,test_prec,test_rec,model,train_len,train_set(s),dev_set(s),test_set(s),run_id
1.0,0.8688524590163935,0.9013605442176871,0.8386075949367089,0.8461538461538461,0.8642857142857143,0.8287671232876712,incel-bert-base-uncased-1000k_english,17766,"hatexplain_binary_train(9624)
train_hateval_2019_english(4500)
train_incelsis(3642)",dev_incelsis(780),test_incelsis(781),14
2.0,0.8649468892261002,0.8309037900874635,0.9018987341772152,0.8548123980424144,0.8161993769470405,0.8972602739726028,incel-bert-base-uncased-1000k_english,17766,"hatexplain_binary_train(9624)
train_hateval_2019_english(4500)
train_incelsis(3642)",dev_incelsis(780),test_incelsis(781),14
3.0,0.8761609907120742,0.8575757575757575,0.8955696202531646,0.8561872909698995,0.8366013071895425,0.8767123287671232,incel-bert-base-uncased-1000k_english,17766,"hatexplain_binary_train(9624)
train_hateval_2019_english(4500)
train_incelsis(3642)",dev_incelsis(780),test_incelsis(781),14
4.0,0.8699690402476781,0.8515151515151516,0.8892405063291139,0.8537815126050421,0.8382838283828383,0.8698630136986302,incel-bert-base-uncased-1000k_english,17766,"hatexplain_binary_train(9624)
train_hateval_2019_english(4500)
train_incelsis(3642)",dev_incelsis(780),test_incelsis(781),14
