epoch,val_f1,val_prec,val_rec,test_f1,test_prec,test_rec,model,train_len,train_set(s),dev_set(s),test_set(s),run_id
1.0,0.6112359550561798,0.6538461538461539,0.5738396624472574,0.6329760081674323,0.46651617757712566,0.9841269841269841,incel-bert-base-uncased-1000k_english,3642,train_incelsis(3642),dev_hateval_2019_english(500),test_hateval_2019_english(1500),6
2.0,0.6222222222222222,0.6572769953051644,0.5907172995780591,0.6506159014557671,0.5025951557093425,0.9222222222222223,incel-bert-base-uncased-1000k_english,3642,train_incelsis(3642),dev_hateval_2019_english(500),test_hateval_2019_english(1500),6
3.0,0.6341463414634146,0.6682242990654206,0.6033755274261603,0.6496674057649667,0.4991482112436116,0.9301587301587302,incel-bert-base-uncased-1000k_english,3642,train_incelsis(3642),dev_hateval_2019_english(500),test_hateval_2019_english(1500),6
4.0,0.6341463414634146,0.6682242990654206,0.6033755274261603,0.6473165388828039,0.49414715719063546,0.9380952380952381,incel-bert-base-uncased-1000k_english,3642,train_incelsis(3642),dev_hateval_2019_english(500),test_hateval_2019_english(1500),6
