epoch,val_f1,val_prec,val_rec,test_f1,test_prec,test_rec,model,train_len,train_set(s),dev_set(s),test_set(s),run_id
1.0,0.6118721461187214,0.6666666666666666,0.5654008438818565,0.6509887760555852,0.49073327961321517,0.9666666666666667,incel-bert-base-uncased-1000k_english,3642,train_incelsis(3642),dev_hateval_2019_english(500),test_hateval_2019_english(1500),6
2.0,0.592255125284738,0.6435643564356436,0.5485232067510548,0.668639053254438,0.5330188679245284,0.8968253968253969,incel-bert-base-uncased-1000k_english,3642,train_incelsis(3642),dev_hateval_2019_english(500),test_hateval_2019_english(1500),6
3.0,0.6100917431192661,0.6683417085427136,0.5611814345991561,0.6647629925756711,0.5191793041926851,0.9238095238095239,incel-bert-base-uncased-1000k_english,3642,train_incelsis(3642),dev_hateval_2019_english(500),test_hateval_2019_english(1500),6
4.0,0.6153846153846154,0.6634146341463415,0.5738396624472574,0.6599099099099099,0.5113438045375218,0.9301587301587302,incel-bert-base-uncased-1000k_english,3642,train_incelsis(3642),dev_hateval_2019_english(500),test_hateval_2019_english(1500),6
