epoch,val_f1,val_prec,val_rec,test_f1,test_prec,test_rec,model,train_len,train_set(s),dev_set(s),test_set(s),run_id
1.0,0.6194690265486725,0.6511627906976745,0.5907172995780591,0.6185977125808055,0.4503982621288921,0.9873015873015873,incel-bert-base-uncased-1000k_english,3642,train_incelsis(3642),dev_hateval_2019_english(500),test_hateval_2019_english(1500),6
2.0,0.6108597285067874,0.6585365853658537,0.569620253164557,0.6708571428571429,0.5241071428571429,0.9317460317460318,incel-bert-base-uncased-1000k_english,3642,train_incelsis(3642),dev_hateval_2019_english(500),test_hateval_2019_english(1500),6
3.0,0.6377440347071583,0.65625,0.620253164556962,0.6467767714437932,0.4867682437850842,0.9634920634920635,incel-bert-base-uncased-1000k_english,3642,train_incelsis(3642),dev_hateval_2019_english(500),test_hateval_2019_english(1500),6
4.0,0.636165577342048,0.6576576576576577,0.6160337552742616,0.6540744738262277,0.49550286181520853,0.9619047619047619,incel-bert-base-uncased-1000k_english,3642,train_incelsis(3642),dev_hateval_2019_english(500),test_hateval_2019_english(1500),6
