epoch,val_f1,val_prec,val_rec,test_f1,test_prec,test_rec,model,train_len,train_set(s),dev_set(s),test_set(s),run_id
1.0,0.8419354838709676,0.8585526315789473,0.8259493670886076,0.2809917355371901,0.8095238095238095,0.17,incel-bert-base-multilingual-cased-10k_multi,3642,train_incelsis(3642),dev_incelsis(780),test_fdb_500(500),17
2.0,0.8443708609271523,0.8854166666666666,0.8069620253164557,0.28112449799196787,0.7142857142857143,0.175,incel-bert-base-multilingual-cased-10k_multi,3642,train_incelsis(3642),dev_incelsis(780),test_fdb_500(500),17
3.0,0.8353293413173651,0.7926136363636364,0.8829113924050633,0.4816053511705686,0.7272727272727273,0.36,incel-bert-base-multilingual-cased-10k_multi,3642,train_incelsis(3642),dev_incelsis(780),test_fdb_500(500),17
4.0,0.8447204968944099,0.8292682926829268,0.8607594936708861,0.44982698961937717,0.7303370786516854,0.325,incel-bert-base-multilingual-cased-10k_multi,3642,train_incelsis(3642),dev_incelsis(780),test_fdb_500(500),17
