epoch,val_f1,val_prec,val_rec,test_f1,test_prec,test_rec,model,train_len,train_set(s),dev_set(s),test_set(s),run_id
1.0,0.8085867620751342,0.9300411522633745,0.7151898734177216,0.04878048780487806,1.0,0.025,incel-bert-base-multilingual-cased-627k_italian,3642,train_incelsis(3642),dev_incelsis(780),test_fdb_500(500),17
2.0,0.8507936507936509,0.8535031847133758,0.8481012658227848,0.12037037037037038,0.8125,0.065,incel-bert-base-multilingual-cased-627k_italian,3642,train_incelsis(3642),dev_incelsis(780),test_fdb_500(500),17
3.0,0.8530805687203792,0.8517350157728707,0.8544303797468354,0.09433962264150944,0.8333333333333334,0.05,incel-bert-base-multilingual-cased-627k_italian,3642,train_incelsis(3642),dev_incelsis(780),test_fdb_500(500),17
4.0,0.8508634222919937,0.8442367601246106,0.8575949367088608,0.08530805687203791,0.8181818181818182,0.045,incel-bert-base-multilingual-cased-627k_italian,3642,train_incelsis(3642),dev_incelsis(780),test_fdb_500(500),17
