model,epoch,val_f1,val_f1_std,val_rec,val_prec,test_f1,test_f1_std,test_rec,test_prec,run_id
Incel mBERT 1M,1,0.8173655001166888,0.008845744143753036,0.8651629072681704,0.7765675476811917,0.6680220301002041,0.016243401384416326,0.841,0.5567693078241891,27
Incel mBERT 1M,5,0.7274829537843954,0.005515689161509284,0.756575682382134,0.7006670162513894,0.46060104970745847,0.03205095358545706,0.379,0.58874427564742,28
Incel mBERT 1M,4,0.895436414541719,0.006925812539032022,0.9122758620689655,0.8794315244504023,0.5743211449927867,0.04739368278035686,0.511,0.665801247997854,29
mBERT base,4,0.8074981515408467,0.007506054567653629,0.8456140350877194,0.7752163893910945,0.6506761806886127,0.01282778743990688,0.891,0.5159161676207347,27
mBERT base,4,0.7169375880288691,0.011976207189599675,0.7446650124069479,0.693050105157726,0.49308627307646685,0.03706377497136527,0.45500000000000007,0.5404341591777686,28
mBERT base,5,0.8852643485058124,0.003256493848900566,0.8896551724137931,0.8812124369057173,0.4246713759952557,0.03365218532881736,0.384,0.47862500537907826,29
