epoch,val_f1,val_prec,val_rec,test_f1,test_prec,test_rec,model,train_len,train_set(s),dev_set(s),test_set(s),run_id
1.0,0.8380634390651086,0.8869257950530035,0.7943037974683544,0.8391608391608392,0.8571428571428571,0.821917808219178,incel-roberta-base-100k_english,3642,train_incelsis(3642),dev_incelsis(780),test_incelsis(781),0
2.0,0.8480000000000001,0.8576051779935275,0.8386075949367089,0.8286713286713285,0.8464285714285714,0.8116438356164384,incel-roberta-base-100k_english,3642,train_incelsis(3642),dev_incelsis(780),test_incelsis(781),0
3.0,0.8571428571428571,0.8504672897196262,0.8639240506329114,0.845360824742268,0.8482758620689655,0.8424657534246576,incel-roberta-base-100k_english,3642,train_incelsis(3642),dev_incelsis(780),test_incelsis(781),0
4.0,0.8522012578616353,0.846875,0.8575949367088608,0.848381601362862,0.8440677966101695,0.8527397260273972,incel-roberta-base-100k_english,3642,train_incelsis(3642),dev_incelsis(780),test_incelsis(781),0
