epoch,val_f1,val_prec,val_rec,test_f1,test_prec,test_rec,model,train_len,train_set(s),dev_set(s),test_set(s),run_id
1.0,0.8305647840531561,0.8741258741258742,0.7911392405063291,0.8400702987697716,0.8628158844765343,0.8184931506849316,incel-roberta-base-100k_english,3642,train_incelsis(3642),dev_incelsis(780),test_incelsis(781),0
2.0,0.8456591639871383,0.8594771241830066,0.8322784810126582,0.8472222222222222,0.8591549295774648,0.8356164383561644,incel-roberta-base-100k_english,3642,train_incelsis(3642),dev_incelsis(780),test_incelsis(781),0
3.0,0.8562596599690881,0.8368580060422961,0.8765822784810127,0.8436974789915965,0.8283828382838284,0.8595890410958904,incel-roberta-base-100k_english,3642,train_incelsis(3642),dev_incelsis(780),test_incelsis(781),0
4.0,0.8523076923076923,0.8293413173652695,0.8765822784810127,0.8436974789915965,0.8283828382838284,0.8595890410958904,incel-roberta-base-100k_english,3642,train_incelsis(3642),dev_incelsis(780),test_incelsis(781),0
