epoch,val_f1,val_prec,val_rec,test_f1,test_prec,test_rec,model,train_len,train_set(s),dev_set(s),test_set(s),run_id
1.0,0.8500000000000001,0.8395061728395061,0.8607594936708861,0.8283828382838284,0.7993630573248408,0.8595890410958904,incel-roberta-base-100k_english,3642,train_incelsis(3642),dev_incelsis(780),test_incelsis(781),0
2.0,0.8552845528455284,0.8795986622073578,0.8322784810126582,0.8419243986254297,0.8448275862068966,0.839041095890411,incel-roberta-base-100k_english,3642,train_incelsis(3642),dev_incelsis(780),test_incelsis(781),0
3.0,0.8608414239482202,0.8807947019867549,0.8417721518987342,0.8413793103448277,0.8472222222222222,0.8356164383561644,incel-roberta-base-100k_english,3642,train_incelsis(3642),dev_incelsis(780),test_incelsis(781),0
4.0,0.872037914691943,0.8706624605678234,0.8734177215189873,0.8412162162162162,0.83,0.8527397260273972,incel-roberta-base-100k_english,3642,train_incelsis(3642),dev_incelsis(780),test_incelsis(781),0
