epoch,val_f1,val_prec,val_rec,test_f1,test_prec,test_rec,model,train_len,train_set(s),dev_set(s),test_set(s),run_id
1.0,0.8462757527733755,0.8476190476190476,0.8449367088607594,0.8349834983498349,0.8057324840764332,0.8664383561643836,incel-roberta-base-100k_english,3642,train_incelsis(3642),dev_incelsis(780),test_incelsis(781),0
2.0,0.8594249201277955,0.867741935483871,0.8512658227848101,0.8361774744027304,0.8333333333333334,0.839041095890411,incel-roberta-base-100k_english,3642,train_incelsis(3642),dev_incelsis(780),test_incelsis(781),0
3.0,0.856682769726248,0.8721311475409836,0.8417721518987342,0.830188679245283,0.8316151202749141,0.8287671232876712,incel-roberta-base-100k_english,3642,train_incelsis(3642),dev_incelsis(780),test_incelsis(781),0
4.0,0.8639240506329114,0.8639240506329114,0.8639240506329114,0.8344594594594594,0.8233333333333334,0.8458904109589042,incel-roberta-base-100k_english,3642,train_incelsis(3642),dev_incelsis(780),test_incelsis(781),0
