epoch,val_f1,val_prec,val_rec,test_f1,test_prec,test_rec,model,train_len,train_set(s),dev_set(s),test_set(s),run_id
1.0,0.8124076809453471,0.7617728531855956,0.870253164556962,0.26122448979591834,0.7111111111111111,0.16,incel-bert-base-multilingual-cased-100k_multi,3642,train_incelsis(3642),dev_incelsis(780),test_fdb_500(500),17
2.0,0.8404099560761348,0.782016348773842,0.9082278481012658,0.5082508250825083,0.7475728155339806,0.385,incel-bert-base-multilingual-cased-100k_multi,3642,train_incelsis(3642),dev_incelsis(780),test_fdb_500(500),17
3.0,0.858044164037855,0.8553459119496856,0.8607594936708861,0.29508196721311475,0.8181818181818182,0.18,incel-bert-base-multilingual-cased-100k_multi,3642,train_incelsis(3642),dev_incelsis(780),test_fdb_500(500),17
4.0,0.8549141965678627,0.8430769230769231,0.8670886075949367,0.3461538461538462,0.75,0.225,incel-bert-base-multilingual-cased-100k_multi,3642,train_incelsis(3642),dev_incelsis(780),test_fdb_500(500),17
