epoch,val_f1,val_prec,val_rec,test_f1,test_prec,test_rec,model,train_len,train_set(s),dev_set(s),test_set(s),run_id
1.0,0.849624060150376,0.849624060150376,0.849624060150376,0.686046511627907,0.560126582278481,0.885,bert_uncased_L-12_H-768_A-12_italian_alb3rt0,2099,df_evalita18facebook_train(2099),df_evalita18facebook_dev(900),test_fdb_500(500),27
2.0,0.8499399759903962,0.815668202764977,0.8872180451127819,0.6802218114602588,0.5395894428152492,0.92,bert_uncased_L-12_H-768_A-12_italian_alb3rt0,2099,df_evalita18facebook_train(2099),df_evalita18facebook_dev(900),test_fdb_500(500),27
3.0,0.8537735849056604,0.8062360801781737,0.9072681704260651,0.6850828729281767,0.5422740524781341,0.93,bert_uncased_L-12_H-768_A-12_italian_alb3rt0,2099,df_evalita18facebook_train(2099),df_evalita18facebook_dev(900),test_fdb_500(500),27
4.0,0.8489208633093526,0.8137931034482758,0.8872180451127819,0.6861313868613138,0.5402298850574713,0.94,bert_uncased_L-12_H-768_A-12_italian_alb3rt0,2099,df_evalita18facebook_train(2099),df_evalita18facebook_dev(900),test_fdb_500(500),27
5.0,0.8490797546012271,0.8317307692307693,0.8671679197994987,0.7015503875968991,0.5727848101265823,0.905,bert_uncased_L-12_H-768_A-12_italian_alb3rt0,2099,df_evalita18facebook_train(2099),df_evalita18facebook_dev(900),test_fdb_500(500),27
