epoch,val_f1,val_prec,val_rec,test_f1,test_prec,test_rec,model,train_len,train_set(s),dev_set(s),test_set(s),run_id
1.0,0.8263157894736842,0.8698060941828255,0.7869674185463659,0.7142857142857142,0.603448275862069,0.875,bert_uncased_L-12_H-768_A-12_italian_alb3rt0,2099,df_evalita18facebook_train(2099),df_evalita18facebook_dev(900),test_fdb_500(500),27
2.0,0.8513674197384067,0.8099547511312217,0.8972431077694235,0.6839186691312384,0.5425219941348973,0.925,bert_uncased_L-12_H-768_A-12_italian_alb3rt0,2099,df_evalita18facebook_train(2099),df_evalita18facebook_dev(900),test_fdb_500(500),27
3.0,0.8413793103448277,0.7770700636942676,0.9172932330827067,0.6713780918727915,0.5191256830601093,0.95,bert_uncased_L-12_H-768_A-12_italian_alb3rt0,2099,df_evalita18facebook_train(2099),df_evalita18facebook_dev(900),test_fdb_500(500),27
4.0,0.8494749124854142,0.7947598253275109,0.9122807017543859,0.6846846846846846,0.5352112676056338,0.95,bert_uncased_L-12_H-768_A-12_italian_alb3rt0,2099,df_evalita18facebook_train(2099),df_evalita18facebook_dev(900),test_fdb_500(500),27
5.0,0.8557336621454994,0.8422330097087378,0.8696741854636592,0.7114624505928854,0.5882352941176471,0.9,bert_uncased_L-12_H-768_A-12_italian_alb3rt0,2099,df_evalita18facebook_train(2099),df_evalita18facebook_dev(900),test_fdb_500(500),27
