epoch,val_f1,val_prec,val_rec,test_f1,test_prec,test_rec,model,train_len,train_set(s),dev_set(s),test_set(s),run_id
1.0,0.8399487836107554,0.8586387434554974,0.8220551378446115,0.7004048582995951,0.5884353741496599,0.865,bert_uncased_L-12_H-768_A-12_italian_alb3rt0,2099,df_evalita18facebook_train(2099),df_evalita18facebook_dev(900),test_fdb_500(500),27
2.0,0.8446026097271649,0.8018018018018018,0.8922305764411027,0.6862385321100919,0.5420289855072464,0.935,bert_uncased_L-12_H-768_A-12_italian_alb3rt0,2099,df_evalita18facebook_train(2099),df_evalita18facebook_dev(900),test_fdb_500(500),27
3.0,0.8491228070175438,0.7960526315789473,0.9097744360902256,0.6940298507462688,0.5535714285714286,0.93,bert_uncased_L-12_H-768_A-12_italian_alb3rt0,2099,df_evalita18facebook_train(2099),df_evalita18facebook_dev(900),test_fdb_500(500),27
4.0,0.8534278959810875,0.8076062639821029,0.9047619047619048,0.6810810810810809,0.532394366197183,0.945,bert_uncased_L-12_H-768_A-12_italian_alb3rt0,2099,df_evalita18facebook_train(2099),df_evalita18facebook_dev(900),test_fdb_500(500),27
5.0,0.8476658476658476,0.8313253012048193,0.8646616541353384,0.709551656920078,0.5814696485623003,0.91,bert_uncased_L-12_H-768_A-12_italian_alb3rt0,2099,df_evalita18facebook_train(2099),df_evalita18facebook_dev(900),test_fdb_500(500),27
