epoch,val_f1,val_prec,val_rec,test_f1,test_prec,test_rec,model,train_len,train_set(s),dev_set(s),test_set(s),run_id
1.0,0.8343868520859672,0.8418367346938775,0.8270676691729323,0.6982248520710059,0.5765472312703583,0.885,bert_uncased_L-12_H-768_A-12_italian_alb3rt0,2099,df_evalita18facebook_train(2099),df_evalita18facebook_dev(900),test_fdb_500(500),27
2.0,0.845869297163995,0.8325242718446602,0.8596491228070176,0.7015503875968991,0.5727848101265823,0.905,bert_uncased_L-12_H-768_A-12_italian_alb3rt0,2099,df_evalita18facebook_train(2099),df_evalita18facebook_dev(900),test_fdb_500(500),27
3.0,0.8463356973995271,0.8008948545861297,0.8972431077694235,0.6987060998151571,0.5542521994134897,0.945,bert_uncased_L-12_H-768_A-12_italian_alb3rt0,2099,df_evalita18facebook_train(2099),df_evalita18facebook_dev(900),test_fdb_500(500),27
4.0,0.8467836257309942,0.793859649122807,0.9072681704260651,0.6749555950266429,0.5234159779614325,0.95,bert_uncased_L-12_H-768_A-12_italian_alb3rt0,2099,df_evalita18facebook_train(2099),df_evalita18facebook_dev(900),test_fdb_500(500),27
5.0,0.8466257668711656,0.8293269230769231,0.8646616541353384,0.6982922201138521,0.5626911314984709,0.92,bert_uncased_L-12_H-768_A-12_italian_alb3rt0,2099,df_evalita18facebook_train(2099),df_evalita18facebook_dev(900),test_fdb_500(500),27
