epoch,val_f1,val_prec,val_rec,test_f1,test_prec,test_rec,model,train_len,train_set(s),dev_set(s),test_set(s),run_id
1.0,0.7552054023635342,0.6910401647785788,0.8325062034739454,0.5000000000000001,0.6964285714285714,0.39,bert_uncased_L-12_H-768_A-12_italian_alb3rt0,4785,df_evalita20_train(4785),df_evalita20_dev(2052),test_fdb_500(500),28
2.0,0.7066666666666667,0.7636887608069164,0.6575682382133995,0.366412213740458,0.7741935483870968,0.24,bert_uncased_L-12_H-768_A-12_italian_alb3rt0,4785,df_evalita20_train(4785),df_evalita20_dev(2052),test_fdb_500(500),28
3.0,0.7481934408004446,0.6777442094662638,0.8349875930521092,0.4968152866242039,0.6842105263157895,0.39,bert_uncased_L-12_H-768_A-12_italian_alb3rt0,4785,df_evalita20_train(4785),df_evalita20_dev(2052),test_fdb_500(500),28
4.0,0.7199017199017198,0.7128953771289538,0.7270471464019851,0.4280701754385965,0.7176470588235294,0.305,bert_uncased_L-12_H-768_A-12_italian_alb3rt0,4785,df_evalita20_train(4785),df_evalita20_dev(2052),test_fdb_500(500),28
5.0,0.7251184834123222,0.6938775510204082,0.7593052109181141,0.47213114754098356,0.6857142857142857,0.36,bert_uncased_L-12_H-768_A-12_italian_alb3rt0,4785,df_evalita20_train(4785),df_evalita20_dev(2052),test_fdb_500(500),28
