epoch,val_f1,val_prec,val_rec,test_f1,test_prec,test_rec,model,train_len,train_set(s),dev_set(s),test_set(s),run_id
1.0,0.7509881422924901,0.689119170984456,0.825062034739454,0.5192307692307692,0.7232142857142857,0.405,bert_uncased_L-12_H-768_A-12_italian_alb3rt0,4785,df_evalita20_train(4785),df_evalita20_dev(2052),test_fdb_500(500),28
2.0,0.7054161162483488,0.7542372881355932,0.6625310173697271,0.4,0.7714285714285715,0.27,bert_uncased_L-12_H-768_A-12_italian_alb3rt0,4785,df_evalita20_train(4785),df_evalita20_dev(2052),test_fdb_500(500),28
3.0,0.7480748074807481,0.6719367588932806,0.8436724565756824,0.5438066465256798,0.6870229007633588,0.45,bert_uncased_L-12_H-768_A-12_italian_alb3rt0,4785,df_evalita20_train(4785),df_evalita20_dev(2052),test_fdb_500(500),28
4.0,0.7294117647058823,0.6935123042505593,0.7692307692307693,0.4421768707482993,0.6914893617021277,0.325,bert_uncased_L-12_H-768_A-12_italian_alb3rt0,4785,df_evalita20_train(4785),df_evalita20_dev(2052),test_fdb_500(500),28
5.0,0.7258732978093546,0.6942242355605889,0.760545905707196,0.4584717607973422,0.6831683168316832,0.345,bert_uncased_L-12_H-768_A-12_italian_alb3rt0,4785,df_evalita20_train(4785),df_evalita20_dev(2052),test_fdb_500(500),28
