epoch,val_f1,val_prec,val_rec,test_f1,test_prec,test_rec,model,train_len,train_set(s),dev_set(s),test_set(s),run_id
1.0,0.743047830923248,0.6733870967741935,0.8287841191066998,0.6716417910447763,0.6683168316831684,0.675,bert_uncased_L-12_H-768_A-12_italian_alb3rt0,4785,df_evalita20_train(4785),df_evalita20_dev(2052),test_fdb_500(500),28
2.0,0.6999325691166555,0.7666174298375185,0.6439205955334988,0.5048543689320388,0.7155963302752294,0.39,bert_uncased_L-12_H-768_A-12_italian_alb3rt0,4785,df_evalita20_train(4785),df_evalita20_dev(2052),test_fdb_500(500),28
3.0,0.7511061946902655,0.6776447105788423,0.8424317617866005,0.6498740554156172,0.6548223350253807,0.645,bert_uncased_L-12_H-768_A-12_italian_alb3rt0,4785,df_evalita20_train(4785),df_evalita20_dev(2052),test_fdb_500(500),28
4.0,0.7329479768786127,0.6861471861471862,0.7866004962779156,0.612565445026178,0.6428571428571429,0.585,bert_uncased_L-12_H-768_A-12_italian_alb3rt0,4785,df_evalita20_train(4785),df_evalita20_dev(2052),test_fdb_500(500),28
5.0,0.7289940828402368,0.6968325791855203,0.7642679900744417,0.5852272727272727,0.6776315789473685,0.515,bert_uncased_L-12_H-768_A-12_italian_alb3rt0,4785,df_evalita20_train(4785),df_evalita20_dev(2052),test_fdb_500(500),28
