epoch,val_f1,val_prec,val_rec,test_f1,test_prec,test_rec,model,train_len,train_set(s),dev_set(s),test_set(s),run_id
1.0,0.8882758620689655,0.8882758620689655,0.8882758620689655,0.40624999999999994,0.5416666666666666,0.325,bert_uncased_L-12_H-768_A-12_italian_alb3rt0,3500,df_ami20_train(3500),df_ami20_dev(1500),test_fdb_500(500),29
2.0,0.9023746701846966,0.8647281921618205,0.9434482758620689,0.5194805194805195,0.5405405405405406,0.5,bert_uncased_L-12_H-768_A-12_italian_alb3rt0,3500,df_ami20_train(3500),df_ami20_dev(1500),test_fdb_500(500),29
3.0,0.9019346230820547,0.8733850129198967,0.9324137931034483,0.6741071428571429,0.6088709677419355,0.755,bert_uncased_L-12_H-768_A-12_italian_alb3rt0,3500,df_ami20_train(3500),df_ami20_dev(1500),test_fdb_500(500),29
4.0,0.9027134348113832,0.8676844783715013,0.9406896551724138,0.6681922196796339,0.6160337552742616,0.73,bert_uncased_L-12_H-768_A-12_italian_alb3rt0,3500,df_ami20_train(3500),df_ami20_dev(1500),test_fdb_500(500),29
5.0,0.9016722408026756,0.8753246753246753,0.9296551724137931,0.6588235294117647,0.6222222222222222,0.7,bert_uncased_L-12_H-768_A-12_italian_alb3rt0,3500,df_ami20_train(3500),df_ami20_dev(1500),test_fdb_500(500),29
