epoch,val_f1,val_prec,val_rec,test_f1,test_prec,test_rec,model,train_len,train_set(s),dev_set(s),test_set(s),run_id
1.0,0.9009370816599732,0.8751625487646294,0.9282758620689655,0.5013623978201635,0.5508982035928144,0.46,bert_uncased_L-12_H-768_A-12_italian_alb3rt0,3500,df_ami20_train(3500),df_ami20_dev(1500),test_fdb_500(500),29
2.0,0.9040207522697795,0.8531211750305998,0.9613793103448276,0.5533980582524272,0.5377358490566038,0.57,bert_uncased_L-12_H-768_A-12_italian_alb3rt0,3500,df_ami20_train(3500),df_ami20_dev(1500),test_fdb_500(500),29
3.0,0.9025710419485792,0.8857901726427623,0.92,0.6481012658227848,0.6564102564102564,0.64,bert_uncased_L-12_H-768_A-12_italian_alb3rt0,3500,df_ami20_train(3500),df_ami20_dev(1500),test_fdb_500(500),29
4.0,0.9086127547666009,0.8680904522613065,0.953103448275862,0.6498855835240274,0.5991561181434599,0.71,bert_uncased_L-12_H-768_A-12_italian_alb3rt0,3500,df_ami20_train(3500),df_ami20_dev(1500),test_fdb_500(500),29
5.0,0.9093351242444594,0.8861256544502618,0.9337931034482758,0.6237623762376239,0.6176470588235294,0.63,bert_uncased_L-12_H-768_A-12_italian_alb3rt0,3500,df_ami20_train(3500),df_ami20_dev(1500),test_fdb_500(500),29
