epoch,val_f1,val_prec,val_rec,test_f1,test_prec,test_rec,model,train_len,train_set(s),dev_set(s),test_set(s),run_id
1.0,0.8985896574882472,0.8756544502617801,0.9227586206896552,0.4519774011299435,0.5194805194805194,0.4,bert_uncased_L-12_H-768_A-12_italian_alb3rt0,3500,df_ami20_train(3500),df_ami20_dev(1500),test_fdb_500(500),29
2.0,0.9084924292297564,0.8690176322418136,0.9517241379310345,0.5276381909547739,0.5303030303030303,0.525,bert_uncased_L-12_H-768_A-12_italian_alb3rt0,3500,df_ami20_train(3500),df_ami20_dev(1500),test_fdb_500(500),29
3.0,0.9046653144016227,0.8872679045092838,0.9227586206896552,0.6960556844547564,0.6493506493506493,0.75,bert_uncased_L-12_H-768_A-12_italian_alb3rt0,3500,df_ami20_train(3500),df_ami20_dev(1500),test_fdb_500(500),29
4.0,0.9074074074074073,0.8716645489199492,0.9462068965517242,0.6770601336302896,0.6104417670682731,0.76,bert_uncased_L-12_H-768_A-12_italian_alb3rt0,3500,df_ami20_train(3500),df_ami20_dev(1500),test_fdb_500(500),29
5.0,0.9110367892976589,0.8844155844155844,0.9393103448275862,0.6651053864168618,0.6255506607929515,0.71,bert_uncased_L-12_H-768_A-12_italian_alb3rt0,3500,df_ami20_train(3500),df_ami20_dev(1500),test_fdb_500(500),29
