epoch,val_f1,val_prec,val_rec,test_f1,test_prec,test_rec,model,train_len,train_set(s),dev_set(s),test_set(s),run_id
1.0,0.8066717210007581,0.7873704982733103,0.8269430051813471,0.6739130434782609,0.5961538461538461,0.775,bert_uncased_L-12_H-768_A-12_italian_alb3rt0,10384,"df_evalita20_train(4785)
df_ami20_train(3500)
df_evalita18facebook_train(2099)","df_evalita20_dev(2052)
df_ami20_dev(1500)
df_evalita18facebook_dev(900)",test_fdb_500(500),33
2.0,0.8039075530140577,0.7441552712836348,0.8740932642487047,0.6737288135593221,0.5845588235294118,0.795,bert_uncased_L-12_H-768_A-12_italian_alb3rt0,10384,"df_evalita20_train(4785)
df_ami20_train(3500)
df_evalita18facebook_train(2099)","df_evalita20_dev(2052)
df_ami20_dev(1500)
df_evalita18facebook_dev(900)",test_fdb_500(500),33
3.0,0.8008817046289494,0.7594054807245704,0.8471502590673575,0.6785714285714285,0.6129032258064516,0.76,bert_uncased_L-12_H-768_A-12_italian_alb3rt0,10384,"df_evalita20_train(4785)
df_ami20_train(3500)
df_evalita18facebook_train(2099)","df_evalita20_dev(2052)
df_ami20_dev(1500)
df_evalita18facebook_dev(900)",test_fdb_500(500),33
4.0,0.801530612244898,0.7894472361809045,0.8139896373056995,0.6473429951690821,0.6261682242990654,0.67,bert_uncased_L-12_H-768_A-12_italian_alb3rt0,10384,"df_evalita20_train(4785)
df_ami20_train(3500)
df_evalita18facebook_train(2099)","df_evalita20_dev(2052)
df_ami20_dev(1500)
df_evalita18facebook_dev(900)",test_fdb_500(500),33
5.0,0.8025,0.7753623188405797,0.8316062176165803,0.6466512702078523,0.6008583690987125,0.7,bert_uncased_L-12_H-768_A-12_italian_alb3rt0,10384,"df_evalita20_train(4785)
df_ami20_train(3500)
df_evalita18facebook_train(2099)","df_evalita20_dev(2052)
df_ami20_dev(1500)
df_evalita18facebook_dev(900)",test_fdb_500(500),33
