epoch,val_f1,val_prec,val_rec,test_f1,test_prec,test_rec,model,train_len,train_set(s),dev_set(s),test_set(s),run_id
1.0,0.8009084027252082,0.780619773733399,0.822279792746114,0.6849894291754757,0.5934065934065934,0.81,bert_uncased_L-12_H-768_A-12_italian_alb3rt0,10384,"df_evalita20_train(4785)
df_ami20_train(3500)
df_evalita18facebook_train(2099)","df_evalita20_dev(2052)
df_ami20_dev(1500)
df_evalita18facebook_dev(900)",test_fdb_500(500),33
2.0,0.8068376068376067,0.7630484988452656,0.8559585492227979,0.6762295081967212,0.5729166666666666,0.825,bert_uncased_L-12_H-768_A-12_italian_alb3rt0,10384,"df_evalita20_train(4785)
df_ami20_train(3500)
df_evalita18facebook_train(2099)","df_evalita20_dev(2052)
df_ami20_dev(1500)
df_evalita18facebook_dev(900)",test_fdb_500(500),33
3.0,0.8057101379143479,0.7557875624148888,0.8626943005181347,0.6680080482897384,0.5589225589225589,0.83,bert_uncased_L-12_H-768_A-12_italian_alb3rt0,10384,"df_evalita20_train(4785)
df_ami20_train(3500)
df_evalita18facebook_train(2099)","df_evalita20_dev(2052)
df_ami20_dev(1500)
df_evalita18facebook_dev(900)",test_fdb_500(500),33
4.0,0.7949685534591195,0.7726161369193154,0.8186528497409327,0.67420814479638,0.6157024793388429,0.745,bert_uncased_L-12_H-768_A-12_italian_alb3rt0,10384,"df_evalita20_train(4785)
df_ami20_train(3500)
df_evalita18facebook_train(2099)","df_evalita20_dev(2052)
df_ami20_dev(1500)
df_evalita18facebook_dev(900)",test_fdb_500(500),33
5.0,0.7967520933773153,0.7807061163600199,0.8134715025906736,0.6741071428571429,0.6088709677419355,0.755,bert_uncased_L-12_H-768_A-12_italian_alb3rt0,10384,"df_evalita20_train(4785)
df_ami20_train(3500)
df_evalita18facebook_train(2099)","df_evalita20_dev(2052)
df_ami20_dev(1500)
df_evalita18facebook_dev(900)",test_fdb_500(500),33
