epoch,val_f1,val_prec,val_rec,test_f1,test_prec,test_rec,model,train_len,train_set(s),dev_set(s),test_set(s),run_id
1.0,0.7945134575569358,0.7936918304033092,0.7953367875647669,0.6795180722891566,0.6558139534883721,0.705,bert_uncased_L-12_H-768_A-12_italian_alb3rt0,10384,"df_evalita20_train(4785)
df_ami20_train(3500)
df_evalita18facebook_train(2099)","df_evalita20_dev(2052)
df_ami20_dev(1500)
df_evalita18facebook_dev(900)",test_fdb_500(500),33
2.0,0.8092213596800752,0.7410598879793192,0.8911917098445595,0.6746031746031746,0.5592105263157895,0.85,bert_uncased_L-12_H-768_A-12_italian_alb3rt0,10384,"df_evalita20_train(4785)
df_ami20_train(3500)
df_evalita18facebook_train(2099)","df_evalita20_dev(2052)
df_ami20_dev(1500)
df_evalita18facebook_dev(900)",test_fdb_500(500),33
3.0,0.8077309236947791,0.7833495618305745,0.833678756476684,0.6775700934579438,0.6359649122807017,0.725,bert_uncased_L-12_H-768_A-12_italian_alb3rt0,10384,"df_evalita20_train(4785)
df_ami20_train(3500)
df_evalita18facebook_train(2099)","df_evalita20_dev(2052)
df_ami20_dev(1500)
df_evalita18facebook_dev(900)",test_fdb_500(500),33
4.0,0.810126582278481,0.7640036730945822,0.8621761658031089,0.7136929460580912,0.6099290780141844,0.86,bert_uncased_L-12_H-768_A-12_italian_alb3rt0,10384,"df_evalita20_train(4785)
df_ami20_train(3500)
df_evalita18facebook_train(2099)","df_evalita20_dev(2052)
df_ami20_dev(1500)
df_evalita18facebook_dev(900)",test_fdb_500(500),33
5.0,0.8077895801719778,0.7890316205533597,0.827461139896373,0.6933333333333335,0.624,0.78,bert_uncased_L-12_H-768_A-12_italian_alb3rt0,10384,"df_evalita20_train(4785)
df_ami20_train(3500)
df_evalita18facebook_train(2099)","df_evalita20_dev(2052)
df_ami20_dev(1500)
df_evalita18facebook_dev(900)",test_fdb_500(500),33
