epoch,val_f1,val_prec,val_rec,test_f1,test_prec,test_rec,model,train_len,train_set(s),dev_set(s),test_set(s),run_id
1.0,0.8486842105263157,0.8835616438356164,0.8164556962025317,0.8445229681978799,0.8722627737226277,0.8184931506849316,incel-bert-base-uncased-100k_english,3642,train_incelsis(3642),dev_incelsis(780),test_incelsis(781),0
2.0,0.8721311475409836,0.9047619047619048,0.8417721518987342,0.8445229681978799,0.8722627737226277,0.8184931506849316,incel-bert-base-uncased-100k_english,3642,train_incelsis(3642),dev_incelsis(780),test_incelsis(781),0
3.0,0.8650306748466258,0.8392857142857143,0.8924050632911392,0.8691275167785236,0.8519736842105263,0.886986301369863,incel-bert-base-uncased-100k_english,3642,train_incelsis(3642),dev_incelsis(780),test_incelsis(781),0
4.0,0.8714733542319749,0.8633540372670807,0.879746835443038,0.870307167235495,0.8673469387755102,0.8732876712328768,incel-bert-base-uncased-100k_english,3642,train_incelsis(3642),dev_incelsis(780),test_incelsis(781),0
