epoch,train_loss,val_loss,val_f1,val_prec,val_rec,test_loss,test_f1,test_prec,test_rec,model,train_len,train_set(s),dev_set(s),test_set(s),run_id
1.0,0.553090937435627,0.29180228345248166,0.8424437299035369,0.8562091503267973,0.8291139240506329,0.30193422430632066,0.8359240069084629,0.8432055749128919,0.8287671232876712,bert-base-uncased-hatexplain,3642,train_incelsis(3642),dev_incelsis(780),test_incelsis(781),0
2.0,0.24927806417996945,0.28137323594823177,0.8571428571428572,0.8245614035087719,0.8924050632911392,0.2767119585555427,0.8429752066115702,0.8146964856230032,0.8732876712328768,bert-base-uncased-hatexplain,3642,train_incelsis(3642),dev_incelsis(780),test_incelsis(781),0
3.0,0.1712052960504304,0.33396938365256906,0.8520900321543409,0.8660130718954249,0.8386075949367089,0.32167465593285705,0.8485915492957746,0.8731884057971014,0.8253424657534246,bert-base-uncased-hatexplain,3642,train_incelsis(3642),dev_incelsis(780),test_incelsis(781),0
4.0,0.13847679750209577,0.35538592837674887,0.853932584269663,0.8664495114006515,0.8417721518987342,0.34952101313832157,0.8476357267950962,0.8673835125448028,0.8287671232876712,bert-base-uncased-hatexplain,3642,train_incelsis(3642),dev_incelsis(780),test_incelsis(781),0
