epoch,val_f1,val_prec,val_rec,test_f1,test_prec,test_rec,model,train_len,train_set(s),dev_set(s),test_set(s),run_id
1.0,0.8032258064516128,0.819078947368421,0.7879746835443038,0.8249566724436742,0.8350877192982457,0.815068493150685,HateBERT,3642,train_incelsis(3642),dev_incelsis(780),test_incelsis(781),0
2.0,0.820097244732577,0.840531561461794,0.8006329113924051,0.8461538461538461,0.8642857142857143,0.8287671232876712,HateBERT,3642,train_incelsis(3642),dev_incelsis(780),test_incelsis(781),0
3.0,0.8375796178343948,0.842948717948718,0.8322784810126582,0.8486956521739131,0.8621908127208481,0.8356164383561644,HateBERT,3642,train_incelsis(3642),dev_incelsis(780),test_incelsis(781),0
4.0,0.8456591639871383,0.8594771241830066,0.8322784810126582,0.8521739130434783,0.8657243816254417,0.839041095890411,HateBERT,3642,train_incelsis(3642),dev_incelsis(780),test_incelsis(781),0
