epoch,val_f1,val_prec,val_rec,test_f1,test_prec,test_rec,model,train_len,train_set(s),dev_set(s),test_set(s),run_id
1.0,0.8302469135802468,0.8102409638554217,0.8512658227848101,0.8247078464106845,0.8045602605863192,0.8458904109589042,HateBERT,3642,train_incelsis(3642),dev_incelsis(780),test_incelsis(781),0
2.0,0.8417618270799347,0.8686868686868687,0.8164556962025317,0.8336192109777016,0.8350515463917526,0.8321917808219178,HateBERT,3642,train_incelsis(3642),dev_incelsis(780),test_incelsis(781),0
3.0,0.8558139534883721,0.8389057750759878,0.8734177215189873,0.8419301164725457,0.8187702265372169,0.8664383561643836,HateBERT,3642,train_incelsis(3642),dev_incelsis(780),test_incelsis(781),0
4.0,0.8675078864353312,0.8647798742138365,0.870253164556962,0.8433333333333333,0.8214285714285714,0.8664383561643836,HateBERT,3642,train_incelsis(3642),dev_incelsis(780),test_incelsis(781),0
