epoch,val_f1,val_prec,val_rec,test_f1,test_prec,test_rec,model,train_len,train_set(s),dev_set(s),test_set(s),run_id
1.0,0.826923076923077,0.8376623376623377,0.8164556962025317,0.8255613126079449,0.8327526132404182,0.8184931506849316,HateBERT,3642,train_incelsis(3642),dev_incelsis(780),test_incelsis(781),0
2.0,0.841091492776886,0.8534201954397395,0.8291139240506329,0.8512820512820513,0.8498293515358362,0.8527397260273972,HateBERT,3642,train_incelsis(3642),dev_incelsis(780),test_incelsis(781),0
3.0,0.8548387096774195,0.8717105263157895,0.8386075949367089,0.8408304498269896,0.8496503496503497,0.8321917808219178,HateBERT,3642,train_incelsis(3642),dev_incelsis(780),test_incelsis(781),0
4.0,0.8525121555915721,0.8737541528239202,0.8322784810126582,0.84375,0.8556338028169014,0.8321917808219178,HateBERT,3642,train_incelsis(3642),dev_incelsis(780),test_incelsis(781),0
