epoch,val_f1,val_prec,val_rec,test_f1,test_prec,test_rec,model,train_len,train_set(s),dev_set(s),test_set(s),run_id
1.0,0.8256578947368421,0.8595890410958904,0.7943037974683544,0.8400702987697716,0.8628158844765343,0.8184931506849316,bert-base-uncased,3642,train_incelsis(3642),dev_incelsis(780),test_incelsis(781),0
2.0,0.8544600938967135,0.8452012383900929,0.8639240506329114,0.8485856905158069,0.8252427184466019,0.8732876712328768,bert-base-uncased,3642,train_incelsis(3642),dev_incelsis(780),test_incelsis(781),0
3.0,0.8447204968944099,0.8292682926829268,0.8607594936708861,0.8500000000000001,0.827922077922078,0.8732876712328768,bert-base-uncased,3642,train_incelsis(3642),dev_incelsis(780),test_incelsis(781),0
4.0,0.8500000000000001,0.8395061728395061,0.8607594936708861,0.8499156829679596,0.8372093023255814,0.863013698630137,bert-base-uncased,3642,train_incelsis(3642),dev_incelsis(780),test_incelsis(781),0
