epoch,val_f1,val_prec,val_rec,test_f1,test_prec,test_rec,model,train_len,train_set(s),dev_set(s),test_set(s),run_id
1.0,0.8194662480376766,0.8130841121495327,0.8259493670886076,0.8484848484848485,0.8344370860927153,0.863013698630137,bert-base-uncased,3642,train_incelsis(3642),dev_incelsis(780),test_incelsis(781),0
2.0,0.8500000000000001,0.8395061728395061,0.8607594936708861,0.8469387755102041,0.8412162162162162,0.8527397260273972,bert-base-uncased,3642,train_incelsis(3642),dev_incelsis(780),test_incelsis(781),0
3.0,0.8502994011976047,0.8068181818181818,0.8987341772151899,0.8472906403940886,0.8138801261829653,0.8835616438356164,bert-base-uncased,3642,train_incelsis(3642),dev_incelsis(780),test_incelsis(781),0
4.0,0.8515742128935532,0.8091168091168092,0.8987341772151899,0.8419301164725457,0.8187702265372169,0.8664383561643836,bert-base-uncased,3642,train_incelsis(3642),dev_incelsis(780),test_incelsis(781),0
