epoch,val_f1,val_prec,val_rec,test_f1,test_prec,test_rec,model,train_len,train_set(s),dev_set(s),test_set(s),run_id
1.0,0.8083735909822867,0.8229508196721311,0.7943037974683544,0.7944250871080138,0.8085106382978723,0.7808219178082192,bert-base-uncased,3642,train_incelsis(3642),dev_incelsis(780),test_incelsis(781),0
2.0,0.8397435897435898,0.8506493506493507,0.8291139240506329,0.8411867364746946,0.8576512455516014,0.8253424657534246,bert-base-uncased,3642,train_incelsis(3642),dev_incelsis(780),test_incelsis(781),0
3.0,0.8208695652173913,0.9111969111969112,0.7468354430379747,0.8442776735459662,0.9336099585062241,0.7705479452054794,bert-base-uncased,3642,train_incelsis(3642),dev_incelsis(780),test_incelsis(781),0
4.0,0.8451612903225806,0.8618421052631579,0.8291139240506329,0.8231173380035026,0.8422939068100358,0.8047945205479452,bert-base-uncased,3642,train_incelsis(3642),dev_incelsis(780),test_incelsis(781),0
