epoch,val_f1,val_prec,val_rec,test_f1,test_prec,test_rec,model,train_len,train_set(s),dev_set(s),test_set(s),run_id
1.0,0.8432267884322678,0.8123167155425219,0.8765822784810127,0.8189233278955954,0.7819314641744548,0.8595890410958904,bert-base-uncased,3642,train_incelsis(3642),dev_incelsis(780),test_incelsis(781),0
2.0,0.8601823708206687,0.827485380116959,0.8955696202531646,0.8344370860927152,0.8076923076923077,0.863013698630137,bert-base-uncased,3642,train_incelsis(3642),dev_incelsis(780),test_incelsis(781),0
3.0,0.8484848484848486,0.8553054662379421,0.8417721518987342,0.8461538461538461,0.8642857142857143,0.8287671232876712,bert-base-uncased,3642,train_incelsis(3642),dev_incelsis(780),test_incelsis(781),0
4.0,0.8526645768025078,0.84472049689441,0.8607594936708861,0.8410256410256409,0.8395904436860068,0.8424657534246576,bert-base-uncased,3642,train_incelsis(3642),dev_incelsis(780),test_incelsis(781),0
