epoch,val_f1,val_prec,val_rec,test_f1,test_prec,test_rec,model,train_len,train_set(s),dev_set(s),test_set(s),run_id
1.0,0.8366762177650431,0.7643979057591623,0.9240506329113924,0.8187311178247734,0.7324324324324324,0.928082191780822,bert-base-uncased,3642,train_incelsis(3642),dev_incelsis(780),test_incelsis(781),0
2.0,0.8430769230769232,0.8203592814371258,0.8670886075949367,0.847972972972973,0.8366666666666667,0.8595890410958904,bert-base-uncased,3642,train_incelsis(3642),dev_incelsis(780),test_incelsis(781),0
3.0,0.8489666136724959,0.853035143769968,0.8449367088607594,0.852686308492201,0.8631578947368421,0.8424657534246576,bert-base-uncased,3642,train_incelsis(3642),dev_incelsis(780),test_incelsis(781),0
4.0,0.849612403100775,0.8328267477203647,0.8670886075949367,0.8461538461538461,0.826797385620915,0.8664383561643836,bert-base-uncased,3642,train_incelsis(3642),dev_incelsis(780),test_incelsis(781),0
