epoch,val_f1,val_prec,val_rec,test_f1,test_prec,test_rec,model,train_len,train_set(s),dev_set(s),test_set(s),run_id
1.0,0.825,0.8148148148148148,0.8354430379746836,0.8396694214876034,0.8115015974440895,0.8698630136986302,bert-base-uncased,3642,train_incelsis(3642),dev_incelsis(780),test_incelsis(781),0
2.0,0.8642745709828392,0.8523076923076923,0.8765822784810127,0.8395904436860068,0.8367346938775511,0.8424657534246576,bert-base-uncased,3642,train_incelsis(3642),dev_incelsis(780),test_incelsis(781),0
3.0,0.8508634222919937,0.8442367601246106,0.8575949367088608,0.8576329331046312,0.8591065292096219,0.8561643835616438,bert-base-uncased,3642,train_incelsis(3642),dev_incelsis(780),test_incelsis(781),0
4.0,0.8466453674121406,0.8548387096774194,0.8386075949367089,0.8486956521739131,0.8621908127208481,0.8356164383561644,bert-base-uncased,3642,train_incelsis(3642),dev_incelsis(780),test_incelsis(781),0
