epoch,val_f1,val_prec,val_rec,test_f1,test_prec,test_rec,model,train_len,train_set(s),dev_set(s),test_set(s),run_id
1.0,0.8401826484018264,0.8093841642228738,0.8734177215189873,0.8336079077429984,0.8031746031746032,0.8664383561643836,bert-base-uncased,8142,"train_hateval_2019_english(4500)
train_incelsis(3642)",dev_incelsis(780),test_incelsis(781),10
2.0,0.8510638297872339,0.8187134502923976,0.8860759493670886,0.8424543946932008,0.8167202572347267,0.8698630136986302,bert-base-uncased,8142,"train_hateval_2019_english(4500)
train_incelsis(3642)",dev_incelsis(780),test_incelsis(781),10
3.0,0.8485757121439281,0.8062678062678063,0.8955696202531646,0.8377483443708609,0.8108974358974359,0.8664383561643836,bert-base-uncased,8142,"train_hateval_2019_english(4500)
train_incelsis(3642)",dev_incelsis(780),test_incelsis(781),10
4.0,0.86875,0.8580246913580247,0.879746835443038,0.8315789473684211,0.8525179856115108,0.8116438356164384,bert-base-uncased,8142,"train_hateval_2019_english(4500)
train_incelsis(3642)",dev_incelsis(780),test_incelsis(781),10
