epoch,val_f1,val_prec,val_rec,test_f1,test_prec,test_rec,model,train_len,train_set(s),dev_set(s),test_set(s),run_id
1.0,0.8409785932721712,0.8136094674556213,0.870253164556962,0.8311258278145696,0.8044871794871795,0.8595890410958904,bert-base-uncased,8142,"train_hateval_2019_english(4500)
train_incelsis(3642)",dev_incelsis(780),test_incelsis(781),10
2.0,0.8509316770186336,0.8353658536585366,0.8670886075949367,0.8291032148900169,0.8193979933110368,0.839041095890411,bert-base-uncased,8142,"train_hateval_2019_english(4500)
train_incelsis(3642)",dev_incelsis(780),test_incelsis(781),10
3.0,0.8444444444444446,0.7938718662952646,0.9018987341772152,0.8206785137318255,0.7767584097859327,0.8698630136986302,bert-base-uncased,8142,"train_hateval_2019_english(4500)
train_incelsis(3642)",dev_incelsis(780),test_incelsis(781),10
4.0,0.8419405320813772,0.8328173374613003,0.8512658227848101,0.8247422680412371,0.8275862068965517,0.821917808219178,bert-base-uncased,8142,"train_hateval_2019_english(4500)
train_incelsis(3642)",dev_incelsis(780),test_incelsis(781),10
