epoch,val_f1,val_prec,val_rec,test_f1,test_prec,test_rec,model,train_len,train_set(s),dev_set(s),test_set(s),run_id
1.0,0.8328173374613005,0.8151515151515152,0.8512658227848101,0.8262295081967213,0.7924528301886793,0.863013698630137,bert-base-uncased,8142,"train_hateval_2019_english(4500)
train_incelsis(3642)",dev_incelsis(780),test_incelsis(781),10
2.0,0.859784283513097,0.8378378378378378,0.8829113924050633,0.8241206030150754,0.8065573770491803,0.8424657534246576,bert-base-uncased,8142,"train_hateval_2019_english(4500)
train_incelsis(3642)",dev_incelsis(780),test_incelsis(781),10
3.0,0.8528072837632776,0.8192419825072886,0.8892405063291139,0.8300653594771242,0.79375,0.8698630136986302,bert-base-uncased,8142,"train_hateval_2019_english(4500)
train_incelsis(3642)",dev_incelsis(780),test_incelsis(781),10
4.0,0.8540031397174254,0.8473520249221184,0.8607594936708861,0.8159722222222223,0.8274647887323944,0.8047945205479452,bert-base-uncased,8142,"train_hateval_2019_english(4500)
train_incelsis(3642)",dev_incelsis(780),test_incelsis(781),10
