epoch,val_f1,val_prec,val_rec,test_f1,test_prec,test_rec,model,train_len,train_set(s),dev_set(s),test_set(s),run_id
1.0,0.8358662613981762,0.804093567251462,0.870253164556962,0.8243021346469622,0.7917981072555205,0.8595890410958904,bert-base-uncased,8142,"train_hateval_2019_english(4500)
train_incelsis(3642)",dev_incelsis(780),test_incelsis(781),10
2.0,0.861198738170347,0.8584905660377359,0.8639240506329114,0.8361774744027304,0.8333333333333334,0.839041095890411,bert-base-uncased,8142,"train_hateval_2019_english(4500)
train_incelsis(3642)",dev_incelsis(780),test_incelsis(781),10
3.0,0.8389057750759878,0.8070175438596491,0.8734177215189873,0.8214285714285715,0.7808641975308642,0.8664383561643836,bert-base-uncased,8142,"train_hateval_2019_english(4500)
train_incelsis(3642)",dev_incelsis(780),test_incelsis(781),10
4.0,0.8507223113964688,0.8631921824104235,0.8386075949367089,0.8269896193771626,0.8356643356643356,0.8184931506849316,bert-base-uncased,8142,"train_hateval_2019_english(4500)
train_incelsis(3642)",dev_incelsis(780),test_incelsis(781),10
