epoch,val_f1,val_prec,val_rec,test_f1,test_prec,test_rec,model,train_len,train_set(s),dev_set(s),test_set(s),run_id
1.0,0.8392857142857143,0.7921348314606742,0.8924050632911392,0.8178913738019169,0.7664670658682635,0.8767123287671232,bert-base-uncased,8142,"train_hateval_2019_english(4500)
train_incelsis(3642)",dev_incelsis(780),test_incelsis(781),10
2.0,0.8575803981623277,0.8308605341246291,0.8860759493670886,0.8462809917355372,0.8178913738019169,0.8767123287671232,bert-base-uncased,8142,"train_hateval_2019_english(4500)
train_incelsis(3642)",dev_incelsis(780),test_incelsis(781),10
3.0,0.852760736196319,0.8273809523809523,0.879746835443038,0.8387096774193548,0.8316498316498316,0.8458904109589042,bert-base-uncased,8142,"train_hateval_2019_english(4500)
train_incelsis(3642)",dev_incelsis(780),test_incelsis(781),10
4.0,0.8522550544323484,0.8379204892966361,0.8670886075949367,0.8395904436860068,0.8367346938775511,0.8424657534246576,bert-base-uncased,8142,"train_hateval_2019_english(4500)
train_incelsis(3642)",dev_incelsis(780),test_incelsis(781),10
