epoch,val_f1,val_prec,val_rec,test_f1,test_prec,test_rec,model,train_len,train_set(s),dev_set(s),test_set(s),run_id
1.0,0.8416289592760181,0.8040345821325648,0.8829113924050633,0.8298217179902755,0.7876923076923077,0.8767123287671232,bert-base-uncased,8142,"train_hateval_2019_english(4500)
train_incelsis(3642)",dev_incelsis(780),test_incelsis(781),10
2.0,0.8606060606060606,0.8255813953488372,0.8987341772151899,0.8371335504885993,0.7981366459627329,0.8801369863013698,bert-base-uncased,8142,"train_hateval_2019_english(4500)
train_incelsis(3642)",dev_incelsis(780),test_incelsis(781),10
3.0,0.8588957055214723,0.8333333333333334,0.8860759493670886,0.8251273344651953,0.8181818181818182,0.8321917808219178,bert-base-uncased,8142,"train_hateval_2019_english(4500)
train_incelsis(3642)",dev_incelsis(780),test_incelsis(781),10
4.0,0.8629921259842519,0.8589341692789969,0.8670886075949367,0.8362369337979093,0.851063829787234,0.821917808219178,bert-base-uncased,8142,"train_hateval_2019_english(4500)
train_incelsis(3642)",dev_incelsis(780),test_incelsis(781),10
