epoch,val_f1,val_prec,val_rec,test_f1,test_prec,test_rec,model,train_len,train_set(s),dev_set(s),test_set(s),run_id
1.0,0.8690344062153164,0.8661504424778761,0.8719376391982183,0.8598870056497174,0.8483835005574136,0.8717067583046965,bert-base-uncased,9624,hatexplain_binary_train(9624),hatexplain_binary_dev(2062),hatexplain_binary_test(2063),11
2.0,0.8727858293075683,0.8424870466321244,0.9053452115812918,0.8601437258153677,0.8311965811965812,0.8911798396334479,bert-base-uncased,9624,hatexplain_binary_train(9624),hatexplain_binary_dev(2062),hatexplain_binary_test(2063),11
3.0,0.8812046848856665,0.88268156424581,0.8797327394209354,0.8602395892755276,0.8568181818181818,0.86368843069874,bert-base-uncased,9624,hatexplain_binary_train(9624),hatexplain_binary_dev(2062),hatexplain_binary_test(2063),11
4.0,0.880351262349067,0.8679653679653679,0.8930957683741648,0.8624577226606539,0.8490566037735849,0.8762886597938144,bert-base-uncased,9624,hatexplain_binary_train(9624),hatexplain_binary_dev(2062),hatexplain_binary_test(2063),11
