epoch,val_f1,val_prec,val_rec,test_f1,test_prec,test_rec,model,train_len,train_set(s),dev_set(s),test_set(s),run_id
1.0,0.8608305274971942,0.8676470588235294,0.8541202672605791,0.8511870295309785,0.860655737704918,0.8419243986254296,bert-base-uncased,9624,hatexplain_binary_train(9624),hatexplain_binary_dev(2062),hatexplain_binary_test(2063),11
2.0,0.8701298701298701,0.8463157894736842,0.8953229398663697,0.8636871508379887,0.8429661941112323,0.8854524627720504,bert-base-uncased,9624,hatexplain_binary_train(9624),hatexplain_binary_dev(2062),hatexplain_binary_test(2063),11
3.0,0.8758389261744967,0.8797752808988764,0.8719376391982183,0.8530588907947398,0.8515981735159818,0.854524627720504,bert-base-uncased,9624,hatexplain_binary_train(9624),hatexplain_binary_dev(2062),hatexplain_binary_test(2063),11
4.0,0.8746579091406678,0.860064585575888,0.8897550111358574,0.8616780045351473,0.8529741863075196,0.870561282932417,bert-base-uncased,9624,hatexplain_binary_train(9624),hatexplain_binary_dev(2062),hatexplain_binary_test(2063),11
