epoch,val_f1,val_prec,val_rec,test_f1,test_prec,test_rec,model,train_len,train_set(s),dev_set(s),test_set(s),run_id
1.0,0.8630751964085298,0.8699095022624435,0.856347438752784,0.8553016988869362,0.8752997601918465,0.8361970217640321,bert-base-uncased,9624,hatexplain_binary_train(9624),hatexplain_binary_dev(2062),hatexplain_binary_test(2063),11
2.0,0.8770764119601329,0.8722466960352423,0.8819599109131403,0.8632768361581921,0.8517279821627648,0.8751431844215349,bert-base-uncased,9624,hatexplain_binary_train(9624),hatexplain_binary_dev(2062),hatexplain_binary_test(2063),11
3.0,0.8708025042686397,0.8905704307334109,0.8518930957683741,0.8517424689899588,0.8792682926829268,0.8258877434135166,bert-base-uncased,9624,hatexplain_binary_train(9624),hatexplain_binary_dev(2062),hatexplain_binary_test(2063),11
4.0,0.8776185226019846,0.868995633187773,0.8864142538975501,0.8598979013045944,0.851685393258427,0.868270332187858,bert-base-uncased,9624,hatexplain_binary_train(9624),hatexplain_binary_dev(2062),hatexplain_binary_test(2063),11
