epoch,val_f1,val_prec,val_rec,test_f1,test_prec,test_rec,model,train_len,train_set(s),dev_set(s),test_set(s),run_id
1.0,0.8635346756152126,0.8674157303370786,0.8596881959910914,0.8615384615384615,0.8571428571428571,0.865979381443299,bert-base-uncased,9624,hatexplain_binary_train(9624),hatexplain_binary_dev(2062),hatexplain_binary_test(2063),11
2.0,0.8804824561403509,0.8671706263498921,0.8942093541202673,0.8619718309859156,0.8481152993348116,0.8762886597938144,bert-base-uncased,9624,hatexplain_binary_train(9624),hatexplain_binary_dev(2062),hatexplain_binary_test(2063),11
3.0,0.8799114554510239,0.8745874587458746,0.8853006681514477,0.8586088939566705,0.8547105561861521,0.8625429553264605,bert-base-uncased,9624,hatexplain_binary_train(9624),hatexplain_binary_dev(2062),hatexplain_binary_test(2063),11
4.0,0.8781838316722038,0.8733480176211453,0.8830734966592427,0.8624368332397531,0.8458149779735683,0.8797250859106529,bert-base-uncased,9624,hatexplain_binary_train(9624),hatexplain_binary_dev(2062),hatexplain_binary_test(2063),11
