epoch,val_f1,val_prec,val_rec,test_f1,test_prec,test_rec,model,train_len,train_set(s),dev_set(s),test_set(s),run_id
1.0,0.8788046485888212,0.8734873487348734,0.8841870824053452,0.8558456299659479,0.8481439820022497,0.86368843069874,bert-base-uncased,9624,hatexplain_binary_train(9624),hatexplain_binary_dev(2062),hatexplain_binary_test(2063),11
2.0,0.8782327586206896,0.8507306889352818,0.9075723830734966,0.863761720904578,0.8329787234042553,0.8969072164948454,bert-base-uncased,9624,hatexplain_binary_train(9624),hatexplain_binary_dev(2062),hatexplain_binary_test(2063),11
3.0,0.8837719298245613,0.8704103671706264,0.8975501113585747,0.8662921348314607,0.8500551267916208,0.8831615120274914,bert-base-uncased,9624,hatexplain_binary_train(9624),hatexplain_binary_dev(2062),hatexplain_binary_test(2063),11
4.0,0.8795180722891566,0.865301724137931,0.8942093541202673,0.8666666666666666,0.855072463768116,0.8785796105383734,bert-base-uncased,9624,hatexplain_binary_train(9624),hatexplain_binary_dev(2062),hatexplain_binary_test(2063),11
