epoch,val_f1,val_prec,val_rec,test_f1,test_prec,test_rec,model,train_len,train_set(s),dev_set(s),test_set(s),run_id
1.0,0.8704209950792782,0.8549946294307197,0.8864142538975501,0.8553811659192825,0.8375411635565313,0.8739977090492554,bert-base-uncased,9624,hatexplain_binary_train(9624),hatexplain_binary_dev(2062),hatexplain_binary_test(2063),11
2.0,0.872454448017149,0.8409090909090909,0.9064587973273942,0.8574585635359117,0.8281750266808965,0.8888888888888888,bert-base-uncased,9624,hatexplain_binary_train(9624),hatexplain_binary_dev(2062),hatexplain_binary_test(2063),11
3.0,0.8774051676745463,0.8664495114006515,0.888641425389755,0.8592425098925948,0.8482142857142857,0.870561282932417,bert-base-uncased,9624,hatexplain_binary_train(9624),hatexplain_binary_dev(2062),hatexplain_binary_test(2063),11
4.0,0.8789531079607416,0.8611111111111112,0.8975501113585747,0.859854829704076,0.8387799564270153,0.8820160366552119,bert-base-uncased,9624,hatexplain_binary_train(9624),hatexplain_binary_dev(2062),hatexplain_binary_test(2063),11
