epoch,val_f1,val_prec,val_rec,test_f1,test_prec,test_rec,model,train_len,train_set(s),dev_set(s),test_set(s),run_id
1.0,0.8648357565966613,0.8373305526590198,0.8942093541202673,0.8571428571428572,0.8265957446808511,0.8900343642611683,bert-base-uncased,9624,hatexplain_binary_train(9624),hatexplain_binary_dev(2062),hatexplain_binary_test(2063),11
2.0,0.8681081081081081,0.8434873949579832,0.8942093541202673,0.864501679731243,0.8455640744797371,0.8843069873997709,bert-base-uncased,9624,hatexplain_binary_train(9624),hatexplain_binary_dev(2062),hatexplain_binary_test(2063),11
3.0,0.8760422456920512,0.8745837957824639,0.8775055679287305,0.8584474885844748,0.8555176336746303,0.861397479954181,bert-base-uncased,9624,hatexplain_binary_train(9624),hatexplain_binary_dev(2062),hatexplain_binary_test(2063),11
4.0,0.8735632183908045,0.8589881593110872,0.888641425389755,0.859865470852018,0.8419319429198683,0.8785796105383734,bert-base-uncased,9624,hatexplain_binary_train(9624),hatexplain_binary_dev(2062),hatexplain_binary_test(2063),11
