epoch,val_f1,val_prec,val_rec,test_f1,test_prec,test_rec,model,train_len,train_set(s),dev_set(s),test_set(s),run_id
1.0,0.8680897646414887,0.8536060279870828,0.8830734966592427,0.8558609085810432,0.8384615384615385,0.8739977090492554,bert-base-uncased,9624,hatexplain_binary_train(9624),hatexplain_binary_dev(2062),hatexplain_binary_test(2063),11
2.0,0.8704607046070462,0.8479408658922915,0.8942093541202673,0.8619340413638904,0.8417030567685589,0.8831615120274914,bert-base-uncased,9624,hatexplain_binary_train(9624),hatexplain_binary_dev(2062),hatexplain_binary_test(2063),11
3.0,0.8769751693002257,0.8890160183066361,0.8652561247216035,0.8561525129982669,0.8636363636363636,0.8487972508591065,bert-base-uncased,9624,hatexplain_binary_train(9624),hatexplain_binary_dev(2062),hatexplain_binary_test(2063),11
4.0,0.8803986710963455,0.8755506607929515,0.8853006681514477,0.8607021517553795,0.851063829787234,0.870561282932417,bert-base-uncased,9624,hatexplain_binary_train(9624),hatexplain_binary_dev(2062),hatexplain_binary_test(2063),11
