epoch,val_f1,val_prec,val_rec,test_f1,test_prec,test_rec,model,train_len,train_set(s),dev_set(s),test_set(s),run_id
1.0,0.8673245614035088,0.8542116630669546,0.8808463251670379,0.8571428571428571,0.8452115812917594,0.8694158075601375,bert-base-uncased,9624,hatexplain_binary_train(9624),hatexplain_binary_dev(2062),hatexplain_binary_test(2063),11
2.0,0.8670953912111468,0.8357438016528925,0.9008908685968819,0.858397365532382,0.8240252897787145,0.8957617411225659,bert-base-uncased,9624,hatexplain_binary_train(9624),hatexplain_binary_dev(2062),hatexplain_binary_test(2063),11
3.0,0.8730071467839472,0.8621064060803475,0.8841870824053452,0.8584269662921349,0.8423373759647188,0.8751431844215349,bert-base-uncased,9624,hatexplain_binary_train(9624),hatexplain_binary_dev(2062),hatexplain_binary_test(2063),11
4.0,0.8739680792515134,0.8639825897714908,0.8841870824053452,0.8600223964165733,0.8411829134720701,0.8797250859106529,bert-base-uncased,9624,hatexplain_binary_train(9624),hatexplain_binary_dev(2062),hatexplain_binary_test(2063),11
