epoch,val_f1,val_prec,val_rec,test_f1,test_prec,test_rec,model,train_len,train_set(s),dev_set(s),test_set(s),run_id
1.0,0.47191011235955055,0.813953488372093,0.3322784810126582,0.47572815533980584,0.8166666666666667,0.3356164383561644,bert-base-uncased,9624,hatexplain_binary_train(9624),dev_incelsis(780),test_incelsis(781),12
2.0,0.5271966527196653,0.7777777777777778,0.3987341772151899,0.5466666666666666,0.7784810126582279,0.4212328767123288,bert-base-uncased,9624,hatexplain_binary_train(9624),dev_incelsis(780),test_incelsis(781),12
3.0,0.509719222462203,0.8027210884353742,0.37341772151898733,0.5231481481481483,0.8071428571428572,0.386986301369863,bert-base-uncased,9624,hatexplain_binary_train(9624),dev_incelsis(780),test_incelsis(781),12
4.0,0.5344129554655871,0.7415730337078652,0.4177215189873418,0.576923076923077,0.7670454545454546,0.4623287671232877,bert-base-uncased,9624,hatexplain_binary_train(9624),dev_incelsis(780),test_incelsis(781),12
