epoch,val_f1,val_prec,val_rec,test_f1,test_prec,test_rec,model,train_len,train_set(s),dev_set(s),test_set(s),run_id
1.0,0.4698275862068966,0.7364864864864865,0.3449367088607595,0.4965831435079727,0.7414965986394558,0.3732876712328767,bert-base-uncased,9624,hatexplain_binary_train(9624),dev_incelsis(780),test_incelsis(781),12
2.0,0.5370741482965933,0.73224043715847,0.4240506329113924,0.5567451820128481,0.7428571428571429,0.4452054794520548,bert-base-uncased,9624,hatexplain_binary_train(9624),dev_incelsis(780),test_incelsis(781),12
3.0,0.505307855626327,0.7677419354838709,0.37658227848101267,0.5401785714285713,0.7756410256410257,0.4143835616438356,bert-base-uncased,9624,hatexplain_binary_train(9624),dev_incelsis(780),test_incelsis(781),12
4.0,0.5384615384615384,0.7471910112359551,0.4208860759493671,0.5567451820128481,0.7428571428571429,0.4452054794520548,bert-base-uncased,9624,hatexplain_binary_train(9624),dev_incelsis(780),test_incelsis(781),12
