epoch,val_f1,val_prec,val_rec,test_f1,test_prec,test_rec,model,train_len,train_set(s),dev_set(s),test_set(s),run_id
1.0,0.4444444444444445,0.746268656716418,0.31645569620253167,0.4832535885167465,0.8015873015873016,0.3458904109589041,bert-base-uncased,9624,hatexplain_binary_train(9624),dev_incelsis(780),test_incelsis(781),12
2.0,0.5146443514644351,0.7592592592592593,0.38924050632911394,0.5770065075921909,0.7869822485207101,0.4554794520547945,bert-base-uncased,9624,hatexplain_binary_train(9624),dev_incelsis(780),test_incelsis(781),12
3.0,0.47058823529411764,0.8253968253968254,0.3291139240506329,0.5277777777777778,0.8142857142857143,0.3904109589041096,bert-base-uncased,9624,hatexplain_binary_train(9624),dev_incelsis(780),test_incelsis(781),12
4.0,0.5319587628865979,0.7633136094674556,0.40822784810126583,0.5665236051502145,0.7586206896551724,0.4520547945205479,bert-base-uncased,9624,hatexplain_binary_train(9624),dev_incelsis(780),test_incelsis(781),12
