epoch,val_f1,val_prec,val_rec,test_f1,test_prec,test_rec,model,train_len,train_set(s),dev_set(s),test_set(s),run_id
1.0,0.44345898004434586,0.7407407407407407,0.31645569620253167,0.49648711943793916,0.7851851851851852,0.363013698630137,bert-base-uncased,9624,hatexplain_binary_train(9624),dev_incelsis(780),test_incelsis(781),12
2.0,0.5123966942148761,0.7380952380952381,0.3924050632911392,0.5517241379310345,0.7441860465116279,0.4383561643835616,bert-base-uncased,9624,hatexplain_binary_train(9624),dev_incelsis(780),test_incelsis(781),12
3.0,0.4827586206896552,0.7567567567567568,0.35443037974683544,0.5538461538461539,0.7730061349693251,0.4315068493150685,bert-base-uncased,9624,hatexplain_binary_train(9624),dev_incelsis(780),test_incelsis(781),12
4.0,0.49789029535864976,0.7468354430379747,0.37341772151898733,0.5665236051502145,0.7586206896551724,0.4520547945205479,bert-base-uncased,9624,hatexplain_binary_train(9624),dev_incelsis(780),test_incelsis(781),12
