epoch,val_f1,val_prec,val_rec,test_f1,test_prec,test_rec,model,train_len,train_set(s),dev_set(s),test_set(s),run_id
1.0,0.4768211920529802,0.7883211678832117,0.34177215189873417,0.4976525821596244,0.7910447761194029,0.363013698630137,bert-base-uncased,9624,hatexplain_binary_train(9624),dev_incelsis(780),test_incelsis(781),12
2.0,0.49356223175965663,0.7666666666666667,0.3639240506329114,0.5348314606741572,0.7777777777777778,0.4075342465753425,bert-base-uncased,9624,hatexplain_binary_train(9624),dev_incelsis(780),test_incelsis(781),12
3.0,0.4945770065075922,0.7862068965517242,0.36075949367088606,0.527027027027027,0.7697368421052632,0.4006849315068493,bert-base-uncased,9624,hatexplain_binary_train(9624),dev_incelsis(780),test_incelsis(781),12
4.0,0.5371900826446281,0.7738095238095238,0.41139240506329117,0.564755838641189,0.7430167597765364,0.4554794520547945,bert-base-uncased,9624,hatexplain_binary_train(9624),dev_incelsis(780),test_incelsis(781),12
