epoch,val_f1,val_prec,val_rec,test_f1,test_prec,test_rec,model,train_len,train_set(s),dev_set(s),test_set(s),run_id
1.0,0.4133016627078385,0.8285714285714286,0.27531645569620256,0.4545454545454546,0.8653846153846154,0.3082191780821918,bert-base-uncased,9624,hatexplain_binary_train(9624),dev_incelsis(780),test_incelsis(781),12
2.0,0.5,0.7837837837837838,0.3670886075949367,0.5330296127562643,0.7959183673469388,0.4006849315068493,bert-base-uncased,9624,hatexplain_binary_train(9624),dev_incelsis(780),test_incelsis(781),12
3.0,0.4934497816593886,0.795774647887324,0.3575949367088608,0.5082352941176471,0.8120300751879699,0.3698630136986301,bert-base-uncased,9624,hatexplain_binary_train(9624),dev_incelsis(780),test_incelsis(781),12
4.0,0.5,0.7564102564102564,0.37341772151898733,0.5401785714285713,0.7756410256410257,0.4143835616438356,bert-base-uncased,9624,hatexplain_binary_train(9624),dev_incelsis(780),test_incelsis(781),12
