epoch,val_f1,val_prec,val_rec,test_f1,test_prec,test_rec,model,train_len,train_set(s),dev_set(s),test_set(s),run_id
1.0,0.4403669724770642,0.8,0.3037974683544304,0.46454767726161367,0.811965811965812,0.3253424657534247,bert-base-uncased,9624,hatexplain_binary_train(9624),dev_incelsis(780),test_incelsis(781),12
2.0,0.5133470225872689,0.7309941520467836,0.39556962025316456,0.5458515283842794,0.7530120481927711,0.4280821917808219,bert-base-uncased,9624,hatexplain_binary_train(9624),dev_incelsis(780),test_incelsis(781),12
3.0,0.5010706638115631,0.7748344370860927,0.370253164556962,0.5265588914549653,0.8085106382978723,0.3904109589041096,bert-base-uncased,9624,hatexplain_binary_train(9624),dev_incelsis(780),test_incelsis(781),12
4.0,0.5224489795918368,0.735632183908046,0.4050632911392405,0.584221748400853,0.7740112994350282,0.4691780821917808,bert-base-uncased,9624,hatexplain_binary_train(9624),dev_incelsis(780),test_incelsis(781),12
