epoch,val_f1,val_prec,val_rec,test_f1,test_prec,test_rec,model,train_len,train_set(s),dev_set(s),test_set(s),run_id
1.0,0.8303886925795053,0.94,0.7436708860759493,0.8092485549132947,0.9251101321585903,0.7191780821917808,bert-base-uncased,13266,"hatexplain_binary_train(9624)
train_incelsis(3642)",dev_incelsis(780),test_incelsis(781),13
2.0,0.8338368580060425,0.7976878612716763,0.8734177215189873,0.8382838283828383,0.8089171974522293,0.8698630136986302,bert-base-uncased,13266,"hatexplain_binary_train(9624)
train_incelsis(3642)",dev_incelsis(780),test_incelsis(781),13
3.0,0.8488549618320611,0.8200589970501475,0.879746835443038,0.8405315614617941,0.8161290322580645,0.8664383561643836,bert-base-uncased,13266,"hatexplain_binary_train(9624)
train_incelsis(3642)",dev_incelsis(780),test_incelsis(781),13
4.0,0.8500772797527048,0.8308157099697885,0.870253164556962,0.8537815126050421,0.8382838283828383,0.8698630136986302,bert-base-uncased,13266,"hatexplain_binary_train(9624)
train_incelsis(3642)",dev_incelsis(780),test_incelsis(781),13
