epoch,val_f1,val_prec,val_rec,test_f1,test_prec,test_rec,model,train_len,train_set(s),dev_set(s),test_set(s),run_id
1.0,0.8088235294117647,0.9649122807017544,0.6962025316455697,0.8085106382978723,0.9288888888888889,0.7157534246575342,bert-base-uncased,13266,"hatexplain_binary_train(9624)
train_incelsis(3642)",dev_incelsis(780),test_incelsis(781),13
2.0,0.8503937007874016,0.8463949843260188,0.8544303797468354,0.8341880341880342,0.8327645051194539,0.8356164383561644,bert-base-uncased,13266,"hatexplain_binary_train(9624)
train_incelsis(3642)",dev_incelsis(780),test_incelsis(781),13
3.0,0.8619631901840491,0.8363095238095238,0.8892405063291139,0.8444444444444444,0.8430034129692833,0.8458904109589042,bert-base-uncased,13266,"hatexplain_binary_train(9624)
train_incelsis(3642)",dev_incelsis(780),test_incelsis(781),13
4.0,0.8492706645056726,0.8704318936877077,0.8291139240506329,0.8400702987697716,0.8628158844765343,0.8184931506849316,bert-base-uncased,13266,"hatexplain_binary_train(9624)
train_incelsis(3642)",dev_incelsis(780),test_incelsis(781),13
