epoch,val_f1,val_prec,val_rec,test_f1,test_prec,test_rec,model,train_len,train_set(s),dev_set(s),test_set(s),run_id
1.0,0.8029739776951673,0.972972972972973,0.6835443037974683,0.8038834951456311,0.9282511210762332,0.708904109589041,bert-base-uncased,13266,"hatexplain_binary_train(9624)
train_incelsis(3642)",dev_incelsis(780),test_incelsis(781),13
2.0,0.860248447204969,0.8445121951219512,0.8765822784810127,0.8451178451178452,0.8311258278145696,0.8595890410958904,bert-base-uncased,13266,"hatexplain_binary_train(9624)
train_incelsis(3642)",dev_incelsis(780),test_incelsis(781),13
3.0,0.8632872503840245,0.8388059701492537,0.8892405063291139,0.8470588235294119,0.8316831683168316,0.863013698630137,bert-base-uncased,13266,"hatexplain_binary_train(9624)
train_incelsis(3642)",dev_incelsis(780),test_incelsis(781),13
4.0,0.8633540372670808,0.8475609756097561,0.879746835443038,0.8424657534246577,0.8424657534246576,0.8424657534246576,bert-base-uncased,13266,"hatexplain_binary_train(9624)
train_incelsis(3642)",dev_incelsis(780),test_incelsis(781),13
