epoch,val_f1,val_prec,val_rec,test_f1,test_prec,test_rec,model,train_len,train_set(s),dev_set(s),test_set(s),run_id
1.0,0.8117001828153565,0.961038961038961,0.7025316455696202,0.801556420233463,0.9279279279279279,0.7054794520547946,bert-base-uncased,13266,"hatexplain_binary_train(9624)
train_incelsis(3642)",dev_incelsis(780),test_incelsis(781),13
2.0,0.8432601880877741,0.8354037267080745,0.8512658227848101,0.8293515358361774,0.826530612244898,0.8321917808219178,bert-base-uncased,13266,"hatexplain_binary_train(9624)
train_incelsis(3642)",dev_incelsis(780),test_incelsis(781),13
3.0,0.8527131782945736,0.8358662613981763,0.870253164556962,0.8408710217755443,0.8229508196721311,0.8595890410958904,bert-base-uncased,13266,"hatexplain_binary_train(9624)
train_incelsis(3642)",dev_incelsis(780),test_incelsis(781),13
4.0,0.8481012658227848,0.8481012658227848,0.8481012658227848,0.831918505942275,0.8249158249158249,0.839041095890411,bert-base-uncased,13266,"hatexplain_binary_train(9624)
train_incelsis(3642)",dev_incelsis(780),test_incelsis(781),13
