epoch,val_f1,val_prec,val_rec,test_f1,test_prec,test_rec,model,train_len,train_set(s),dev_set(s),test_set(s),run_id
1.0,0.8109090909090909,0.9529914529914529,0.7056962025316456,0.8169556840077072,0.933920704845815,0.726027397260274,bert-base-uncased,13266,"hatexplain_binary_train(9624)
train_incelsis(3642)",dev_incelsis(780),test_incelsis(781),13
2.0,0.8434108527131783,0.8267477203647416,0.8607594936708861,0.8253424657534246,0.8253424657534246,0.8253424657534246,bert-base-uncased,13266,"hatexplain_binary_train(9624)
train_incelsis(3642)",dev_incelsis(780),test_incelsis(781),13
3.0,0.8549848942598187,0.8179190751445087,0.8955696202531646,0.8358208955223881,0.8102893890675241,0.863013698630137,bert-base-uncased,13266,"hatexplain_binary_train(9624)
train_incelsis(3642)",dev_incelsis(780),test_incelsis(781),13
4.0,0.8535433070866142,0.8495297805642633,0.8575949367088608,0.8393782383419689,0.8466898954703833,0.8321917808219178,bert-base-uncased,13266,"hatexplain_binary_train(9624)
train_incelsis(3642)",dev_incelsis(780),test_incelsis(781),13
