epoch,val_f1,val_prec,val_rec,test_f1,test_prec,test_rec,model,train_len,train_set(s),dev_set(s),test_set(s),run_id
1.0,0.8384879725085911,0.9172932330827067,0.7721518987341772,0.8481481481481482,0.9233870967741935,0.7842465753424658,bert-base-uncased,13266,"hatexplain_binary_train(9624)
train_incelsis(3642)",dev_incelsis(780),test_incelsis(781),13
2.0,0.8419452887537994,0.8099415204678363,0.8765822784810127,0.8474025974025974,0.8055555555555556,0.8938356164383562,bert-base-uncased,13266,"hatexplain_binary_train(9624)
train_incelsis(3642)",dev_incelsis(780),test_incelsis(781),13
3.0,0.8589147286821706,0.8419452887537994,0.8765822784810127,0.8440065681444991,0.8107255520504731,0.8801369863013698,bert-base-uncased,13266,"hatexplain_binary_train(9624)
train_incelsis(3642)",dev_incelsis(780),test_incelsis(781),13
4.0,0.8624999999999999,0.8518518518518519,0.8734177215189873,0.8475711892797319,0.8295081967213115,0.8664383561643836,bert-base-uncased,13266,"hatexplain_binary_train(9624)
train_incelsis(3642)",dev_incelsis(780),test_incelsis(781),13
