epoch,val_f1,val_prec,val_rec,test_f1,test_prec,test_rec,model,train_len,train_set(s),dev_set(s),test_set(s),run_id
1.0,0.8336314847942755,0.9588477366255144,0.7373417721518988,0.8214971209213052,0.9344978165938864,0.7328767123287672,bert-base-uncased,17766,"hatexplain_binary_train(9624)
train_hateval_2019_english(4500)
train_incelsis(3642)",dev_incelsis(780),test_incelsis(781),14
2.0,0.8614457831325303,0.8218390804597702,0.9050632911392406,0.8341384863123993,0.7872340425531915,0.886986301369863,bert-base-uncased,17766,"hatexplain_binary_train(9624)
train_hateval_2019_english(4500)
train_incelsis(3642)",dev_incelsis(780),test_incelsis(781),14
3.0,0.8593996840442337,0.8580441640378549,0.8607594936708861,0.8502581755593804,0.8546712802768166,0.8458904109589042,bert-base-uncased,17766,"hatexplain_binary_train(9624)
train_hateval_2019_english(4500)
train_incelsis(3642)",dev_incelsis(780),test_incelsis(781),14
4.0,0.8507936507936509,0.8535031847133758,0.8481012658227848,0.8551724137931035,0.8611111111111112,0.8493150684931506,bert-base-uncased,17766,"hatexplain_binary_train(9624)
train_hateval_2019_english(4500)
train_incelsis(3642)",dev_incelsis(780),test_incelsis(781),14
