epoch,val_f1,val_prec,val_rec,test_f1,test_prec,test_rec,model,train_len,train_set(s),dev_set(s),test_set(s),run_id
1.0,0.8400702987697716,0.9446640316205533,0.7563291139240507,0.8122605363984675,0.9217391304347826,0.726027397260274,bert-base-uncased,17766,"hatexplain_binary_train(9624)
train_hateval_2019_english(4500)
train_incelsis(3642)",dev_incelsis(780),test_incelsis(781),14
2.0,0.8597560975609756,0.8294117647058824,0.8924050632911392,0.8308702791461412,0.7981072555205048,0.8664383561643836,bert-base-uncased,17766,"hatexplain_binary_train(9624)
train_hateval_2019_english(4500)
train_incelsis(3642)",dev_incelsis(780),test_incelsis(781),14
3.0,0.852988691437803,0.8712871287128713,0.8354430379746836,0.830122591943958,0.8494623655913979,0.8116438356164384,bert-base-uncased,17766,"hatexplain_binary_train(9624)
train_hateval_2019_english(4500)
train_incelsis(3642)",dev_incelsis(780),test_incelsis(781),14
4.0,0.8634920634920635,0.8662420382165605,0.8607594936708861,0.8413793103448277,0.8472222222222222,0.8356164383561644,bert-base-uncased,17766,"hatexplain_binary_train(9624)
train_hateval_2019_english(4500)
train_incelsis(3642)",dev_incelsis(780),test_incelsis(781),14
