epoch,val_f1,val_prec,val_rec,test_f1,test_prec,test_rec,model,train_len,train_set(s),dev_set(s),test_set(s),run_id
1.0,0.8245614035087719,0.9251968503937008,0.7436708860759493,0.7962264150943397,0.8865546218487395,0.7226027397260274,bert-base-uncased,17766,"hatexplain_binary_train(9624)
train_hateval_2019_english(4500)
train_incelsis(3642)",dev_incelsis(780),test_incelsis(781),14
2.0,0.8451612903225806,0.8618421052631579,0.8291139240506329,0.8417391304347827,0.8551236749116607,0.8287671232876712,bert-base-uncased,17766,"hatexplain_binary_train(9624)
train_hateval_2019_english(4500)
train_incelsis(3642)",dev_incelsis(780),test_incelsis(781),14
3.0,0.8571428571428571,0.8697068403908795,0.8449367088607594,0.8379310344827587,0.84375,0.8321917808219178,bert-base-uncased,17766,"hatexplain_binary_train(9624)
train_hateval_2019_english(4500)
train_incelsis(3642)",dev_incelsis(780),test_incelsis(781),14
4.0,0.8621794871794872,0.8733766233766234,0.8512658227848101,0.8350515463917526,0.8379310344827586,0.8321917808219178,bert-base-uncased,17766,"hatexplain_binary_train(9624)
train_hateval_2019_english(4500)
train_incelsis(3642)",dev_incelsis(780),test_incelsis(781),14
