epoch,val_f1,val_prec,val_rec,test_f1,test_prec,test_rec,model,train_len,train_set(s),dev_set(s),test_set(s),run_id
1.0,0.8341543513957307,0.8668941979522184,0.8037974683544303,0.8336252189141856,0.8530465949820788,0.815068493150685,bert-base-uncased,11134,"df_stormfront_train(7492)
train_incelsis(3642)",dev_incelsis(780),test_incelsis(781),15
2.0,0.8408408408408408,0.8,0.8860759493670886,0.835483870967742,0.7896341463414634,0.886986301369863,bert-base-uncased,11134,"df_stormfront_train(7492)
train_incelsis(3642)",dev_incelsis(780),test_incelsis(781),15
3.0,0.8446601941747572,0.8642384105960265,0.8259493670886076,0.8561643835616438,0.8561643835616438,0.8561643835616438,bert-base-uncased,11134,"df_stormfront_train(7492)
train_incelsis(3642)",dev_incelsis(780),test_incelsis(781),15
4.0,0.8607594936708861,0.8607594936708861,0.8607594936708861,0.86,0.8376623376623377,0.8835616438356164,bert-base-uncased,11134,"df_stormfront_train(7492)
train_incelsis(3642)",dev_incelsis(780),test_incelsis(781),15
