epoch,val_f1,val_prec,val_rec,test_f1,test_prec,test_rec,model,train_len,train_set(s),dev_set(s),test_set(s),run_id
1.0,0.8424437299035369,0.8562091503267973,0.8291139240506329,0.837696335078534,0.8540925266903915,0.821917808219178,bert-base-uncased,11134,"df_stormfront_train(7492)
train_incelsis(3642)",dev_incelsis(780),test_incelsis(781),15
2.0,0.8462709284627093,0.8152492668621701,0.879746835443038,0.8448844884488449,0.8152866242038217,0.8767123287671232,bert-base-uncased,11134,"df_stormfront_train(7492)
train_incelsis(3642)",dev_incelsis(780),test_incelsis(781),15
3.0,0.8615863141524106,0.8470948012232415,0.8765822784810127,0.8561872909698995,0.8366013071895425,0.8767123287671232,bert-base-uncased,11134,"df_stormfront_train(7492)
train_incelsis(3642)",dev_incelsis(780),test_incelsis(781),15
4.0,0.8634920634920635,0.8662420382165605,0.8607594936708861,0.8610634648370497,0.8625429553264605,0.8595890410958904,bert-base-uncased,11134,"df_stormfront_train(7492)
train_incelsis(3642)",dev_incelsis(780),test_incelsis(781),15
