epoch,val_f1,val_prec,val_rec,test_f1,test_prec,test_rec,model,train_len,train_set(s),dev_set(s),test_set(s),run_id
1.0,0.8349514563106796,0.8543046357615894,0.8164556962025317,0.842832469775475,0.8501742160278746,0.8356164383561644,bert-base-uncased,11134,"df_stormfront_train(7492)
train_incelsis(3642)",dev_incelsis(780),test_incelsis(781),15
2.0,0.8435171385991057,0.7971830985915493,0.8955696202531646,0.8415999999999999,0.7897897897897898,0.9006849315068494,bert-base-uncased,11134,"df_stormfront_train(7492)
train_incelsis(3642)",dev_incelsis(780),test_incelsis(781),15
3.0,0.8376623376623378,0.86,0.8164556962025317,0.846286701208981,0.8536585365853658,0.839041095890411,bert-base-uncased,11134,"df_stormfront_train(7492)
train_incelsis(3642)",dev_incelsis(780),test_incelsis(781),15
4.0,0.840764331210191,0.8461538461538461,0.8354430379746836,0.8469387755102041,0.8412162162162162,0.8527397260273972,bert-base-uncased,11134,"df_stormfront_train(7492)
train_incelsis(3642)",dev_incelsis(780),test_incelsis(781),15
