epoch,val_f1,val_prec,val_rec,test_f1,test_prec,test_rec,model,train_len,train_set(s),dev_set(s),test_set(s),run_id
1.0,0.8516746411483254,0.8585209003215434,0.8449367088607594,0.8402777777777778,0.852112676056338,0.8287671232876712,bert-base-uncased,11134,"df_stormfront_train(7492)
train_incelsis(3642)",dev_incelsis(780),test_incelsis(781),15
2.0,0.8497723823975721,0.8163265306122449,0.8860759493670886,0.8333333333333334,0.796875,0.8732876712328768,bert-base-uncased,11134,"df_stormfront_train(7492)
train_incelsis(3642)",dev_incelsis(780),test_incelsis(781),15
3.0,0.8544303797468354,0.8544303797468354,0.8544303797468354,0.8517887563884156,0.847457627118644,0.8561643835616438,bert-base-uncased,11134,"df_stormfront_train(7492)
train_incelsis(3642)",dev_incelsis(780),test_incelsis(781),15
4.0,0.8571428571428571,0.8598726114649682,0.8544303797468354,0.8551959114139693,0.8508474576271187,0.8595890410958904,bert-base-uncased,11134,"df_stormfront_train(7492)
train_incelsis(3642)",dev_incelsis(780),test_incelsis(781),15
