epoch,val_f1,val_prec,val_rec,test_f1,test_prec,test_rec,model,train_len,train_set(s),dev_set(s),test_set(s),run_id
1.0,0.8397435897435898,0.8506493506493507,0.8291139240506329,0.8368055555555556,0.8485915492957746,0.8253424657534246,bert-base-uncased,11134,"df_stormfront_train(7492)
train_incelsis(3642)",dev_incelsis(780),test_incelsis(781),15
2.0,0.8506097560975611,0.8205882352941176,0.8829113924050633,0.8510638297872342,0.8150470219435737,0.8904109589041096,bert-base-uncased,11134,"df_stormfront_train(7492)
train_incelsis(3642)",dev_incelsis(780),test_incelsis(781),15
3.0,0.8503184713375795,0.8557692307692307,0.8449367088607594,0.8532423208191127,0.8503401360544217,0.8561643835616438,bert-base-uncased,11134,"df_stormfront_train(7492)
train_incelsis(3642)",dev_incelsis(780),test_incelsis(781),15
4.0,0.8521462639109697,0.8562300319488818,0.8481012658227848,0.8620102214650767,0.8576271186440678,0.8664383561643836,bert-base-uncased,11134,"df_stormfront_train(7492)
train_incelsis(3642)",dev_incelsis(780),test_incelsis(781),15
