epoch,val_f1,val_prec,val_rec,test_f1,test_prec,test_rec,model,train_len,train_set(s),dev_set(s),test_set(s),run_id
1.0,0.8221070811744386,0.9049429657794676,0.7531645569620253,0.8306010928961748,0.8871595330739299,0.7808219178082192,bert-base-uncased,15634,"df_stormfront_train(7492)
train_hateval_2019_english(4500)
train_incelsis(3642)",dev_incelsis(780),test_incelsis(781),16
2.0,0.8481848184818482,0.8862068965517241,0.8132911392405063,0.8362369337979093,0.851063829787234,0.821917808219178,bert-base-uncased,15634,"df_stormfront_train(7492)
train_hateval_2019_english(4500)
train_incelsis(3642)",dev_incelsis(780),test_incelsis(781),16
3.0,0.8465266558966074,0.8646864686468647,0.8291139240506329,0.8413793103448277,0.8472222222222222,0.8356164383561644,bert-base-uncased,15634,"df_stormfront_train(7492)
train_hateval_2019_english(4500)
train_incelsis(3642)",dev_incelsis(780),test_incelsis(781),16
4.0,0.8404423380726698,0.8391167192429022,0.8417721518987342,0.8415672913117548,0.8372881355932204,0.8458904109589042,bert-base-uncased,15634,"df_stormfront_train(7492)
train_hateval_2019_english(4500)
train_incelsis(3642)",dev_incelsis(780),test_incelsis(781),16
