epoch,val_f1,val_prec,val_rec,test_f1,test_prec,test_rec,model,train_len,train_set(s),dev_set(s),test_set(s),run_id
1.0,0.8434925864909391,0.8797250859106529,0.810126582278481,0.8421052631578948,0.8633093525179856,0.821917808219178,bert-base-uncased,15634,"df_stormfront_train(7492)
train_hateval_2019_english(4500)
train_incelsis(3642)",dev_incelsis(780),test_incelsis(781),16
2.0,0.8494983277591973,0.900709219858156,0.8037974683544303,0.8413547237076648,0.8773234200743495,0.8082191780821918,bert-base-uncased,15634,"df_stormfront_train(7492)
train_hateval_2019_english(4500)
train_incelsis(3642)",dev_incelsis(780),test_incelsis(781),16
3.0,0.8507936507936509,0.8535031847133758,0.8481012658227848,0.8445945945945946,0.8333333333333334,0.8561643835616438,bert-base-uncased,15634,"df_stormfront_train(7492)
train_hateval_2019_english(4500)
train_incelsis(3642)",dev_incelsis(780),test_incelsis(781),16
4.0,0.8513302034428795,0.8421052631578947,0.8607594936708861,0.8421052631578947,0.835016835016835,0.8493150684931506,bert-base-uncased,15634,"df_stormfront_train(7492)
train_hateval_2019_english(4500)
train_incelsis(3642)",dev_incelsis(780),test_incelsis(781),16
