epoch,val_f1,val_prec,val_rec,test_f1,test_prec,test_rec,model,train_len,train_set(s),dev_set(s),test_set(s),run_id
1.0,0.7863554757630162,0.9087136929460581,0.6930379746835443,0.8379888268156425,0.9183673469387755,0.7705479452054794,bert-base-uncased,7284,"train_incelsis(3642)
davidson(3642)",dev_incelsis(780),test_incelsis(781),1
2.0,0.8205980066445183,0.8636363636363636,0.7816455696202531,0.8485915492957746,0.8731884057971014,0.8253424657534246,bert-base-uncased,7284,"train_incelsis(3642)
davidson(3642)",dev_incelsis(780),test_incelsis(781),1
3.0,0.8442367601246106,0.8312883435582822,0.8575949367088608,0.8475711892797319,0.8295081967213115,0.8664383561643836,bert-base-uncased,7284,"train_incelsis(3642)
davidson(3642)",dev_incelsis(780),test_incelsis(781),1
4.0,0.8341384863123993,0.8491803278688524,0.819620253164557,0.852686308492201,0.8631578947368421,0.8424657534246576,bert-base-uncased,7284,"train_incelsis(3642)
davidson(3642)",dev_incelsis(780),test_incelsis(781),1
