epoch,val_f1,val_prec,val_rec,test_f1,test_prec,test_rec,model,train_len,train_set(s),dev_set(s),test_set(s),run_id
1.0,0.7957746478873239,0.8968253968253969,0.7151898734177216,0.8303249097472925,0.8778625954198473,0.7876712328767124,bert-base-uncased,7284,"train_incelsis(3642)
davidson(3642)",dev_incelsis(780),test_incelsis(781),1
2.0,0.8254486133768353,0.8518518518518519,0.8006329113924051,0.8342059336823735,0.8505338078291815,0.8184931506849316,bert-base-uncased,7284,"train_incelsis(3642)
davidson(3642)",dev_incelsis(780),test_incelsis(781),1
3.0,0.8401826484018264,0.8093841642228738,0.8734177215189873,0.8427876823338737,0.8,0.8904109589041096,bert-base-uncased,7284,"train_incelsis(3642)
davidson(3642)",dev_incelsis(780),test_incelsis(781),1
4.0,0.8391167192429022,0.8364779874213837,0.8417721518987342,0.8493150684931505,0.8493150684931506,0.8493150684931506,bert-base-uncased,7284,"train_incelsis(3642)
davidson(3642)",dev_incelsis(780),test_incelsis(781),1
