epoch,val_f1,val_prec,val_rec,test_f1,test_prec,test_rec,model,train_len,train_set(s),dev_set(s),test_set(s),run_id
1.0,0.807017543859649,0.905511811023622,0.7278481012658228,0.8296296296296296,0.9032258064516129,0.7671232876712328,bert-base-uncased,7284,"train_incelsis(3642)
davidson(3642)",dev_incelsis(780),test_incelsis(781),1
2.0,0.835016835016835,0.8920863309352518,0.7848101265822784,0.8489208633093526,0.8939393939393939,0.8082191780821918,bert-base-uncased,7284,"train_incelsis(3642)
davidson(3642)",dev_incelsis(780),test_incelsis(781),1
3.0,0.8448540706605222,0.8208955223880597,0.870253164556962,0.8508474576271187,0.8422818791946308,0.8595890410958904,bert-base-uncased,7284,"train_incelsis(3642)
davidson(3642)",dev_incelsis(780),test_incelsis(781),1
4.0,0.8535031847133757,0.8589743589743589,0.8481012658227848,0.861111111111111,0.8732394366197183,0.8493150684931506,bert-base-uncased,7284,"train_incelsis(3642)
davidson(3642)",dev_incelsis(780),test_incelsis(781),1
