epoch,val_f1,val_prec,val_rec,test_f1,test_prec,test_rec,model,train_len,train_set(s),dev_set(s),test_set(s),run_id
1.0,0.7906976744186047,0.9094650205761317,0.6993670886075949,0.8083491461100568,0.9063829787234042,0.7294520547945206,bert-base-uncased,7284,"train_incelsis(3642)
davidson(3642)",dev_incelsis(780),test_incelsis(781),1
2.0,0.8361204013377925,0.8865248226950354,0.7911392405063291,0.8426763110307414,0.89272030651341,0.797945205479452,bert-base-uncased,7284,"train_incelsis(3642)
davidson(3642)",dev_incelsis(780),test_incelsis(781),1
3.0,0.8480243161094225,0.8157894736842105,0.8829113924050633,0.8325041459369817,0.8070739549839229,0.8595890410958904,bert-base-uncased,7284,"train_incelsis(3642)
davidson(3642)",dev_incelsis(780),test_incelsis(781),1
4.0,0.8465116279069769,0.8297872340425532,0.8639240506329114,0.840677966101695,0.8322147651006712,0.8493150684931506,bert-base-uncased,7284,"train_incelsis(3642)
davidson(3642)",dev_incelsis(780),test_incelsis(781),1
