epoch,val_f1,val_prec,val_rec,test_f1,test_prec,test_rec,model,train_len,train_set(s),dev_set(s),test_set(s),run_id
1.0,0.7956989247311829,0.9173553719008265,0.7025316455696202,0.8154981549815498,0.884,0.7568493150684932,bert-base-uncased,7284,"train_incelsis(3642)
davidson(3642)",dev_incelsis(780),test_incelsis(781),1
2.0,0.8288000000000001,0.8381877022653722,0.819620253164557,0.8482758620689655,0.8541666666666666,0.8424657534246576,bert-base-uncased,7284,"train_incelsis(3642)
davidson(3642)",dev_incelsis(780),test_incelsis(781),1
3.0,0.8440944881889764,0.8401253918495298,0.8481012658227848,0.8480801335559266,0.8273615635179153,0.8698630136986302,bert-base-uncased,7284,"train_incelsis(3642)
davidson(3642)",dev_incelsis(780),test_incelsis(781),1
4.0,0.8427876823338736,0.8637873754152824,0.8227848101265823,0.852686308492201,0.8631578947368421,0.8424657534246576,bert-base-uncased,7284,"train_incelsis(3642)
davidson(3642)",dev_incelsis(780),test_incelsis(781),1
