epoch,val_f1,val_prec,val_rec,test_f1,test_prec,test_rec,model,train_len,train_set(s),dev_set(s),test_set(s),run_id
1.0,0.8372093023255813,0.8206686930091185,0.8544303797468354,0.8396694214876034,0.8115015974440895,0.8698630136986302,bert-base-uncased,7284,"train_incelsis(3642)
hateval_train(3642)",dev_incelsis(780),test_incelsis(781),2
2.0,0.8594249201277955,0.867741935483871,0.8512658227848101,0.8500881834215167,0.8763636363636363,0.8253424657534246,bert-base-uncased,7284,"train_incelsis(3642)
hateval_train(3642)",dev_incelsis(780),test_incelsis(781),2
3.0,0.853968253968254,0.856687898089172,0.8512658227848101,0.8551724137931035,0.8611111111111112,0.8493150684931506,bert-base-uncased,7284,"train_incelsis(3642)
hateval_train(3642)",dev_incelsis(780),test_incelsis(781),2
4.0,0.845553822152886,0.8338461538461538,0.8575949367088608,0.8421052631578947,0.835016835016835,0.8493150684931506,bert-base-uncased,7284,"train_incelsis(3642)
hateval_train(3642)",dev_incelsis(780),test_incelsis(781),2
