epoch,val_f1,val_prec,val_rec,test_f1,test_prec,test_rec,model,train_len,train_set(s),dev_set(s),test_set(s),run_id
1.0,0.8290468986384266,0.7942028985507247,0.8670886075949367,0.8237179487179487,0.7740963855421686,0.8801369863013698,bert-base-uncased,7284,"train_incelsis(3642)
hateval_train(3642)",dev_incelsis(780),test_incelsis(781),2
2.0,0.8466453674121406,0.8548387096774194,0.8386075949367089,0.8404802744425386,0.8419243986254296,0.839041095890411,bert-base-uncased,7284,"train_incelsis(3642)
hateval_train(3642)",dev_incelsis(780),test_incelsis(781),2
3.0,0.8513302034428795,0.8421052631578947,0.8607594936708861,0.8472222222222222,0.8591549295774648,0.8356164383561644,bert-base-uncased,7284,"train_incelsis(3642)
hateval_train(3642)",dev_incelsis(780),test_incelsis(781),2
4.0,0.840625,0.8302469135802469,0.8512658227848101,0.8487972508591066,0.8517241379310345,0.8458904109589042,bert-base-uncased,7284,"train_incelsis(3642)
hateval_train(3642)",dev_incelsis(780),test_incelsis(781),2
