epoch,val_f1,val_prec,val_rec,test_f1,test_prec,test_rec,model,train_len,train_set(s),dev_set(s),test_set(s),run_id
1.0,0.8483920367534457,0.8219584569732937,0.8765822784810127,0.8308702791461412,0.7981072555205048,0.8664383561643836,bert-base-uncased,7284,"train_incelsis(3642)
hateval_train(3642)",dev_incelsis(780),test_incelsis(781),2
2.0,0.8603531300160514,0.8729641693811075,0.8481012658227848,0.856152512998267,0.8666666666666667,0.8458904109589042,bert-base-uncased,7284,"train_incelsis(3642)
hateval_train(3642)",dev_incelsis(780),test_incelsis(781),2
3.0,0.8515497553017943,0.8787878787878788,0.8259493670886076,0.8380281690140845,0.8623188405797102,0.815068493150685,bert-base-uncased,7284,"train_incelsis(3642)
hateval_train(3642)",dev_incelsis(780),test_incelsis(781),2
4.0,0.8508634222919937,0.8442367601246106,0.8575949367088608,0.8449744463373083,0.8406779661016949,0.8493150684931506,bert-base-uncased,7284,"train_incelsis(3642)
hateval_train(3642)",dev_incelsis(780),test_incelsis(781),2
