epoch,val_f1,val_prec,val_rec,test_f1,test_prec,test_rec,model,train_len,train_set(s),dev_set(s),test_set(s),run_id
1.0,0.862015503875969,0.8449848024316109,0.879746835443038,0.826086956521739,0.8071895424836601,0.8458904109589042,bert-base-uncased,7284,"train_incelsis(3642)
hateval_train(3642)",dev_incelsis(780),test_incelsis(781),2
2.0,0.863849765258216,0.8544891640866873,0.8734177215189873,0.8389261744966443,0.8223684210526315,0.8561643835616438,bert-base-uncased,7284,"train_incelsis(3642)
hateval_train(3642)",dev_incelsis(780),test_incelsis(781),2
3.0,0.8653846153846154,0.8766233766233766,0.8544303797468354,0.8417391304347827,0.8551236749116607,0.8287671232876712,bert-base-uncased,7284,"train_incelsis(3642)
hateval_train(3642)",dev_incelsis(780),test_incelsis(781),2
4.0,0.8562401263823065,0.8548895899053628,0.8575949367088608,0.8424657534246577,0.8424657534246576,0.8424657534246576,bert-base-uncased,7284,"train_incelsis(3642)
hateval_train(3642)",dev_incelsis(780),test_incelsis(781),2
