epoch,val_f1,val_prec,val_rec,test_f1,test_prec,test_rec,model,train_len,train_set(s),dev_set(s),test_set(s),run_id
1.0,0.839622641509434,0.834375,0.8449367088607594,0.8361204013377928,0.8169934640522876,0.8561643835616438,bert-base-uncased,7284,"train_incelsis(3642)
hateval_train(3642)",dev_incelsis(780),test_incelsis(781),2
2.0,0.8589540412044374,0.8603174603174604,0.8575949367088608,0.8296041308089501,0.8339100346020761,0.8253424657534246,bert-base-uncased,7284,"train_incelsis(3642)
hateval_train(3642)",dev_incelsis(780),test_incelsis(781),2
3.0,0.8629283489096574,0.8496932515337423,0.8765822784810127,0.8313856427378965,0.8110749185667753,0.8527397260273972,bert-base-uncased,7284,"train_incelsis(3642)
hateval_train(3642)",dev_incelsis(780),test_incelsis(781),2
4.0,0.8589540412044374,0.8603174603174604,0.8575949367088608,0.832764505119454,0.8299319727891157,0.8356164383561644,bert-base-uncased,7284,"train_incelsis(3642)
hateval_train(3642)",dev_incelsis(780),test_incelsis(781),2
