epoch,val_f1,val_prec,val_rec,test_f1,test_prec,test_rec,model,train_len,train_set(s),dev_set(s),test_set(s),run_id
1.0,0.8202764976958524,0.7970149253731343,0.8449367088607594,0.8078817733990147,0.7760252365930599,0.8424657534246576,bert-base-uncased,10926,"train_incelsis(3642)
hateval_train(3642)
davidson(3642)",dev_incelsis(780),test_incelsis(781),3
2.0,0.8383045525902669,0.8317757009345794,0.8449367088607594,0.8302521008403362,0.8151815181518152,0.8458904109589042,bert-base-uncased,10926,"train_incelsis(3642)
hateval_train(3642)
davidson(3642)",dev_incelsis(780),test_incelsis(781),3
3.0,0.8385093167701863,0.823170731707317,0.8544303797468354,0.8356164383561644,0.8356164383561644,0.8356164383561644,bert-base-uncased,10926,"train_incelsis(3642)
hateval_train(3642)
davidson(3642)",dev_incelsis(780),test_incelsis(781),3
4.0,0.839622641509434,0.834375,0.8449367088607594,0.8364888123924268,0.8408304498269896,0.8321917808219178,bert-base-uncased,10926,"train_incelsis(3642)
hateval_train(3642)
davidson(3642)",dev_incelsis(780),test_incelsis(781),3
