epoch,val_f1,val_prec,val_rec,test_f1,test_prec,test_rec,model,train_len,train_set(s),dev_set(s),test_set(s),run_id
1.0,0.8447204968944099,0.8292682926829268,0.8607594936708861,0.8243021346469622,0.7917981072555205,0.8595890410958904,bert-base-uncased,10926,"train_incelsis(3642)
hateval_train(3642)
davidson(3642)",dev_incelsis(780),test_incelsis(781),3
2.0,0.8394276629570748,0.8434504792332268,0.8354430379746836,0.8243243243243243,0.8133333333333334,0.8356164383561644,bert-base-uncased,10926,"train_incelsis(3642)
hateval_train(3642)
davidson(3642)",dev_incelsis(780),test_incelsis(781),3
3.0,0.845679012345679,0.8253012048192772,0.8670886075949367,0.8433333333333333,0.8214285714285714,0.8664383561643836,bert-base-uncased,10926,"train_incelsis(3642)
hateval_train(3642)
davidson(3642)",dev_incelsis(780),test_incelsis(781),3
4.0,0.8530805687203792,0.8517350157728707,0.8544303797468354,0.8537005163511187,0.8581314878892734,0.8493150684931506,bert-base-uncased,10926,"train_incelsis(3642)
hateval_train(3642)
davidson(3642)",dev_incelsis(780),test_incelsis(781),3
