epoch,val_f1,val_prec,val_rec,test_f1,test_prec,test_rec,model,train_len,train_set(s),dev_set(s),test_set(s),run_id
1.0,0.8304278922345483,0.8317460317460318,0.8291139240506329,0.8243243243243243,0.8133333333333334,0.8356164383561644,bert-base-uncased,10926,"train_incelsis(3642)
hateval_train(3642)
davidson(3642)",dev_incelsis(780),test_incelsis(781),3
2.0,0.8457869634340223,0.8498402555910544,0.8417721518987342,0.8277027027027027,0.8166666666666667,0.839041095890411,bert-base-uncased,10926,"train_incelsis(3642)
hateval_train(3642)
davidson(3642)",dev_incelsis(780),test_incelsis(781),3
3.0,0.843558282208589,0.8184523809523809,0.870253164556962,0.8308702791461412,0.7981072555205048,0.8664383561643836,bert-base-uncased,10926,"train_incelsis(3642)
hateval_train(3642)
davidson(3642)",dev_incelsis(780),test_incelsis(781),3
4.0,0.8403100775193798,0.8237082066869301,0.8575949367088608,0.8397976391231029,0.8272425249169435,0.8527397260273972,bert-base-uncased,10926,"train_incelsis(3642)
hateval_train(3642)
davidson(3642)",dev_incelsis(780),test_incelsis(781),3
