epoch,val_f1,val_prec,val_rec,test_f1,test_prec,test_rec,model,train_len,train_set(s),dev_set(s),test_set(s),run_id
1.0,0.8305343511450382,0.8023598820058997,0.8607594936708861,0.8229508196721312,0.789308176100629,0.8595890410958904,bert-base-uncased,10926,"train_incelsis(3642)
hateval_train(3642)
davidson(3642)",dev_incelsis(780),test_incelsis(781),3
2.0,0.8516746411483254,0.8585209003215434,0.8449367088607594,0.835314091680815,0.8282828282828283,0.8424657534246576,bert-base-uncased,10926,"train_incelsis(3642)
hateval_train(3642)
davidson(3642)",dev_incelsis(780),test_incelsis(781),3
3.0,0.8489425981873111,0.8121387283236994,0.8892405063291139,0.8410596026490067,0.8141025641025641,0.8698630136986302,bert-base-uncased,10926,"train_incelsis(3642)
hateval_train(3642)
davidson(3642)",dev_incelsis(780),test_incelsis(781),3
4.0,0.8507936507936509,0.8535031847133758,0.8481012658227848,0.8464163822525598,0.8435374149659864,0.8493150684931506,bert-base-uncased,10926,"train_incelsis(3642)
hateval_train(3642)
davidson(3642)",dev_incelsis(780),test_incelsis(781),3
