epoch,val_f1,val_prec,val_rec,test_f1,test_prec,test_rec,model,train_len,train_set(s),dev_set(s),test_set(s),run_id
1.0,0.8364779874213837,0.83125,0.8417721518987342,0.8175895765472312,0.7795031055900621,0.8595890410958904,bert-base-uncased,10926,"train_incelsis(3642)
hateval_train(3642)
davidson(3642)",dev_incelsis(780),test_incelsis(781),3
2.0,0.8584905660377359,0.853125,0.8639240506329114,0.819078947368421,0.7879746835443038,0.8527397260273972,bert-base-uncased,10926,"train_incelsis(3642)
hateval_train(3642)
davidson(3642)",dev_incelsis(780),test_incelsis(781),3
3.0,0.8554033485540334,0.8240469208211144,0.8892405063291139,0.8336025848142165,0.7889908256880734,0.8835616438356164,bert-base-uncased,10926,"train_incelsis(3642)
hateval_train(3642)
davidson(3642)",dev_incelsis(780),test_incelsis(781),3
4.0,0.8594249201277955,0.867741935483871,0.8512658227848101,0.8401360544217686,0.8344594594594594,0.8458904109589042,bert-base-uncased,10926,"train_incelsis(3642)
hateval_train(3642)
davidson(3642)",dev_incelsis(780),test_incelsis(781),3
