epoch,val_f1,val_prec,val_rec,test_f1,test_prec,test_rec,model,train_len,train_set(s),dev_set(s),test_set(s),run_id
1.0,0.8448540706605222,0.8208955223880597,0.870253164556962,0.8303715670436187,0.7859327217125383,0.8801369863013698,bert-base-uncased,10926,"train_incelsis(3642)
hateval_train(3642)
davidson(3642)",dev_incelsis(780),test_incelsis(781),3
2.0,0.8465116279069769,0.8297872340425532,0.8639240506329114,0.8297520661157025,0.8019169329073482,0.8595890410958904,bert-base-uncased,10926,"train_incelsis(3642)
hateval_train(3642)
davidson(3642)",dev_incelsis(780),test_incelsis(781),3
3.0,0.8400597907324364,0.7960339943342776,0.8892405063291139,0.8390243902439023,0.7987616099071208,0.8835616438356164,bert-base-uncased,10926,"train_incelsis(3642)
hateval_train(3642)
davidson(3642)",dev_incelsis(780),test_incelsis(781),3
4.0,0.8383045525902669,0.8317757009345794,0.8449367088607594,0.8458904109589042,0.8458904109589042,0.8458904109589042,bert-base-uncased,10926,"train_incelsis(3642)
hateval_train(3642)
davidson(3642)",dev_incelsis(780),test_incelsis(781),3
