epoch,val_f1,val_prec,val_rec,test_f1,test_prec,test_rec,model,train_len,train_set(s),dev_set(s),test_set(s),run_id
1.0,0.8451127819548871,0.8051575931232091,0.8892405063291139,0.81421647819063,0.7706422018348624,0.863013698630137,bert-base-uncased,10926,"train_incelsis(3642)
hateval_train(3642)
davidson(3642)",dev_incelsis(780),test_incelsis(781),3
2.0,0.8503184713375795,0.8557692307692307,0.8449367088607594,0.8293515358361774,0.826530612244898,0.8321917808219178,bert-base-uncased,10926,"train_incelsis(3642)
hateval_train(3642)
davidson(3642)",dev_incelsis(780),test_incelsis(781),3
3.0,0.8506097560975611,0.8205882352941176,0.8829113924050633,0.8247078464106845,0.8045602605863192,0.8458904109589042,bert-base-uncased,10926,"train_incelsis(3642)
hateval_train(3642)
davidson(3642)",dev_incelsis(780),test_incelsis(781),3
4.0,0.8485804416403785,0.8459119496855346,0.8512658227848101,0.8273504273504274,0.825938566552901,0.8287671232876712,bert-base-uncased,10926,"train_incelsis(3642)
hateval_train(3642)
davidson(3642)",dev_incelsis(780),test_incelsis(781),3
