epoch,val_f1,val_prec,val_rec,test_f1,test_prec,test_rec,model,train_len,train_set(s),dev_set(s),test_set(s),run_id
1.0,0.475,0.6951219512195121,0.36075949367088606,0.4793028322440087,0.6586826347305389,0.3767123287671233,bert-base-uncased,4500,train_hateval_2019_english(4500),dev_incelsis(780),test_incelsis(781),4
2.0,0.4576271186440678,0.6923076923076923,0.34177215189873417,0.4479638009049774,0.66,0.339041095890411,bert-base-uncased,4500,train_hateval_2019_english(4500),dev_incelsis(780),test_incelsis(781),4
3.0,0.4439655172413793,0.6959459459459459,0.3259493670886076,0.44243792325056436,0.6490066225165563,0.3356164383561644,bert-base-uncased,4500,train_hateval_2019_english(4500),dev_incelsis(780),test_incelsis(781),4
4.0,0.4482758620689656,0.7027027027027027,0.3291139240506329,0.4479638009049774,0.66,0.339041095890411,bert-base-uncased,4500,train_hateval_2019_english(4500),dev_incelsis(780),test_incelsis(781),4
