epoch,val_f1,val_prec,val_rec,test_f1,test_prec,test_rec,model,train_len,train_set(s),dev_set(s),test_set(s),run_id
1.0,0.45807770961145194,0.6473988439306358,0.35443037974683544,0.49576271186440674,0.65,0.4006849315068493,bert-base-uncased,4500,train_hateval_2019_english(4500),dev_incelsis(780),test_incelsis(781),4
2.0,0.3600973236009733,0.7789473684210526,0.23417721518987342,0.3315789473684211,0.7159090909090909,0.21575342465753425,bert-base-uncased,4500,train_hateval_2019_english(4500),dev_incelsis(780),test_incelsis(781),4
3.0,0.4187082405345211,0.706766917293233,0.2974683544303797,0.4668192219679634,0.7034482758620689,0.3493150684931507,bert-base-uncased,4500,train_hateval_2019_english(4500),dev_incelsis(780),test_incelsis(781),4
4.0,0.42761692650334077,0.7218045112781954,0.3037974683544304,0.4541284403669724,0.6875,0.339041095890411,bert-base-uncased,4500,train_hateval_2019_english(4500),dev_incelsis(780),test_incelsis(781),4
