epoch,val_f1,val_prec,val_rec,test_f1,test_prec,test_rec,model,train_len,train_set(s),dev_set(s),test_set(s),run_id
1.0,0.45702306079664573,0.6770186335403726,0.3449367088607595,0.4700665188470066,0.6666666666666666,0.363013698630137,bert-base-uncased,4500,train_hateval_2019_english(4500),dev_incelsis(780),test_incelsis(781),4
2.0,0.4229074889867841,0.6956521739130435,0.3037974683544304,0.44235294117647056,0.706766917293233,0.3219178082191781,bert-base-uncased,4500,train_hateval_2019_english(4500),dev_incelsis(780),test_incelsis(781),4
3.0,0.46960167714884693,0.6956521739130435,0.35443037974683544,0.48672566371681425,0.6875,0.3767123287671233,bert-base-uncased,4500,train_hateval_2019_english(4500),dev_incelsis(780),test_incelsis(781),4
4.0,0.4266666666666667,0.7164179104477612,0.3037974683544304,0.4522144522144522,0.708029197080292,0.3321917808219178,bert-base-uncased,4500,train_hateval_2019_english(4500),dev_incelsis(780),test_incelsis(781),4
