epoch,val_f1,val_prec,val_rec,test_f1,test_prec,test_rec,model,train_len,train_set(s),dev_set(s),test_set(s),run_id
1.0,0.4434968017057569,0.6797385620915033,0.3291139240506329,0.4605263157894737,0.6402439024390244,0.3595890410958904,bert-base-uncased,4500,train_hateval_2019_english(4500),dev_incelsis(780),test_incelsis(781),4
2.0,0.3679245283018868,0.7222222222222222,0.2468354430379747,0.361323155216285,0.7029702970297029,0.24315068493150685,bert-base-uncased,4500,train_hateval_2019_english(4500),dev_incelsis(780),test_incelsis(781),4
3.0,0.44052863436123346,0.7246376811594203,0.31645569620253167,0.4367816091954023,0.6643356643356644,0.3253424657534247,bert-base-uncased,4500,train_hateval_2019_english(4500),dev_incelsis(780),test_incelsis(781),4
4.0,0.4063205417607223,0.7086614173228346,0.2848101265822785,0.4329411764705883,0.6917293233082706,0.3150684931506849,bert-base-uncased,4500,train_hateval_2019_english(4500),dev_incelsis(780),test_incelsis(781),4
