epoch,val_f1,val_prec,val_rec,test_f1,test_prec,test_rec,model,train_len,train_set(s),dev_set(s),test_set(s),run_id
1.0,0.3687943262411348,0.7289719626168224,0.2468354430379747,0.3532467532467532,0.7311827956989247,0.2328767123287671,bert-base-uncased,4500,train_hateval_2019_english(4500),dev_incelsis(780),test_incelsis(781),4
2.0,0.36104513064133015,0.7238095238095238,0.24050632911392406,0.3692307692307692,0.7346938775510204,0.2465753424657534,bert-base-uncased,4500,train_hateval_2019_english(4500),dev_incelsis(780),test_incelsis(781),4
3.0,0.424507658643326,0.6879432624113475,0.3069620253164557,0.44239631336405527,0.676056338028169,0.3287671232876712,bert-base-uncased,4500,train_hateval_2019_english(4500),dev_incelsis(780),test_incelsis(781),4
4.0,0.4035874439461884,0.6923076923076923,0.2848101265822785,0.4228028503562945,0.689922480620155,0.3047945205479452,bert-base-uncased,4500,train_hateval_2019_english(4500),dev_incelsis(780),test_incelsis(781),4
