epoch,val_f1,val_prec,val_rec,test_f1,test_prec,test_rec,model,train_len,train_set(s),dev_set(s),test_set(s),run_id
1.0,0.36104513064133015,0.7238095238095238,0.24050632911392406,0.3809523809523809,0.7102803738317757,0.2602739726027397,bert-base-uncased,4500,train_hateval_2019_english(4500),dev_incelsis(780),test_incelsis(781),4
2.0,0.3953488372093023,0.7456140350877193,0.2689873417721519,0.39803439803439805,0.7043478260869566,0.2773972602739726,bert-base-uncased,4500,train_hateval_2019_english(4500),dev_incelsis(780),test_incelsis(781),4
3.0,0.42152466367713004,0.7230769230769231,0.2974683544303797,0.4329411764705883,0.6917293233082706,0.3150684931506849,bert-base-uncased,4500,train_hateval_2019_english(4500),dev_incelsis(780),test_incelsis(781),4
4.0,0.4212860310421286,0.7037037037037037,0.30063291139240506,0.4505747126436782,0.6853146853146853,0.3356164383561644,bert-base-uncased,4500,train_hateval_2019_english(4500),dev_incelsis(780),test_incelsis(781),4
