epoch,val_f1,val_prec,val_rec,test_f1,test_prec,test_rec,model,train_len,train_set(s),dev_set(s),test_set(s),run_id
1.0,0.45528455284552843,0.6363636363636364,0.35443037974683544,0.49382716049382713,0.6185567010309279,0.410958904109589,bert-base-uncased,4500,train_hateval_2019_english(4500),dev_incelsis(780),test_incelsis(781),4
2.0,0.4273127753303965,0.7028985507246377,0.3069620253164557,0.4351851851851852,0.6714285714285714,0.3219178082191781,bert-base-uncased,4500,train_hateval_2019_english(4500),dev_incelsis(780),test_incelsis(781),4
3.0,0.4392324093816632,0.673202614379085,0.3259493670886076,0.4711111111111112,0.6708860759493671,0.363013698630137,bert-base-uncased,4500,train_hateval_2019_english(4500),dev_incelsis(780),test_incelsis(781),4
4.0,0.4391304347826087,0.7013888888888888,0.31962025316455694,0.4570135746606335,0.6733333333333333,0.3458904109589041,bert-base-uncased,4500,train_hateval_2019_english(4500),dev_incelsis(780),test_incelsis(781),4
