epoch,val_f1,val_prec,val_rec,test_f1,test_prec,test_rec,model,train_len,train_set(s),dev_set(s),test_set(s),run_id
1.0,0.4912280701754386,0.8,0.35443037974683544,0.5446623093681917,0.7485029940119761,0.4280821917808219,bert-base-uncased,21848,"train_davidson(17348)
train_hateval_2019_english(4500)",dev_incelsis(780),test_incelsis(781),5
2.0,0.4968421052631578,0.7421383647798742,0.37341772151898733,0.5896907216494844,0.7409326424870466,0.4897260273972603,bert-base-uncased,21848,"train_davidson(17348)
train_hateval_2019_english(4500)",dev_incelsis(780),test_incelsis(781),5
3.0,0.6261180679785331,0.720164609053498,0.5537974683544303,0.6582278481012658,0.6973180076628352,0.6232876712328768,bert-base-uncased,21848,"train_davidson(17348)
train_hateval_2019_english(4500)",dev_incelsis(780),test_incelsis(781),5
4.0,0.6123188405797102,0.7161016949152542,0.5348101265822784,0.6444444444444445,0.7016129032258065,0.5958904109589042,bert-base-uncased,21848,"train_davidson(17348)
train_hateval_2019_english(4500)",dev_incelsis(780),test_incelsis(781),5
