epoch,val_f1,val_prec,val_rec,test_f1,test_prec,test_rec,model,train_len,train_set(s),dev_set(s),test_set(s),run_id
1.0,0.4659340659340659,0.762589928057554,0.33544303797468356,0.543859649122807,0.7560975609756098,0.4246575342465753,bert-base-uncased,21848,"train_davidson(17348)
train_hateval_2019_english(4500)",dev_incelsis(780),test_incelsis(781),5
2.0,0.5421686746987951,0.7417582417582418,0.4272151898734177,0.6322067594433399,0.7535545023696683,0.5445205479452054,bert-base-uncased,21848,"train_davidson(17348)
train_hateval_2019_english(4500)",dev_incelsis(780),test_incelsis(781),5
3.0,0.6175942549371634,0.7136929460580913,0.5443037974683544,0.6570915619389586,0.690566037735849,0.6267123287671232,bert-base-uncased,21848,"train_davidson(17348)
train_hateval_2019_english(4500)",dev_incelsis(780),test_incelsis(781),5
4.0,0.6014760147601477,0.7212389380530974,0.5158227848101266,0.6556169429097606,0.7091633466135459,0.6095890410958904,bert-base-uncased,21848,"train_davidson(17348)
train_hateval_2019_english(4500)",dev_incelsis(780),test_incelsis(781),5
