epoch,val_f1,val_prec,val_rec,test_f1,test_prec,test_rec,model,train_len,train_set(s),dev_set(s),test_set(s),run_id
1.0,0.5278350515463917,0.757396449704142,0.4050632911392405,0.5860655737704918,0.7295918367346939,0.4897260273972603,bert-base-uncased,21848,"train_davidson(17348)
train_hateval_2019_english(4500)",dev_incelsis(780),test_incelsis(781),5
2.0,0.5378151260504201,0.8,0.4050632911392405,0.605316973415133,0.751269035532995,0.5068493150684932,bert-base-uncased,21848,"train_davidson(17348)
train_hateval_2019_english(4500)",dev_incelsis(780),test_incelsis(781),5
3.0,0.6231884057971013,0.7288135593220338,0.5443037974683544,0.6580406654343808,0.714859437751004,0.6095890410958904,bert-base-uncased,21848,"train_davidson(17348)
train_hateval_2019_english(4500)",dev_incelsis(780),test_incelsis(781),5
4.0,0.6206896551724138,0.7276595744680852,0.5411392405063291,0.6533575317604355,0.694980694980695,0.6164383561643836,bert-base-uncased,21848,"train_davidson(17348)
train_hateval_2019_english(4500)",dev_incelsis(780),test_incelsis(781),5
