epoch,val_f1,val_prec,val_rec,test_f1,test_prec,test_rec,model,train_len,train_set(s),dev_set(s),test_set(s),run_id
1.0,0.37378640776699024,0.8020833333333334,0.24367088607594936,0.4821002386634845,0.7952755905511811,0.3458904109589041,bert-base-uncased,21848,"train_davidson(17348)
train_hateval_2019_english(4500)",dev_incelsis(780),test_incelsis(781),5
2.0,0.5269709543568465,0.7650602409638554,0.40189873417721517,0.5894308943089431,0.725,0.4965753424657534,bert-base-uncased,21848,"train_davidson(17348)
train_hateval_2019_english(4500)",dev_incelsis(780),test_incelsis(781),5
3.0,0.6459412780656304,0.7110266159695817,0.5917721518987342,0.6548042704626335,0.6814814814814815,0.6301369863013698,bert-base-uncased,21848,"train_davidson(17348)
train_hateval_2019_english(4500)",dev_incelsis(780),test_incelsis(781),5
4.0,0.5947955390334573,0.7207207207207207,0.5063291139240507,0.6292134831460674,0.6942148760330579,0.5753424657534246,bert-base-uncased,21848,"train_davidson(17348)
train_hateval_2019_english(4500)",dev_incelsis(780),test_incelsis(781),5
