epoch,val_f1,val_prec,val_rec,test_f1,test_prec,test_rec,model,train_len,train_set(s),dev_set(s),test_set(s),run_id
1.0,0.4305555555555556,0.8017241379310345,0.29430379746835444,0.5162790697674419,0.8043478260869565,0.3801369863013699,bert-base-uncased,21848,"train_davidson(17348)
train_hateval_2019_english(4500)",dev_incelsis(780),test_incelsis(781),5
2.0,0.4724061810154525,0.781021897810219,0.33860759493670883,0.5617021276595744,0.7415730337078652,0.4520547945205479,bert-base-uncased,21848,"train_davidson(17348)
train_hateval_2019_english(4500)",dev_incelsis(780),test_incelsis(781),5
3.0,0.5725190839694657,0.7211538461538461,0.47468354430379744,0.6387832699619771,0.717948717948718,0.5753424657534246,bert-base-uncased,21848,"train_davidson(17348)
train_hateval_2019_english(4500)",dev_incelsis(780),test_incelsis(781),5
4.0,0.5566218809980805,0.7073170731707317,0.4588607594936709,0.6333973128598848,0.7205240174672489,0.565068493150685,bert-base-uncased,21848,"train_davidson(17348)
train_hateval_2019_english(4500)",dev_incelsis(780),test_incelsis(781),5
