epoch,val_f1,val_prec,val_rec,test_f1,test_prec,test_rec,model,train_len,train_set(s),dev_set(s),test_set(s),run_id
1.0,0.6175298804780877,0.5849056603773585,0.6540084388185654,0.6563750714694111,0.51295799821269,0.9111111111111111,bert-base-uncased,3642,train_incelsis(3642),dev_hateval_2019_english(500),test_hateval_2019_english(1500),6
2.0,0.5775656324582339,0.6648351648351648,0.510548523206751,0.6689458689458689,0.5217777777777778,0.9317460317460318,bert-base-uncased,3642,train_incelsis(3642),dev_hateval_2019_english(500),test_hateval_2019_english(1500),6
3.0,0.5876777251184835,0.6702702702702703,0.5232067510548524,0.6689734717416378,0.5253623188405797,0.9206349206349206,bert-base-uncased,3642,train_incelsis(3642),dev_hateval_2019_english(500),test_hateval_2019_english(1500),6
4.0,0.5892857142857142,0.6255924170616114,0.5569620253164557,0.6610644257703081,0.5108225108225108,0.9365079365079365,bert-base-uncased,3642,train_incelsis(3642),dev_hateval_2019_english(500),test_hateval_2019_english(1500),6
