epoch,val_f1,val_prec,val_rec,test_f1,test_prec,test_rec,model,train_len,train_set(s),dev_set(s),test_set(s),run_id
1.0,0.5971370143149284,0.5793650793650794,0.6160337552742616,0.648447204968944,0.5326530612244897,0.8285714285714286,bert-base-uncased,3642,train_incelsis(3642),dev_hateval_2019_english(500),test_hateval_2019_english(1500),6
2.0,0.5542168674698795,0.6460674157303371,0.48523206751054854,0.6542617046818728,0.5260617760617761,0.8650793650793651,bert-base-uncased,3642,train_incelsis(3642),dev_hateval_2019_english(500),test_hateval_2019_english(1500),6
3.0,0.5306122448979592,0.6709677419354839,0.4388185654008439,0.6666666666666666,0.5448136958710977,0.8587301587301587,bert-base-uncased,3642,train_incelsis(3642),dev_hateval_2019_english(500),test_hateval_2019_english(1500),6
4.0,0.5781990521327015,0.6594594594594595,0.5147679324894515,0.6658878504672897,0.5268022181146026,0.9047619047619048,bert-base-uncased,3642,train_incelsis(3642),dev_hateval_2019_english(500),test_hateval_2019_english(1500),6
