epoch,val_f1,val_prec,val_rec,test_f1,test_prec,test_rec,model,train_len,train_set(s),dev_set(s),test_set(s),run_id
1.0,0.6298568507157464,0.6111111111111112,0.6497890295358649,0.660092807424594,0.520109689213894,0.9031746031746032,bert-base-uncased,3642,train_incelsis(3642),dev_hateval_2019_english(500),test_hateval_2019_english(1500),6
2.0,0.5653206650831354,0.6467391304347826,0.5021097046413502,0.6502057613168726,0.5163398692810458,0.8777777777777778,bert-base-uncased,3642,train_incelsis(3642),dev_hateval_2019_english(500),test_hateval_2019_english(1500),6
3.0,0.5734597156398105,0.654054054054054,0.510548523206751,0.6626506024096386,0.5339805825242718,0.873015873015873,bert-base-uncased,3642,train_incelsis(3642),dev_hateval_2019_english(500),test_hateval_2019_english(1500),6
4.0,0.5972850678733032,0.6439024390243903,0.5569620253164557,0.6577259475218659,0.5198156682027649,0.8952380952380953,bert-base-uncased,3642,train_incelsis(3642),dev_hateval_2019_english(500),test_hateval_2019_english(1500),6
