epoch,val_f1,val_prec,val_rec,test_f1,test_prec,test_rec,model,train_len,train_set(s),dev_set(s),test_set(s),run_id
1.0,0.6422764227642277,0.6196078431372549,0.6666666666666666,0.653061224489796,0.5004226542688082,0.9396825396825397,bert-base-uncased,3642,train_incelsis(3642),dev_hateval_2019_english(500),test_hateval_2019_english(1500),6
2.0,0.5644768856447687,0.6666666666666666,0.48945147679324896,0.6532544378698225,0.5207547169811321,0.8761904761904762,bert-base-uncased,3642,train_incelsis(3642),dev_hateval_2019_english(500),test_hateval_2019_english(1500),6
3.0,0.5957446808510638,0.6774193548387096,0.5316455696202531,0.6508474576271186,0.5052631578947369,0.9142857142857143,bert-base-uncased,3642,train_incelsis(3642),dev_hateval_2019_english(500),test_hateval_2019_english(1500),6
4.0,0.6129032258064516,0.6751269035532995,0.5611814345991561,0.6497517926089355,0.4978867286559594,0.9349206349206349,bert-base-uncased,3642,train_incelsis(3642),dev_hateval_2019_english(500),test_hateval_2019_english(1500),6
