epoch,val_f1,val_prec,val_rec,test_f1,test_prec,test_rec,model,train_len,train_set(s),dev_set(s),test_set(s),run_id
1.0,0.6171875,0.5745454545454546,0.6666666666666666,0.6353992183137912,0.4900947459086994,0.9031746031746032,bert-base-uncased,3642,train_incelsis(3642),dev_hateval_2019_english(500),test_hateval_2019_english(1500),6
2.0,0.534313725490196,0.6374269005847953,0.459915611814346,0.6244725738396625,0.5034013605442177,0.8222222222222222,bert-base-uncased,3642,train_incelsis(3642),dev_hateval_2019_english(500),test_hateval_2019_english(1500),6
3.0,0.4712328767123288,0.671875,0.3628691983122363,0.6063157894736841,0.5433962264150943,0.6857142857142857,bert-base-uncased,3642,train_incelsis(3642),dev_hateval_2019_english(500),test_hateval_2019_english(1500),6
4.0,0.5625000000000001,0.6536312849162011,0.4936708860759494,0.6294919454770755,0.516260162601626,0.8063492063492064,bert-base-uncased,3642,train_incelsis(3642),dev_hateval_2019_english(500),test_hateval_2019_english(1500),6
