epoch,val_f1,val_prec,val_rec,test_f1,test_prec,test_rec,model,train_len,train_set(s),dev_set(s),test_set(s),run_id
1.0,0.5775862068965518,0.5903083700440529,0.5654008438818565,0.6219126029132362,0.5173867228661749,0.7793650793650794,bert-base-uncased,3642,train_incelsis(3642),dev_hateval_2019_english(500),test_hateval_2019_english(1500),6
2.0,0.5714285714285715,0.6557377049180327,0.5063291139240507,0.6283987915407855,0.5073170731707317,0.8253968253968254,bert-base-uncased,3642,train_incelsis(3642),dev_hateval_2019_english(500),test_hateval_2019_english(1500),6
3.0,0.46153846153846156,0.6614173228346457,0.35443037974683544,0.6174678402166554,0.538370720188902,0.7238095238095238,bert-base-uncased,3642,train_incelsis(3642),dev_hateval_2019_english(500),test_hateval_2019_english(1500),6
4.0,0.5780885780885782,0.6458333333333334,0.5232067510548524,0.6340895869691681,0.5004591368227732,0.8650793650793651,bert-base-uncased,3642,train_incelsis(3642),dev_hateval_2019_english(500),test_hateval_2019_english(1500),6
