epoch,val_f1,val_prec,val_rec,test_f1,test_prec,test_rec,model,train_len,train_set(s),dev_set(s),test_set(s),run_id
1.0,0.43612334801762115,0.717391304347826,0.31329113924050633,0.5238095238095238,0.711764705882353,0.4143835616438356,bert-base-uncased,17348,train_davidson(17348),dev_incelsis(780),test_incelsis(781),7
2.0,0.47107438016528924,0.6785714285714286,0.36075949367088606,0.5585215605749486,0.6974358974358974,0.4657534246575342,bert-base-uncased,17348,train_davidson(17348),dev_incelsis(780),test_incelsis(781),7
3.0,0.4931506849315068,0.6461538461538462,0.3987341772151899,0.5742971887550201,0.6941747572815534,0.4897260273972603,bert-base-uncased,17348,train_davidson(17348),dev_incelsis(780),test_incelsis(781),7
4.0,0.5187969924812029,0.6388888888888888,0.43670886075949367,0.5904761904761906,0.6652360515021459,0.5308219178082192,bert-base-uncased,17348,train_davidson(17348),dev_incelsis(780),test_incelsis(781),7
