epoch,val_f1,val_prec,val_rec,test_f1,test_prec,test_rec,model,train_len,train_set(s),dev_set(s),test_set(s),run_id
1.0,0.4449244060475162,0.7006802721088435,0.3259493670886076,0.547008547008547,0.7272727272727273,0.4383561643835616,bert-base-uncased,17348,train_davidson(17348),dev_incelsis(780),test_incelsis(781),7
2.0,0.40979955456570155,0.6917293233082706,0.2911392405063291,0.5291479820627802,0.7662337662337663,0.4041095890410959,bert-base-uncased,17348,train_davidson(17348),dev_incelsis(780),test_incelsis(781),7
3.0,0.5569620253164557,0.6497890295358649,0.4873417721518987,0.6268115942028987,0.6653846153846154,0.5924657534246576,bert-base-uncased,17348,train_davidson(17348),dev_incelsis(780),test_incelsis(781),7
4.0,0.5565529622980252,0.6431535269709544,0.49050632911392406,0.6229508196721311,0.6653696498054474,0.5856164383561644,bert-base-uncased,17348,train_davidson(17348),dev_incelsis(780),test_incelsis(781),7
