epoch,val_f1,val_prec,val_rec,test_f1,test_prec,test_rec,model,train_len,train_set(s),dev_set(s),test_set(s),run_id
1.0,0.3422982885085575,0.7526881720430108,0.22151898734177214,0.450363196125908,0.768595041322314,0.3184931506849315,bert-base-uncased,17348,train_davidson(17348),dev_incelsis(780),test_incelsis(781),7
2.0,0.36018957345971564,0.7169811320754716,0.24050632911392406,0.4748201438848922,0.792,0.339041095890411,bert-base-uncased,17348,train_davidson(17348),dev_incelsis(780),test_incelsis(781),7
3.0,0.5641025641025641,0.6695652173913044,0.4873417721518987,0.6325411334552103,0.6784313725490196,0.5924657534246576,bert-base-uncased,17348,train_davidson(17348),dev_incelsis(780),test_incelsis(781),7
4.0,0.5698529411764706,0.6798245614035088,0.49050632911392406,0.6199261992619927,0.672,0.5753424657534246,bert-base-uncased,17348,train_davidson(17348),dev_incelsis(780),test_incelsis(781),7
