epoch,val_f1,val_prec,val_rec,test_f1,test_prec,test_rec,model,train_len,train_set(s),dev_set(s),test_set(s),run_id
1.0,0.4324324324324324,0.75,0.3037974683544304,0.5256124721603563,0.7515923566878981,0.4041095890410959,bert-base-uncased,17348,train_davidson(17348),dev_incelsis(780),test_incelsis(781),7
2.0,0.4370860927152318,0.7226277372262774,0.31329113924050633,0.5482456140350876,0.7621951219512195,0.4280821917808219,bert-base-uncased,17348,train_davidson(17348),dev_incelsis(780),test_incelsis(781),7
3.0,0.550561797752809,0.6743119266055045,0.4651898734177215,0.6085343228200372,0.6639676113360324,0.5616438356164384,bert-base-uncased,17348,train_davidson(17348),dev_incelsis(780),test_incelsis(781),7
4.0,0.5583941605839416,0.6594827586206896,0.48417721518987344,0.6094890510948905,0.65234375,0.571917808219178,bert-base-uncased,17348,train_davidson(17348),dev_incelsis(780),test_incelsis(781),7
