epoch,val_f1,val_prec,val_rec,test_f1,test_prec,test_rec,model,train_len,train_set(s),dev_set(s),test_set(s),run_id
1.0,0.45119305856832964,0.7172413793103448,0.3291139240506329,0.5281385281385281,0.7176470588235294,0.4178082191780822,bert-base-uncased,17348,train_davidson(17348),dev_incelsis(780),test_incelsis(781),7
2.0,0.45689655172413796,0.7162162162162162,0.33544303797468356,0.5598290598290598,0.7443181818181818,0.4486301369863014,bert-base-uncased,17348,train_davidson(17348),dev_incelsis(780),test_incelsis(781),7
3.0,0.5641952983725136,0.6582278481012658,0.4936708860759494,0.6126126126126126,0.6463878326996197,0.5821917808219178,bert-base-uncased,17348,train_davidson(17348),dev_incelsis(780),test_incelsis(781),7
4.0,0.5559566787003609,0.6470588235294118,0.4873417721518987,0.6029411764705883,0.6507936507936508,0.5616438356164384,bert-base-uncased,17348,train_davidson(17348),dev_incelsis(780),test_incelsis(781),7
