epoch,val_f1,val_prec,val_rec,test_f1,test_prec,test_rec,model,train_len,train_set(s),dev_set(s),test_set(s),run_id
1.0,0.48851774530271386,0.7177914110429447,0.370253164556962,0.5696465696465697,0.7248677248677249,0.4691780821917808,bert-base-uncased,17348,train_davidson(17348),dev_incelsis(780),test_incelsis(781),7
2.0,0.45299145299145305,0.6973684210526315,0.33544303797468356,0.5671641791044776,0.751412429378531,0.4554794520547945,bert-base-uncased,17348,train_davidson(17348),dev_incelsis(780),test_incelsis(781),7
3.0,0.5474452554744527,0.646551724137931,0.47468354430379744,0.5962962962962962,0.6491935483870968,0.5513698630136986,bert-base-uncased,17348,train_davidson(17348),dev_incelsis(780),test_incelsis(781),7
4.0,0.5663082437275986,0.6528925619834711,0.5,0.5962962962962962,0.6491935483870968,0.5513698630136986,bert-base-uncased,17348,train_davidson(17348),dev_incelsis(780),test_incelsis(781),7
