epoch,val_f1,val_prec,val_rec,test_f1,test_prec,test_rec,model,train_len,train_set(s),dev_set(s),test_set(s),run_id
1.0,0.4618736383442266,0.7412587412587412,0.33544303797468356,0.5376344086021506,0.7225433526011561,0.4280821917808219,bert-base-uncased,17348,train_davidson(17348),dev_incelsis(780),test_incelsis(781),7
2.0,0.4298245614035087,0.7,0.310126582278481,0.5132743362831859,0.725,0.3972602739726027,bert-base-uncased,17348,train_davidson(17348),dev_incelsis(780),test_incelsis(781),7
3.0,0.5163776493256261,0.6600985221674877,0.4240506329113924,0.6064030131826742,0.6736401673640168,0.5513698630136986,bert-base-uncased,17348,train_davidson(17348),dev_incelsis(780),test_incelsis(781),7
4.0,0.5310734463276836,0.6558139534883721,0.4462025316455696,0.6067415730337079,0.6694214876033058,0.5547945205479452,bert-base-uncased,17348,train_davidson(17348),dev_incelsis(780),test_incelsis(781),7
