epoch,val_f1,val_prec,val_rec,test_f1,test_prec,test_rec,model,train_len,train_set(s),dev_set(s),test_set(s),run_id
1.0,0.37344398340248963,0.24777636594663277,0.7577720207253886,0.3581320450885668,0.23489649345162653,0.7533875338753387,bert-base-uncased,3642,train_incelsis(3642),dev_davidson(3717),test_davidson(3718),8
2.0,0.3690280065897858,0.27053140096618356,0.5803108808290155,0.3345663789560214,0.240117994100295,0.551490514905149,bert-base-uncased,3642,train_incelsis(3642),dev_davidson(3717),test_davidson(3718),8
3.0,0.35820895522388063,0.27091633466135456,0.5284974093264249,0.3298701298701298,0.24236641221374045,0.516260162601626,bert-base-uncased,3642,train_incelsis(3642),dev_davidson(3717),test_davidson(3718),8
4.0,0.36652460286710575,0.2614704256495301,0.6126943005181347,0.3450949980612641,0.24171645844649647,0.6029810298102981,bert-base-uncased,3642,train_incelsis(3642),dev_davidson(3717),test_davidson(3718),8
