epoch,val_f1,val_prec,val_rec,test_f1,test_prec,test_rec,model,train_len,train_set(s),dev_set(s),test_set(s),run_id
1.0,0.37756286266924566,0.26916712630998346,0.6321243523316062,0.3676300578034682,0.2568659127625202,0.6463414634146342,bert-base-uncased,3642,train_incelsis(3642),dev_davidson(3717),test_davidson(3718),8
2.0,0.35903614457831323,0.26018626309662396,0.5790155440414507,0.33731105807478123,0.23873873873873874,0.5745257452574526,bert-base-uncased,3642,train_incelsis(3642),dev_davidson(3717),test_davidson(3718),8
3.0,0.3447661469933185,0.26272912423625255,0.5012953367875648,0.32578783843763875,0.24224422442244226,0.497289972899729,bert-base-uncased,3642,train_incelsis(3642),dev_davidson(3717),test_davidson(3718),8
4.0,0.376433372874654,0.27091633466135456,0.616580310880829,0.33953304313415117,0.2397987702627166,0.5813008130081301,bert-base-uncased,3642,train_incelsis(3642),dev_davidson(3717),test_davidson(3718),8
