epoch,val_f1,val_prec,val_rec,test_f1,test_prec,test_rec,model,train_len,train_set(s),dev_set(s),test_set(s),run_id
1.0,0.3935031376891842,0.2751677852348993,0.6904145077720207,0.37868058143868805,0.26118251928020564,0.6883468834688347,bert-base-uncased,3642,train_incelsis(3642),dev_davidson(3717),test_davidson(3718),8
2.0,0.3541666666666667,0.25638051044083526,0.572538860103627,0.33879344786256493,0.24022662889518415,0.5745257452574526,bert-base-uncased,3642,train_incelsis(3642),dev_davidson(3717),test_davidson(3718),8
3.0,0.36514522821576767,0.2575838211814795,0.6269430051813472,0.35329795299469297,0.24526315789473685,0.6314363143631436,bert-base-uncased,3642,train_incelsis(3642),dev_davidson(3717),test_davidson(3718),8
4.0,0.3577293823634416,0.24691966485953673,0.6489637305699482,0.34826227158724465,0.23672674135411592,0.6585365853658537,bert-base-uncased,3642,train_incelsis(3642),dev_davidson(3717),test_davidson(3718),8
