epoch,val_f1,val_prec,val_rec,test_f1,test_prec,test_rec,model,train_len,train_set(s),dev_set(s),test_set(s),run_id
1.0,0.3995006242197253,0.29429797670141017,0.6217616580310881,0.382996632996633,0.2777777777777778,0.6165311653116531,bert-base-uncased,3642,train_incelsis(3642),dev_davidson(3717),test_davidson(3718),8
2.0,0.353757225433526,0.251782775644542,0.594559585492228,0.33602460592079963,0.2345679012345679,0.592140921409214,bert-base-uncased,3642,train_incelsis(3642),dev_davidson(3717),test_davidson(3718),8
3.0,0.37478991596638656,0.277363184079602,0.5777202072538861,0.35160202360876897,0.2552019583843329,0.5650406504065041,bert-base-uncased,3642,train_incelsis(3642),dev_davidson(3717),test_davidson(3718),8
4.0,0.3672566371681416,0.256701030927835,0.6450777202072538,0.35458901584961294,0.24354430379746836,0.6517615176151762,bert-base-uncased,3642,train_incelsis(3642),dev_davidson(3717),test_davidson(3718),8
