epoch,val_f1,val_prec,val_rec,test_f1,test_prec,test_rec,model,train_len,train_set(s),dev_set(s),test_set(s),run_id
1.0,0.3946908836884387,0.2702056432329029,0.7318652849740933,0.3788732394366197,0.2559467174119886,0.7289972899728997,bert-base-uncased,3642,train_incelsis(3642),dev_davidson(3717),test_davidson(3718),8
2.0,0.359457422758101,0.2534537725823592,0.6178756476683938,0.3409785932721712,0.2374866879659212,0.6043360433604336,bert-base-uncased,3642,train_incelsis(3642),dev_davidson(3717),test_davidson(3718),8
3.0,0.3555724033358605,0.25133976420150056,0.6075129533678757,0.3450891164201744,0.23959978936282253,0.6165311653116531,bert-base-uncased,3642,train_incelsis(3642),dev_davidson(3717),test_davidson(3718),8
4.0,0.3639613872005721,0.25135802469135804,0.6593264248704663,0.3541147132169576,0.2402126631222813,0.6734417344173442,bert-base-uncased,3642,train_incelsis(3642),dev_davidson(3717),test_davidson(3718),8
