epoch,val_f1,val_prec,val_rec,test_f1,test_prec,test_rec,model,train_len,train_set(s),dev_set(s),test_set(s),run_id
1.0,0.3927729772191673,0.2818489289740699,0.6476683937823834,0.3804262036306235,0.26837416481069043,0.6531165311653117,bert-base-uncased,3642,train_incelsis(3642),dev_davidson(3717),test_davidson(3718),8
2.0,0.35724743777452417,0.28660924040720437,0.4740932642487047,0.34570312499999994,0.27022900763358776,0.4796747967479675,bert-base-uncased,3642,train_incelsis(3642),dev_davidson(3717),test_davidson(3718),8
3.0,0.3303194695599759,0.3089064261555806,0.3549222797927461,0.33333333333333337,0.2980769230769231,0.3780487804878049,bert-base-uncased,3642,train_incelsis(3642),dev_davidson(3717),test_davidson(3718),8
4.0,0.3540718259989884,0.29045643153526973,0.4533678756476684,0.3458646616541353,0.2744630071599045,0.46747967479674796,bert-base-uncased,3642,train_incelsis(3642),dev_davidson(3717),test_davidson(3718),8
