epoch,val_f1,val_prec,val_rec,test_f1,test_prec,test_rec,model,train_len,train_set(s),dev_set(s),test_set(s),run_id
1.0,0.3987465726596161,0.2857944974733296,0.6593264248704663,0.386020651310564,0.27303370786516856,0.6585365853658537,bert-base-uncased,3642,train_incelsis(3642),dev_davidson(3717),test_davidson(3718),8
2.0,0.3511904761904762,0.26139240506329114,0.5349740932642487,0.33305012744265083,0.24257425742574257,0.5311653116531165,bert-base-uncased,3642,train_incelsis(3642),dev_davidson(3717),test_davidson(3718),8
3.0,0.33528616493916175,0.2570836212854181,0.48186528497409326,0.32286995515695066,0.24128686327077747,0.4878048780487805,bert-base-uncased,3642,train_incelsis(3642),dev_davidson(3717),test_davidson(3718),8
4.0,0.3593875906526995,0.2608187134502924,0.5777202072538861,0.3365307753796963,0.23866213151927437,0.5704607046070461,bert-base-uncased,3642,train_incelsis(3642),dev_davidson(3717),test_davidson(3718),8
