epoch,val_f1,val_prec,val_rec,test_f1,test_prec,test_rec,model,train_len,train_set(s),dev_set(s),test_set(s),run_id
1.0,0.3855809462504023,0.2565310492505353,0.7759067357512953,0.37372069990095746,0.24705368834570057,0.7669376693766937,bert-base-uncased,3642,train_incelsis(3642),dev_davidson(3717),test_davidson(3718),8
2.0,0.36032545524990317,0.2570480928689884,0.6023316062176166,0.34194831013916493,0.24198086662915025,0.5826558265582655,bert-base-uncased,3642,train_incelsis(3642),dev_davidson(3717),test_davidson(3718),8
3.0,0.359955005624297,0.2532981530343008,0.6217616580310881,0.3481904761904762,0.24218335983041867,0.6192411924119241,bert-base-uncased,3642,train_incelsis(3642),dev_davidson(3717),test_davidson(3718),8
4.0,0.3637650389242746,0.25024342745861733,0.6658031088082902,0.348419540229885,0.23704789833822093,0.6571815718157181,bert-base-uncased,3642,train_incelsis(3642),dev_davidson(3717),test_davidson(3718),8
