epoch,val_f1,val_prec,val_rec,test_f1,test_prec,test_rec,model,train_len,train_set(s),dev_set(s),test_set(s),run_id
1.0,0.44219409282700417,0.6223277909738717,0.34293193717277487,0.4789699570815451,0.6739130434782609,0.3715046604527297,bert-base-uncased,25490,"train_davidson(17348)
train_hateval_2019_english(4500)
train_incelsis(3642)",dev_davidson(3717),test_davidson(3718),9
2.0,0.5275142314990512,0.5104039167686658,0.5458115183246073,0.580441640378549,0.5515587529976019,0.6125166444740346,bert-base-uncased,25490,"train_davidson(17348)
train_hateval_2019_english(4500)
train_incelsis(3642)",dev_davidson(3717),test_davidson(3718),9
3.0,0.5417201540436458,0.5314861460957179,0.5523560209424084,0.5783439490445861,0.5543345543345544,0.6045272969374168,bert-base-uncased,25490,"train_davidson(17348)
train_hateval_2019_english(4500)
train_incelsis(3642)",dev_davidson(3717),test_davidson(3718),9
4.0,0.5190938511326861,0.5134443021766966,0.524869109947644,0.5534105534105535,0.5354919053549191,0.5725699067909454,bert-base-uncased,25490,"train_davidson(17348)
train_hateval_2019_english(4500)
train_incelsis(3642)",dev_davidson(3717),test_davidson(3718),9
