epoch,val_f1,val_prec,val_rec,test_f1,test_prec,test_rec,model,train_len,train_set(s),dev_set(s),test_set(s),run_id
1.0,0.4726976365118175,0.6263498920086393,0.3795811518324607,0.504579517069109,0.6733333333333333,0.40346205059920104,bert-base-uncased,25490,"train_davidson(17348)
train_hateval_2019_english(4500)
train_incelsis(3642)",dev_davidson(3717),test_davidson(3718),9
2.0,0.5373317013463892,0.5045977011494253,0.574607329842932,0.5775335775335775,0.5332581736189402,0.62982689747004,bert-base-uncased,25490,"train_davidson(17348)
train_hateval_2019_english(4500)
train_incelsis(3642)",dev_davidson(3717),test_davidson(3718),9
3.0,0.5243825205826472,0.5079754601226993,0.5418848167539267,0.5571065989847716,0.5321212121212121,0.5845539280958721,bert-base-uncased,25490,"train_davidson(17348)
train_hateval_2019_english(4500)
train_incelsis(3642)",dev_davidson(3717),test_davidson(3718),9
4.0,0.4929757343550447,0.48129675810473815,0.5052356020942408,0.5266497461928934,0.503030303030303,0.5525965379494008,bert-base-uncased,25490,"train_davidson(17348)
train_hateval_2019_english(4500)
train_incelsis(3642)",dev_davidson(3717),test_davidson(3718),9
