epoch,val_f1,val_prec,val_rec,test_f1,test_prec,test_rec,model,train_len,train_set(s),dev_set(s),test_set(s),run_id
1.0,0.44269466316710415,0.6675461741424802,0.331151832460733,0.4701691896705254,0.7096774193548387,0.35153129161118507,bert-base-uncased,25490,"train_davidson(17348)
train_hateval_2019_english(4500)
train_incelsis(3642)",dev_davidson(3717),test_davidson(3718),9
2.0,0.5274431057563588,0.5397260273972603,0.5157068062827225,0.5735003295978905,0.5678851174934726,0.5792276964047937,bert-base-uncased,25490,"train_davidson(17348)
train_hateval_2019_english(4500)
train_incelsis(3642)",dev_davidson(3717),test_davidson(3718),9
3.0,0.5324103209565765,0.5127272727272727,0.5536649214659686,0.5619524405506884,0.5301062573789846,0.5978695073235686,bert-base-uncased,25490,"train_davidson(17348)
train_hateval_2019_english(4500)
train_incelsis(3642)",dev_davidson(3717),test_davidson(3718),9
4.0,0.5006535947712418,0.5,0.5013089005235603,0.5358539765319427,0.524904214559387,0.5472703062583223,bert-base-uncased,25490,"train_davidson(17348)
train_hateval_2019_english(4500)
train_incelsis(3642)",dev_davidson(3717),test_davidson(3718),9
