epoch,val_f1,val_prec,val_rec,test_f1,test_prec,test_rec,model,train_len,train_set(s),dev_set(s),test_set(s),run_id
1.0,0.47087776866283837,0.6307692307692307,0.3756544502617801,0.5103220478943022,0.6717391304347826,0.41145139813581894,bert-base-uncased,25490,"train_davidson(17348)
train_hateval_2019_english(4500)
train_incelsis(3642)",dev_davidson(3717),test_davidson(3718),9
2.0,0.5350929814037192,0.4939091915836102,0.5837696335078534,0.5715969357690042,0.5126849894291755,0.6458055925432756,bert-base-uncased,25490,"train_davidson(17348)
train_hateval_2019_english(4500)
train_incelsis(3642)",dev_davidson(3717),test_davidson(3718),9
3.0,0.5324590163934426,0.533508541392904,0.5314136125654451,0.5616264294790344,0.5370595382746051,0.5885486018641811,bert-base-uncased,25490,"train_davidson(17348)
train_hateval_2019_english(4500)
train_incelsis(3642)",dev_davidson(3717),test_davidson(3718),9
4.0,0.5165476963011033,0.5122265122265123,0.5209424083769634,0.5342729019859065,0.5148148148148148,0.5552596537949401,bert-base-uncased,25490,"train_davidson(17348)
train_hateval_2019_english(4500)
train_incelsis(3642)",dev_davidson(3717),test_davidson(3718),9
