epoch,val_f1,val_prec,val_rec,test_f1,test_prec,test_rec,model,train_len,train_set(s),dev_set(s),test_set(s),run_id
1.0,0.45058626465661644,0.6255813953488372,0.35209424083769636,0.47008547008547,0.6563245823389021,0.36617842876165113,bert-base-uncased,25490,"train_davidson(17348)
train_hateval_2019_english(4500)
train_incelsis(3642)",dev_davidson(3717),test_davidson(3718),9
2.0,0.5460237946149029,0.5234093637454982,0.5706806282722513,0.5878750765462339,0.54421768707483,0.6391478029294274,bert-base-uncased,25490,"train_davidson(17348)
train_hateval_2019_english(4500)
train_incelsis(3642)",dev_davidson(3717),test_davidson(3718),9
3.0,0.5322055953155499,0.5291073738680466,0.5353403141361257,0.5632183908045978,0.5411042944785276,0.5872170439414115,bert-base-uncased,25490,"train_davidson(17348)
train_hateval_2019_english(4500)
train_incelsis(3642)",dev_davidson(3717),test_davidson(3718),9
4.0,0.5187096774193548,0.5114503816793893,0.5261780104712042,0.5357142857142858,0.5140758873929009,0.559254327563249,bert-base-uncased,25490,"train_davidson(17348)
train_hateval_2019_english(4500)
train_incelsis(3642)",dev_davidson(3717),test_davidson(3718),9
