epoch,val_f1,val_prec,val_rec,test_f1,test_prec,test_rec,model,train_len,train_set(s),dev_set(s),test_set(s),run_id
1.0,0.47284878863826235,0.6535796766743649,0.3704188481675393,0.5029045643153527,0.6674008810572687,0.40346205059920104,bert-base-uncased,25490,"train_davidson(17348)
train_hateval_2019_english(4500)
train_incelsis(3642)",dev_davidson(3717),test_davidson(3718),9
2.0,0.5369284876905042,0.4861995753715499,0.599476439790576,0.5881670533642691,0.5210688591983555,0.6750998668442078,bert-base-uncased,25490,"train_davidson(17348)
train_hateval_2019_english(4500)
train_incelsis(3642)",dev_davidson(3717),test_davidson(3718),9
3.0,0.5504019789734076,0.5216881594372802,0.5824607329842932,0.56,0.5205949656750573,0.6058588548601864,bert-base-uncased,25490,"train_davidson(17348)
train_hateval_2019_english(4500)
train_incelsis(3642)",dev_davidson(3717),test_davidson(3718),9
4.0,0.514752040175769,0.4945717732207479,0.5366492146596858,0.5391849529780565,0.509478672985782,0.5725699067909454,bert-base-uncased,25490,"train_davidson(17348)
train_hateval_2019_english(4500)
train_incelsis(3642)",dev_davidson(3717),test_davidson(3718),9
