epoch,val_f1,val_prec,val_rec,test_f1,test_prec,test_rec,model,train_len,train_set(s),dev_set(s),test_set(s),run_id
1.0,0.8380952380952381,0.8407643312101911,0.8354430379746836,0.8442211055276382,0.8262295081967214,0.863013698630137,incel-bert-base-uncased-10k_english,3642,train_incelsis(3642),dev_incelsis(780),test_incelsis(781),0
2.0,0.8626198083067093,0.8709677419354839,0.8544303797468354,0.8497409326424871,0.8571428571428571,0.8424657534246576,incel-bert-base-uncased-10k_english,3642,train_incelsis(3642),dev_incelsis(780),test_incelsis(781),0
3.0,0.8602150537634408,0.835820895522388,0.8860759493670886,0.8614357262103505,0.8403908794788274,0.8835616438356164,incel-bert-base-uncased-10k_english,3642,train_incelsis(3642),dev_incelsis(780),test_incelsis(781),0
4.0,0.8615863141524106,0.8470948012232415,0.8765822784810127,0.870748299319728,0.8648648648648649,0.8767123287671232,incel-bert-base-uncased-10k_english,3642,train_incelsis(3642),dev_incelsis(780),test_incelsis(781),0
