epoch,val_f1,val_prec,val_rec,test_f1,test_prec,test_rec,model,train_len,train_set(s),dev_set(s),test_set(s),run_id
1.0,0.8442211055276382,0.896797153024911,0.7974683544303798,0.8381294964028777,0.8825757575757576,0.797945205479452,incel-bert-base-uncased-10k_english,3642,train_incelsis(3642),dev_incelsis(780),test_incelsis(781),0
2.0,0.8626817447495961,0.8811881188118812,0.8449367088607594,0.8484848484848485,0.8847583643122676,0.815068493150685,incel-bert-base-uncased-10k_english,3642,train_incelsis(3642),dev_incelsis(780),test_incelsis(781),0
3.0,0.8723404255319149,0.8391812865497076,0.9082278481012658,0.8737541528239203,0.8483870967741935,0.9006849315068494,incel-bert-base-uncased-10k_english,3642,train_incelsis(3642),dev_incelsis(780),test_incelsis(781),0
4.0,0.8744038155802861,0.8785942492012779,0.870253164556962,0.8660869565217391,0.8798586572438163,0.8527397260273972,incel-bert-base-uncased-10k_english,3642,train_incelsis(3642),dev_incelsis(780),test_incelsis(781),0
