epoch,val_f1,val_prec,val_rec,test_f1,test_prec,test_rec,model,train_len,train_set(s),dev_set(s),test_set(s),run_id
1.0,0.8361408882082695,0.8100890207715133,0.8639240506329114,0.8336025848142165,0.7889908256880734,0.8835616438356164,incel-bert-base-uncased-10k_english,3642,train_incelsis(3642),dev_incelsis(780),test_incelsis(781),0
2.0,0.8731942215088282,0.8859934853420195,0.8607594936708861,0.8571428571428571,0.8723404255319149,0.8424657534246576,incel-bert-base-uncased-10k_english,3642,train_incelsis(3642),dev_incelsis(780),test_incelsis(781),0
3.0,0.8661654135338345,0.8252148997134671,0.9113924050632911,0.8679867986798679,0.8375796178343949,0.9006849315068494,incel-bert-base-uncased-10k_english,3642,train_incelsis(3642),dev_incelsis(780),test_incelsis(781),0
4.0,0.8730650154798761,0.8545454545454545,0.8924050632911392,0.8717948717948719,0.8703071672354948,0.8732876712328768,incel-bert-base-uncased-10k_english,3642,train_incelsis(3642),dev_incelsis(780),test_incelsis(781),0
