epoch,val_f1,val_prec,val_rec,test_f1,test_prec,test_rec,test_incels_f1,test_incels_prec,test_incels_rec,model,train_len,train_set(s),dev_set(s),test_set(s),run_id
1.0,0.8450704225352113,0.8359133126934984,0.8544303797468354,0.39097744360902253,0.7878787878787878,0.26,0.8292682926829268,0.7894736842105263,0.8732876712328768,incel-bert-base-multilingual-cased-100k_italian,3642,train_incelsis(3642),dev_incelsis(780),test_fdb_500(500),17
2.0,0.8489425981873111,0.8121387283236994,0.8892405063291139,0.3557312252964427,0.8490566037735849,0.225,0.8357256778309409,0.7820895522388059,0.8972602739726028,incel-bert-base-multilingual-cased-100k_italian,3642,train_incelsis(3642),dev_incelsis(780),test_fdb_500(500),17
3.0,0.8502269288956127,0.8144927536231884,0.8892405063291139,0.4044943820224719,0.8059701492537313,0.27,0.832807570977918,0.7719298245614035,0.9041095890410958,incel-bert-base-multilingual-cased-100k_italian,3642,train_incelsis(3642),dev_incelsis(780),test_fdb_500(500),17
4.0,0.8429237947122861,0.8287461773700305,0.8575949367088608,0.32799999999999996,0.82,0.205,0.8325041459369817,0.8070739549839229,0.8595890410958904,incel-bert-base-multilingual-cased-100k_italian,3642,train_incelsis(3642),dev_incelsis(780),test_fdb_500(500),17
