epoch,val_f1,val_prec,val_rec,test_f1,test_prec,test_rec,test_incels_f1,test_incels_prec,test_incels_rec,model,train_len,train_set(s),dev_set(s),test_set(s),run_id
1.0,0.8188736681887367,0.7888563049853372,0.8512658227848101,0.136986301369863,0.7894736842105263,0.075,0.8097560975609756,0.7708978328173375,0.8527397260273972,incel-bert-base-multilingual-cased-100k_italian,3642,train_incelsis(3642),dev_incelsis(780),test_fdb_500(500),17
2.0,0.8454258675078865,0.8427672955974843,0.8481012658227848,0.06730769230769232,0.875,0.035,0.8286189683860233,0.8058252427184466,0.8527397260273972,incel-bert-base-multilingual-cased-100k_italian,3642,train_incelsis(3642),dev_incelsis(780),test_fdb_500(500),17
3.0,0.8514548238897396,0.8249258160237388,0.879746835443038,0.14479638009049775,0.7619047619047619,0.08,0.8317152103559871,0.7883435582822086,0.8801369863013698,incel-bert-base-multilingual-cased-100k_italian,3642,train_incelsis(3642),dev_incelsis(780),test_fdb_500(500),17
4.0,0.8372827804107426,0.8359621451104101,0.8386075949367089,0.08450704225352113,0.6923076923076923,0.045,0.8341708542713568,0.8163934426229508,0.8527397260273972,incel-bert-base-multilingual-cased-100k_italian,3642,train_incelsis(3642),dev_incelsis(780),test_fdb_500(500),17
