epoch,val_f1,val_prec,val_rec,test_f1,test_prec,test_rec,model,train_len,train_set(s),dev_set(s),test_set(s),run_id
1.0,0.759090909090909,0.7522522522522522,0.7660550458715596,0.6373983739837398,0.472289156626506,0.98,bert-base-multilingual-cased,2100,df_evalita18facebook_train(2100),df_evalita18facebook_dev(450),test_fdb_500(500),26
2.0,0.8009153318077803,0.7990867579908676,0.8027522935779816,0.6606498194945848,0.5169491525423728,0.915,bert-base-multilingual-cased,2100,df_evalita18facebook_train(2100),df_evalita18facebook_dev(450),test_fdb_500(500),26
3.0,0.7903614457831326,0.8324873096446701,0.7522935779816514,0.6758893280632411,0.5588235294117647,0.855,bert-base-multilingual-cased,2100,df_evalita18facebook_train(2100),df_evalita18facebook_dev(450),test_fdb_500(500),26
4.0,0.8018433179723502,0.8055555555555556,0.7981651376146789,0.6741154562383613,0.5370919881305638,0.905,bert-base-multilingual-cased,2100,df_evalita18facebook_train(2100),df_evalita18facebook_dev(450),test_fdb_500(500),26
5.0,0.7914691943127963,0.8186274509803921,0.7660550458715596,0.6705653021442496,0.549520766773163,0.86,bert-base-multilingual-cased,2100,df_evalita18facebook_train(2100),df_evalita18facebook_dev(450),test_fdb_500(500),26
