epoch,val_f1,val_prec,val_rec,test_f1,test_prec,test_rec,test_incels_f1,test_incels_prec,test_incels_rec,model,train_len,train_set(s),dev_set(s),test_set(s),run_id
1.0,0.8168168168168167,0.7771428571428571,0.8607594936708861,0.28800000000000003,0.72,0.18,0.8081761006289307,0.747093023255814,0.8801369863013698,incel-bert-base-multilingual-cased-100k_multi,3642,train_incelsis(3642),dev_incelsis(780),test_fdb_500(500),17
2.0,0.8445839874411303,0.838006230529595,0.8512658227848101,0.13574660633484162,0.7142857142857143,0.075,0.833052276559865,0.8205980066445183,0.8458904109589042,incel-bert-base-multilingual-cased-100k_multi,3642,train_incelsis(3642),dev_incelsis(780),test_fdb_500(500),17
3.0,0.8437025796661609,0.8104956268221575,0.879746835443038,0.3851851851851852,0.7428571428571429,0.26,0.8303715670436187,0.7859327217125383,0.8801369863013698,incel-bert-base-multilingual-cased-100k_multi,3642,train_incelsis(3642),dev_incelsis(780),test_fdb_500(500),17
4.0,0.8518518518518519,0.8313253012048193,0.8734177215189873,0.3601532567049808,0.7704918032786885,0.235,0.8298217179902755,0.7876923076923077,0.8767123287671232,incel-bert-base-multilingual-cased-100k_multi,3642,train_incelsis(3642),dev_incelsis(780),test_fdb_500(500),17
