epoch,train_loss,val_loss,val_f1,val_precision,val_recall,test_loss,test_f1,test_precision,test_recall,model,train_len,train_set(s),dev_set(s),test_set(s),run_id
1.0,0.596220124153453,0.3023327830798772,0.8283828382838284,0.8655172413793103,0.7943037974683544,0.30124773693328,0.8237347294938917,0.8398576512455516,0.8082191780821918,bert-base-uncased-hatexplain,3642,train_incelsis(3642),dev_incelsis(780),test_incelsis(781),0
2.0,0.2488139401140966,0.28543916158378124,0.8594507269789984,0.8778877887788779,0.8417721518987342,0.29885375111991047,0.8382608695652174,0.8515901060070671,0.8253424657534246,bert-base-uncased-hatexplain,3642,train_incelsis(3642),dev_incelsis(780),test_incelsis(781),0
3.0,0.1701277023704167,0.3242106595437746,0.8585209003215434,0.8725490196078431,0.8449367088607594,0.3149335204186488,0.8511383537653241,0.8709677419354839,0.8321917808219178,bert-base-uncased-hatexplain,3642,train_incelsis(3642),dev_incelsis(780),test_incelsis(781),0
4.0,0.12810904331701367,0.36168505509897153,0.8571428571428571,0.8598726114649682,0.8544303797468354,0.3531683607559119,0.8449744463373083,0.8406779661016949,0.8493150684931506,bert-base-uncased-hatexplain,3642,train_incelsis(3642),dev_incelsis(780),test_incelsis(781),0
