epoch,train_loss,dev_loss,dev_f1,dev_precision,dev_recall,test_loss,test_f1,test_precision,test_recall,model,train_len,train_set(s),dev_set(s),test_set(s),run_id
1.0,0.5906480187386797,0.30567744009348813,0.839344262295082,0.8707482993197279,0.810126582278481,0.31355348016534534,0.8120567375886525,0.8419117647058824,0.7842465753424658,bert-base-uncased-hatexplain,3642,train_incelsis(3642),dev_incelsis(780),test_incelsis(781),0
2.0,0.2615469716276908,0.2860054097005299,0.8598425196850393,0.8557993730407524,0.8639240506329114,0.2818300121140723,0.8251273344651953,0.8181818181818182,0.8321917808219178,bert-base-uncased-hatexplain,3642,train_incelsis(3642),dev_incelsis(780),test_incelsis(781),0
3.0,0.18099192791340643,0.30131834528732054,0.8557692307692307,0.8668831168831169,0.8449367088607594,0.30467851817303776,0.8472222222222222,0.8591549295774648,0.8356164383561644,bert-base-uncased-hatexplain,3642,train_incelsis(3642),dev_incelsis(780),test_incelsis(781),0
4.0,0.141934632425801,0.3341912246708359,0.8544303797468354,0.8544303797468354,0.8544303797468354,0.3283139805366494,0.8482758620689655,0.8541666666666666,0.8424657534246576,bert-base-uncased-hatexplain,3642,train_incelsis(3642),dev_incelsis(780),test_incelsis(781),0
