epoch,train_loss,dev_loss,dev_f1,dev_precision,dev_recall,test_loss,test_f1,test_precision,test_recall,model,train_len,train_set(s),dev_set(s),test_set(s),run_id
1.0,0.5823259490231673,0.30745560295727786,0.8219178082191781,0.8955223880597015,0.759493670886076,0.3120303050595887,0.8181818181818181,0.872093023255814,0.7705479452054794,bert-base-uncased-hatexplain,3642,train_incelsis(3642),dev_incelsis(780),test_incelsis(781),0
2.0,0.25312934056120484,0.27218106062132486,0.852988691437803,0.8712871287128713,0.8354430379746836,0.2902622004704816,0.8409893992932863,0.8686131386861314,0.815068493150685,bert-base-uncased-hatexplain,3642,train_incelsis(3642),dev_incelsis(780),test_incelsis(781),0
3.0,0.17334969276398943,0.31991737873806636,0.8514548238897396,0.8249258160237388,0.879746835443038,0.34531637984423,0.8372881355932204,0.8288590604026845,0.8458904109589042,bert-base-uncased-hatexplain,3642,train_incelsis(3642),dev_incelsis(780),test_incelsis(781),0
4.0,0.14168204015463984,0.3383780747500001,0.859903381642512,0.8754098360655738,0.8449367088607594,0.34904015429165897,0.84375,0.8556338028169014,0.8321917808219178,bert-base-uncased-hatexplain,3642,train_incelsis(3642),dev_incelsis(780),test_incelsis(781),0
