epoch,train_loss,val_loss,val_f1,val_prec,val_rec,test_loss,test_f1,test_prec,test_rec,model,train_len,train_set(s),dev_set(s),test_set(s),run_id
1.0,0.5730158724217561,0.2955460118091836,0.8390410958904111,0.914179104477612,0.7753164556962026,0.2992852340851511,0.8260869565217391,0.8769230769230769,0.7808219178082192,bert-base-uncased-hatexplain,3642,train_incelsis(3642),dev_incelsis(780),test_incelsis(781),0
2.0,0.2506573105949843,0.26855577414437215,0.8688524590163935,0.9013605442176871,0.8386075949367089,0.27004849789093954,0.8495575221238938,0.8791208791208791,0.821917808219178,bert-base-uncased-hatexplain,3642,train_incelsis(3642),dev_incelsis(780),test_incelsis(781),0
3.0,0.17896253392590503,0.30935210795426854,0.8558282208588956,0.8303571428571429,0.8829113924050633,0.30966802055434306,0.8484848484848485,0.8344370860927153,0.863013698630137,bert-base-uncased-hatexplain,3642,train_incelsis(3642),dev_incelsis(780),test_incelsis(781),0
4.0,0.13688318136458597,0.3173864260505961,0.864864864864865,0.8690095846645367,0.8607594936708861,0.3313452068108077,0.8541666666666666,0.8661971830985915,0.8424657534246576,bert-base-uncased-hatexplain,3642,train_incelsis(3642),dev_incelsis(780),test_incelsis(781),0
