epoch,val_f1,val_prec,val_rec,test_f1,test_prec,test_rec,model,train_len,train_set(s),dev_set(s),test_set(s),run_id
1.0,0.7941176470588235,0.8209459459459459,0.7689873417721519,0.830715532286213,0.8469750889679716,0.815068493150685,bert-base-uncased,3642,train_incelsis(3642),dev_incelsis(780),test_incelsis(781),0
2.0,0.8364197530864198,0.8162650602409639,0.8575949367088608,0.8366666666666667,0.814935064935065,0.8595890410958904,bert-base-uncased,3642,train_incelsis(3642),dev_incelsis(780),test_incelsis(781),0
3.0,0.8424437299035369,0.8562091503267973,0.8291139240506329,0.8371278458844134,0.8566308243727598,0.8184931506849316,bert-base-uncased,3642,train_incelsis(3642),dev_incelsis(780),test_incelsis(781),0
4.0,0.8422712933753943,0.839622641509434,0.8449367088607594,0.8347529812606473,0.8305084745762712,0.839041095890411,bert-base-uncased,3642,train_incelsis(3642),dev_incelsis(780),test_incelsis(781),0
