epoch,val_f1,val_prec,val_rec,test_f1,test_prec,test_rec,model,train_len,train_set(s),dev_set(s),test_set(s),run_id
1.0,0.8341085271317829,0.817629179331307,0.8512658227848101,0.8338870431893688,0.8096774193548387,0.8595890410958904,bert-base-uncased,3642,train_incelsis(3642),dev_incelsis(780),test_incelsis(781),0
2.0,0.8528072837632776,0.8192419825072886,0.8892405063291139,0.8289473684210525,0.7974683544303798,0.863013698630137,bert-base-uncased,3642,train_incelsis(3642),dev_incelsis(780),test_incelsis(781),0
3.0,0.8454810495626821,0.7837837837837838,0.9177215189873418,0.8325358851674641,0.7791044776119403,0.8938356164383562,bert-base-uncased,3642,train_incelsis(3642),dev_incelsis(780),test_incelsis(781),0
4.0,0.8500772797527048,0.8308157099697885,0.870253164556962,0.8403361344537815,0.8250825082508251,0.8561643835616438,bert-base-uncased,3642,train_incelsis(3642),dev_incelsis(780),test_incelsis(781),0
