epoch,val_f1,val_prec,val_rec,test_f1,test_prec,test_rec,model,train_len,train_set(s),dev_set(s),test_set(s),run_id
1.0,0.4302059496567506,0.7768595041322314,0.2974683544303797,0.4596577017114915,0.8034188034188035,0.3219178082191781,bert-base-uncased,9624,hatexplain_binary_train(9624),dev_incelsis(780),test_incelsis(781),12
2.0,0.5133470225872689,0.7309941520467836,0.39556962025316456,0.5617021276595744,0.7415730337078652,0.4520547945205479,bert-base-uncased,9624,hatexplain_binary_train(9624),dev_incelsis(780),test_incelsis(781),12
3.0,0.49892473118279573,0.7785234899328859,0.3670886075949367,0.5567928730512249,0.7961783439490446,0.4280821917808219,bert-base-uncased,9624,hatexplain_binary_train(9624),dev_incelsis(780),test_incelsis(781),12
4.0,0.5421686746987951,0.7417582417582418,0.4272151898734177,0.592901878914405,0.7593582887700535,0.4863013698630137,bert-base-uncased,9624,hatexplain_binary_train(9624),dev_incelsis(780),test_incelsis(781),12
