epoch,val_f1,val_prec,val_rec,test_f1,test_prec,test_rec,model,train_len,train_set(s),dev_set(s),test_set(s),run_id
1.0,0.8270944741532977,0.9469387755102041,0.7341772151898734,0.8204158790170133,0.9156118143459916,0.7431506849315068,bert-base-uncased,13266,"hatexplain_binary_train(9624)
train_incelsis(3642)",dev_incelsis(780),test_incelsis(781),13
2.0,0.8429003021148036,0.8063583815028902,0.8829113924050633,0.8330578512396694,0.805111821086262,0.863013698630137,bert-base-uncased,13266,"hatexplain_binary_train(9624)
train_incelsis(3642)",dev_incelsis(780),test_incelsis(781),13
3.0,0.8417818740399385,0.817910447761194,0.8670886075949367,0.8436974789915965,0.8283828382838284,0.8595890410958904,bert-base-uncased,13266,"hatexplain_binary_train(9624)
train_incelsis(3642)",dev_incelsis(780),test_incelsis(781),13
4.0,0.8465116279069769,0.8297872340425532,0.8639240506329114,0.8435374149659863,0.8378378378378378,0.8493150684931506,bert-base-uncased,13266,"hatexplain_binary_train(9624)
train_incelsis(3642)",dev_incelsis(780),test_incelsis(781),13
