epoch,val_f1,val_prec,val_rec,test_f1,test_prec,test_rec,model,train_len,train_set(s),dev_set(s),test_set(s),run_id
1.0,0.8371278458844134,0.9372549019607843,0.7563291139240507,0.8129770992366412,0.9181034482758621,0.7294520547945206,bert-base-uncased,17766,"hatexplain_binary_train(9624)
train_hateval_2019_english(4500)
train_incelsis(3642)",dev_incelsis(780),test_incelsis(781),14
2.0,0.8725637181409295,0.8290598290598291,0.9208860759493671,0.8214285714285715,0.7808641975308642,0.8664383561643836,bert-base-uncased,17766,"hatexplain_binary_train(9624)
train_hateval_2019_english(4500)
train_incelsis(3642)",dev_incelsis(780),test_incelsis(781),14
3.0,0.8710691823899372,0.865625,0.8765822784810127,0.8502581755593804,0.8546712802768166,0.8458904109589042,bert-base-uncased,17766,"hatexplain_binary_train(9624)
train_hateval_2019_english(4500)
train_incelsis(3642)",dev_incelsis(780),test_incelsis(781),14
4.0,0.8620689655172414,0.8540372670807453,0.870253164556962,0.8388214904679375,0.8491228070175438,0.8287671232876712,bert-base-uncased,17766,"hatexplain_binary_train(9624)
train_hateval_2019_english(4500)
train_incelsis(3642)",dev_incelsis(780),test_incelsis(781),14
