epoch,val_f1,val_prec,val_rec,test_f1,test_prec,test_rec,model,train_len,train_set(s),dev_set(s),test_set(s),run_id
1.0,0.841025641025641,0.9144981412639405,0.7784810126582279,0.8154981549815498,0.884,0.7568493150684932,bert-base-uncased,17766,"hatexplain_binary_train(9624)
train_hateval_2019_english(4500)
train_incelsis(3642)",dev_incelsis(780),test_incelsis(781),14
2.0,0.8651162790697674,0.8480243161094225,0.8829113924050633,0.8303130148270181,0.8,0.863013698630137,bert-base-uncased,17766,"hatexplain_binary_train(9624)
train_hateval_2019_english(4500)
train_incelsis(3642)",dev_incelsis(780),test_incelsis(781),14
3.0,0.8589540412044374,0.8603174603174604,0.8575949367088608,0.8397976391231029,0.8272425249169435,0.8527397260273972,bert-base-uncased,17766,"hatexplain_binary_train(9624)
train_hateval_2019_english(4500)
train_incelsis(3642)",dev_incelsis(780),test_incelsis(781),14
4.0,0.8512000000000001,0.86084142394822,0.8417721518987342,0.8387096774193548,0.8316498316498316,0.8458904109589042,bert-base-uncased,17766,"hatexplain_binary_train(9624)
train_hateval_2019_english(4500)
train_incelsis(3642)",dev_incelsis(780),test_incelsis(781),14
