epoch,val_f1,val_prec,val_rec,test_f1,test_prec,test_rec,model,train_len,train_set(s),dev_set(s),test_set(s),run_id
1.0,0.8448275862068966,0.928030303030303,0.7753164556962026,0.8099808061420346,0.9213973799126638,0.7226027397260274,bert-base-uncased,17766,"hatexplain_binary_train(9624)
train_hateval_2019_english(4500)
train_incelsis(3642)",dev_incelsis(780),test_incelsis(781),14
2.0,0.8721109399075502,0.8498498498498499,0.8955696202531646,0.847972972972973,0.8366666666666667,0.8595890410958904,bert-base-uncased,17766,"hatexplain_binary_train(9624)
train_hateval_2019_english(4500)
train_incelsis(3642)",dev_incelsis(780),test_incelsis(781),14
3.0,0.861244019138756,0.8681672025723473,0.8544303797468354,0.8581436077057792,0.8781362007168458,0.839041095890411,bert-base-uncased,17766,"hatexplain_binary_train(9624)
train_hateval_2019_english(4500)
train_incelsis(3642)",dev_incelsis(780),test_incelsis(781),14
4.0,0.8607198748043818,0.8513931888544891,0.870253164556962,0.852686308492201,0.8631578947368421,0.8424657534246576,bert-base-uncased,17766,"hatexplain_binary_train(9624)
train_hateval_2019_english(4500)
train_incelsis(3642)",dev_incelsis(780),test_incelsis(781),14
