epoch,val_f1,val_prec,val_rec,test_f1,test_prec,test_rec,model,train_len,train_set(s),dev_set(s),test_set(s),run_id
1.0,0.8172043010752689,0.9421487603305785,0.7215189873417721,0.8062622309197651,0.9406392694063926,0.7054794520547946,bert-base-uncased,17766,"hatexplain_binary_train(9624)
train_hateval_2019_english(4500)
train_incelsis(3642)",dev_incelsis(780),test_incelsis(781),14
2.0,0.8511904761904762,0.8033707865168539,0.9050632911392406,0.8341384863123993,0.7872340425531915,0.886986301369863,bert-base-uncased,17766,"hatexplain_binary_train(9624)
train_hateval_2019_english(4500)
train_incelsis(3642)",dev_incelsis(780),test_incelsis(781),14
3.0,0.8676923076923077,0.844311377245509,0.8924050632911392,0.8431703204047217,0.8305647840531561,0.8561643835616438,bert-base-uncased,17766,"hatexplain_binary_train(9624)
train_hateval_2019_english(4500)
train_incelsis(3642)",dev_incelsis(780),test_incelsis(781),14
4.0,0.8593996840442337,0.8580441640378549,0.8607594936708861,0.8502581755593804,0.8546712802768166,0.8458904109589042,bert-base-uncased,17766,"hatexplain_binary_train(9624)
train_hateval_2019_english(4500)
train_incelsis(3642)",dev_incelsis(780),test_incelsis(781),14
