epoch,val_f1,val_prec,val_rec,test_f1,test_prec,test_rec,model,train_len,train_set(s),dev_set(s),test_set(s),run_id
1.0,0.8364779874213837,0.83125,0.8417721518987342,0.826388888888889,0.8380281690140845,0.815068493150685,bert-base-uncased,11134,"df_stormfront_train(7492)
train_incelsis(3642)",dev_incelsis(780),test_incelsis(781),15
2.0,0.8405365126676602,0.7943661971830986,0.8924050632911392,0.827140549273021,0.7828746177370031,0.8767123287671232,bert-base-uncased,11134,"df_stormfront_train(7492)
train_incelsis(3642)",dev_incelsis(780),test_incelsis(781),15
3.0,0.8474576271186441,0.8258258258258259,0.870253164556962,0.8466666666666668,0.8246753246753247,0.8698630136986302,bert-base-uncased,11134,"df_stormfront_train(7492)
train_incelsis(3642)",dev_incelsis(780),test_incelsis(781),15
4.0,0.8553459119496856,0.85,0.8607594936708861,0.8542372881355932,0.8456375838926175,0.863013698630137,bert-base-uncased,11134,"df_stormfront_train(7492)
train_incelsis(3642)",dev_incelsis(780),test_incelsis(781),15
