epoch,val_f1,val_prec,val_rec,test_f1,test_prec,test_rec,model,train_len,train_set(s),dev_set(s),test_set(s),run_id
1.0,0.8513302034428795,0.8421052631578947,0.8607594936708861,0.832764505119454,0.8299319727891157,0.8356164383561644,bert-base-uncased,11134,"df_stormfront_train(7492)
train_incelsis(3642)",dev_incelsis(780),test_incelsis(781),15
2.0,0.8507462686567163,0.8050847457627118,0.9018987341772152,0.8224,0.7717717717717718,0.8801369863013698,bert-base-uncased,11134,"df_stormfront_train(7492)
train_incelsis(3642)",dev_incelsis(780),test_incelsis(781),15
3.0,0.8503184713375795,0.8557692307692307,0.8449367088607594,0.846815834767642,0.8512110726643599,0.8424657534246576,bert-base-uncased,11134,"df_stormfront_train(7492)
train_incelsis(3642)",dev_incelsis(780),test_incelsis(781),15
4.0,0.8460342146189737,0.8318042813455657,0.8607594936708861,0.8513513513513513,0.84,0.863013698630137,bert-base-uncased,11134,"df_stormfront_train(7492)
train_incelsis(3642)",dev_incelsis(780),test_incelsis(781),15
