epoch,val_f1,val_prec,val_rec,test_f1,test_prec,test_rec,model,train_len,train_set(s),dev_set(s),test_set(s),run_id
1.0,0.82,0.8661971830985915,0.7784810126582279,0.8324324324324324,0.8783269961977186,0.791095890410959,bert-base-uncased,11134,"df_stormfront_train(7492)
train_incelsis(3642)",dev_incelsis(780),test_incelsis(781),15
2.0,0.8488549618320611,0.8200589970501475,0.879746835443038,0.8524590163934426,0.8176100628930818,0.8904109589041096,bert-base-uncased,11134,"df_stormfront_train(7492)
train_incelsis(3642)",dev_incelsis(780),test_incelsis(781),15
3.0,0.8516746411483254,0.8585209003215434,0.8449367088607594,0.8440677966101695,0.8355704697986577,0.8527397260273972,bert-base-uncased,11134,"df_stormfront_train(7492)
train_incelsis(3642)",dev_incelsis(780),test_incelsis(781),15
4.0,0.8571428571428571,0.8598726114649682,0.8544303797468354,0.8542372881355932,0.8456375838926175,0.863013698630137,bert-base-uncased,11134,"df_stormfront_train(7492)
train_incelsis(3642)",dev_incelsis(780),test_incelsis(781),15
