epoch,val_f1,val_prec,val_rec,test_f1,test_prec,test_rec,model,train_len,train_set(s),dev_set(s),test_set(s),run_id
1.0,0.7971014492753624,0.9322033898305084,0.6962025316455697,0.8208955223880597,0.9016393442622951,0.7534246575342466,bert-base-uncased,7284,"train_incelsis(3642)
davidson(3642)",dev_incelsis(780),test_incelsis(781),1
2.0,0.8143100511073254,0.8819188191881919,0.7563291139240507,0.8576576576576577,0.9049429657794676,0.815068493150685,bert-base-uncased,7284,"train_incelsis(3642)
davidson(3642)",dev_incelsis(780),test_incelsis(781),1
3.0,0.8349206349206348,0.8375796178343949,0.8322784810126582,0.847972972972973,0.8366666666666667,0.8595890410958904,bert-base-uncased,7284,"train_incelsis(3642)
davidson(3642)",dev_incelsis(780),test_incelsis(781),1
4.0,0.8443017656500803,0.8566775244299675,0.8322784810126582,0.8494077834179357,0.8394648829431438,0.8595890410958904,bert-base-uncased,7284,"train_incelsis(3642)
davidson(3642)",dev_incelsis(780),test_incelsis(781),1
