epoch,val_f1,val_prec,val_rec,test_f1,test_prec,test_rec,model,train_len,train_set(s),dev_set(s),test_set(s),run_id
1.0,0.8007181328545782,0.9253112033195021,0.7056962025316456,0.8246268656716418,0.9057377049180327,0.7568493150684932,bert-base-uncased,7284,"train_incelsis(3642)
davidson(3642)",dev_incelsis(780),test_incelsis(781),1
2.0,0.8336025848142166,0.8514851485148515,0.8164556962025317,0.8541666666666666,0.8661971830985915,0.8424657534246576,bert-base-uncased,7284,"train_incelsis(3642)
davidson(3642)",dev_incelsis(780),test_incelsis(781),1
3.0,0.8348909657320872,0.8220858895705522,0.8481012658227848,0.8442211055276382,0.8262295081967214,0.863013698630137,bert-base-uncased,7284,"train_incelsis(3642)
davidson(3642)",dev_incelsis(780),test_incelsis(781),1
4.0,0.8349206349206348,0.8375796178343949,0.8322784810126582,0.8488964346349746,0.8417508417508418,0.8561643835616438,bert-base-uncased,7284,"train_incelsis(3642)
davidson(3642)",dev_incelsis(780),test_incelsis(781),1
