epoch,val_f1,val_prec,val_rec,test_f1,test_prec,test_rec,model,train_len,train_set(s),dev_set(s),test_set(s),run_id
1.0,0.8369230769230769,0.8143712574850299,0.8607594936708861,0.826580226904376,0.7846153846153846,0.8732876712328768,bert-base-uncased,7284,"train_incelsis(3642)
hateval_train(3642)",dev_incelsis(780),test_incelsis(781),2
2.0,0.8460342146189737,0.8318042813455657,0.8607594936708861,0.8241206030150754,0.8065573770491803,0.8424657534246576,bert-base-uncased,7284,"train_incelsis(3642)
hateval_train(3642)",dev_incelsis(780),test_incelsis(781),2
3.0,0.8445839874411303,0.838006230529595,0.8512658227848101,0.832764505119454,0.8299319727891157,0.8356164383561644,bert-base-uncased,7284,"train_incelsis(3642)
hateval_train(3642)",dev_incelsis(780),test_incelsis(781),2
4.0,0.8377952755905511,0.8338557993730408,0.8417721518987342,0.8338983050847458,0.825503355704698,0.8424657534246576,bert-base-uncased,7284,"train_incelsis(3642)
hateval_train(3642)",dev_incelsis(780),test_incelsis(781),2
