epoch,val_f1,val_prec,val_rec,test_f1,test_prec,test_rec,model,train_len,train_set(s),dev_set(s),test_set(s),run_id
1.0,0.8445839874411303,0.838006230529595,0.8512658227848101,0.8403361344537815,0.8250825082508251,0.8561643835616438,bert-base-uncased,7284,"train_incelsis(3642)
hateval_train(3642)",dev_incelsis(780),test_incelsis(781),2
2.0,0.8557993730407525,0.8478260869565217,0.8639240506329114,0.8503401360544218,0.8445945945945946,0.8561643835616438,bert-base-uncased,7284,"train_incelsis(3642)
hateval_train(3642)",dev_incelsis(780),test_incelsis(781),2
3.0,0.8629283489096574,0.8496932515337423,0.8765822784810127,0.8502581755593804,0.8546712802768166,0.8458904109589042,bert-base-uncased,7284,"train_incelsis(3642)
hateval_train(3642)",dev_incelsis(780),test_incelsis(781),2
4.0,0.852760736196319,0.8273809523809523,0.879746835443038,0.8512820512820513,0.8498293515358362,0.8527397260273972,bert-base-uncased,7284,"train_incelsis(3642)
hateval_train(3642)",dev_incelsis(780),test_incelsis(781),2
