epoch,val_f1,val_prec,val_rec,test_f1,test_prec,test_rec,model,train_len,train_set(s),dev_set(s),test_set(s),run_id
1.0,0.8585055643879174,0.8626198083067093,0.8544303797468354,0.8383838383838385,0.8245033112582781,0.8527397260273972,bert-base-uncased,7284,"train_incelsis(3642)
hateval_train(3642)",dev_incelsis(780),test_incelsis(781),2
2.0,0.8535031847133757,0.8589743589743589,0.8481012658227848,0.846286701208981,0.8536585365853658,0.839041095890411,bert-base-uncased,7284,"train_incelsis(3642)
hateval_train(3642)",dev_incelsis(780),test_incelsis(781),2
3.0,0.8620689655172414,0.8540372670807453,0.870253164556962,0.8497409326424871,0.8571428571428571,0.8424657534246576,bert-base-uncased,7284,"train_incelsis(3642)
hateval_train(3642)",dev_incelsis(780),test_incelsis(781),2
4.0,0.8611111111111112,0.8403614457831325,0.8829113924050633,0.8444444444444444,0.8430034129692833,0.8458904109589042,bert-base-uncased,7284,"train_incelsis(3642)
hateval_train(3642)",dev_incelsis(780),test_incelsis(781),2
