epoch,val_f1,val_prec,val_rec,test_f1,test_prec,test_rec,model,train_len,train_set(s),dev_set(s),test_set(s),run_id
1.0,0.8309636650868878,0.8296529968454258,0.8322784810126582,0.8126036484245439,0.7877813504823151,0.839041095890411,bert-base-uncased,10926,"train_incelsis(3642)
hateval_train(3642)
davidson(3642)",dev_incelsis(780),test_incelsis(781),3
2.0,0.8576,0.8673139158576052,0.8481012658227848,0.8249158249158249,0.8112582781456954,0.839041095890411,bert-base-uncased,10926,"train_incelsis(3642)
hateval_train(3642)
davidson(3642)",dev_incelsis(780),test_incelsis(781),3
3.0,0.8507936507936509,0.8535031847133758,0.8481012658227848,0.8464163822525598,0.8435374149659864,0.8493150684931506,bert-base-uncased,10926,"train_incelsis(3642)
hateval_train(3642)
davidson(3642)",dev_incelsis(780),test_incelsis(781),3
4.0,0.8511326860841423,0.8708609271523179,0.8322784810126582,0.846815834767642,0.8512110726643599,0.8424657534246576,bert-base-uncased,10926,"train_incelsis(3642)
hateval_train(3642)
davidson(3642)",dev_incelsis(780),test_incelsis(781),3
