epoch,val_f1,val_prec,val_rec,test_f1,test_prec,test_rec,model,train_len,train_set(s),dev_set(s),test_set(s),run_id
1.0,0.3972602739726028,0.7131147540983607,0.27531645569620256,0.4085510688836105,0.6666666666666666,0.2945205479452055,bert-base-uncased,4500,train_hateval_2019_english(4500),dev_incelsis(780),test_incelsis(781),4
2.0,0.4118993135011442,0.743801652892562,0.2848101265822785,0.4067796610169492,0.6942148760330579,0.2876712328767123,bert-base-uncased,4500,train_hateval_2019_english(4500),dev_incelsis(780),test_incelsis(781),4
3.0,0.40835266821345706,0.7652173913043478,0.27848101265822783,0.4088669950738916,0.7280701754385965,0.2842465753424658,bert-base-uncased,4500,train_hateval_2019_english(4500),dev_incelsis(780),test_incelsis(781),4
4.0,0.41818181818181815,0.7419354838709677,0.2911392405063291,0.43914081145584727,0.7244094488188977,0.3150684931506849,bert-base-uncased,4500,train_hateval_2019_english(4500),dev_incelsis(780),test_incelsis(781),4
