epoch,val_f1,val_prec,val_rec,test_f1,test_prec,test_rec,model,train_len,train_set(s),dev_set(s),test_set(s),run_id
1.0,0.5364891518737673,0.7120418848167539,0.43037974683544306,0.6175298804780877,0.7380952380952381,0.5308219178082192,bert-base-uncased,21848,"train_davidson(17348)
train_hateval_2019_english(4500)",dev_incelsis(780),test_incelsis(781),5
2.0,0.5575757575757576,0.770949720670391,0.43670886075949367,0.6220472440944882,0.7314814814814815,0.541095890410959,bert-base-uncased,21848,"train_davidson(17348)
train_hateval_2019_english(4500)",dev_incelsis(780),test_incelsis(781),5
3.0,0.6187845303867403,0.7400881057268722,0.5316455696202531,0.6544789762340035,0.7019607843137254,0.613013698630137,bert-base-uncased,21848,"train_davidson(17348)
train_hateval_2019_english(4500)",dev_incelsis(780),test_incelsis(781),5
4.0,0.6060606060606062,0.7547169811320755,0.5063291139240507,0.6302367941712205,0.6731517509727627,0.5924657534246576,bert-base-uncased,21848,"train_davidson(17348)
train_hateval_2019_english(4500)",dev_incelsis(780),test_incelsis(781),5
