epoch,val_f1,val_prec,val_rec,test_f1,test_prec,test_rec,model,train_len,train_set(s),dev_set(s),test_set(s),run_id
1.0,0.5975103734439834,0.5877551020408164,0.6075949367088608,0.6634615384615385,0.5338491295938105,0.8761904761904762,bert-base-uncased,3642,train_incelsis(3642),dev_hateval_2019_english(500),test_hateval_2019_english(1500),6
2.0,0.5675057208237987,0.62,0.5232067510548524,0.6686355581807443,0.5324553151458138,0.8984126984126984,bert-base-uncased,3642,train_incelsis(3642),dev_hateval_2019_english(500),test_hateval_2019_english(1500),6
3.0,0.6030368763557484,0.6205357142857143,0.5864978902953587,0.6674325100516945,0.5229522952295229,0.9222222222222223,bert-base-uncased,3642,train_incelsis(3642),dev_hateval_2019_english(500),test_hateval_2019_english(1500),6
4.0,0.6167023554603854,0.6260869565217392,0.6075949367088608,0.6585635359116022,0.5050847457627119,0.946031746031746,bert-base-uncased,3642,train_incelsis(3642),dev_hateval_2019_english(500),test_hateval_2019_english(1500),6
