epoch,val_f1,val_prec,val_rec,test_f1,test_prec,test_rec,model,train_len,train_set(s),dev_set(s),test_set(s),run_id
1.0,0.606694560669456,0.6016597510373444,0.6118143459915611,0.6341463414634146,0.48722316865417375,0.9079365079365079,bert-base-uncased,3642,train_incelsis(3642),dev_hateval_2019_english(500),test_hateval_2019_english(1500),6
2.0,0.5874125874125874,0.65625,0.5316455696202531,0.6314067611777536,0.4808970099667774,0.919047619047619,bert-base-uncased,3642,train_incelsis(3642),dev_hateval_2019_english(500),test_hateval_2019_english(1500),6
3.0,0.5804878048780487,0.6878612716763006,0.5021097046413502,0.6466512702078522,0.5081669691470054,0.8888888888888888,bert-base-uncased,3642,train_incelsis(3642),dev_hateval_2019_english(500),test_hateval_2019_english(1500),6
4.0,0.5868544600938966,0.6613756613756614,0.5274261603375527,0.6420704845814978,0.49156829679595276,0.9253968253968254,bert-base-uncased,3642,train_incelsis(3642),dev_hateval_2019_english(500),test_hateval_2019_english(1500),6
