epoch,val_f1,val_prec,val_rec,test_f1,test_prec,test_rec,model,train_len,train_set(s),dev_set(s),test_set(s),run_id
1.0,0.5825688073394495,0.6381909547738693,0.5358649789029536,0.6472114137483788,0.5471491228070176,0.792063492063492,bert-base-uncased,3642,train_incelsis(3642),dev_hateval_2019_english(500),test_hateval_2019_english(1500),6
2.0,0.5955555555555555,0.6291079812206573,0.5654008438818565,0.6398210290827742,0.4939550949913644,0.9079365079365079,bert-base-uncased,3642,train_incelsis(3642),dev_hateval_2019_english(500),test_hateval_2019_english(1500),6
3.0,0.5944700460829493,0.6548223350253807,0.5443037974683544,0.6476652516676774,0.5240431795878312,0.8476190476190476,bert-base-uncased,3642,train_incelsis(3642),dev_hateval_2019_english(500),test_hateval_2019_english(1500),6
4.0,0.6247288503253796,0.6428571428571429,0.6075949367088608,0.6525376464026771,0.5030094582975064,0.9285714285714286,bert-base-uncased,3642,train_incelsis(3642),dev_hateval_2019_english(500),test_hateval_2019_english(1500),6
