epoch,val_f1,val_prec,val_rec,test_f1,test_prec,test_rec,model,train_len,train_set(s),dev_set(s),test_set(s),run_id
1.0,0.39277652370203153,0.2767762460233298,0.6761658031088082,0.37395912187736563,0.25945378151260506,0.6693766937669376,bert-base-uncased,3642,train_incelsis(3642),dev_davidson(3717),test_davidson(3718),8
2.0,0.34488381573583365,0.25163593099345627,0.5479274611398963,0.3438538205980066,0.24790419161676647,0.5609756097560976,bert-base-uncased,3642,train_incelsis(3642),dev_davidson(3717),test_davidson(3718),8
3.0,0.3572003218020917,0.2590431738623104,0.5751295336787565,0.3520261972984036,0.25219941348973607,0.5826558265582655,bert-base-uncased,3642,train_incelsis(3642),dev_davidson(3717),test_davidson(3718),8
4.0,0.3588370313695486,0.254614549402823,0.6075129533678757,0.3481969755719271,0.24388919065725148,0.6084010840108401,bert-base-uncased,3642,train_incelsis(3642),dev_davidson(3717),test_davidson(3718),8
