epoch,val_f1,val_prec,val_rec,test_f1,test_prec,test_rec,model,train_len,train_set(s),dev_set(s),test_set(s),run_id
1.0,0.4532188841201717,0.6583541147132169,0.34554973821989526,0.47445887445887447,0.6782178217821783,0.3648468708388815,bert-base-uncased,25490,"train_davidson(17348)
train_hateval_2019_english(4500)
train_incelsis(3642)",dev_davidson(3717),test_davidson(3718),9
2.0,0.5287356321839081,0.516209476309227,0.5418848167539267,0.5649717514124294,0.5344418052256532,0.5992010652463382,bert-base-uncased,25490,"train_davidson(17348)
train_hateval_2019_english(4500)
train_incelsis(3642)",dev_davidson(3717),test_davidson(3718),9
3.0,0.5171957671957672,0.5227272727272727,0.5117801047120419,0.5428002654280026,0.541005291005291,0.5446071904127829,bert-base-uncased,25490,"train_davidson(17348)
train_hateval_2019_english(4500)
train_incelsis(3642)",dev_davidson(3717),test_davidson(3718),9
4.0,0.5126541207008436,0.5083655083655083,0.5170157068062827,0.5266579973992198,0.5146124523506989,0.5392809587217043,bert-base-uncased,25490,"train_davidson(17348)
train_hateval_2019_english(4500)
train_incelsis(3642)",dev_davidson(3717),test_davidson(3718),9
