epoch,val_f1,val_prec,val_rec,test_f1,test_prec,test_rec,model,train_len,train_set(s),dev_set(s),test_set(s),run_id
1.0,0.8647798742138365,0.859375,0.870253164556962,0.8363636363636364,0.8083067092651757,0.8664383561643836,incel-roberta-base-1000k_english,3642,train_incelsis(3642),dev_incelsis(780),test_incelsis(781),0
2.0,0.8557692307692307,0.8668831168831169,0.8449367088607594,0.8474576271186441,0.8389261744966443,0.8561643835616438,incel-roberta-base-1000k_english,3642,train_incelsis(3642),dev_incelsis(780),test_incelsis(781),0
3.0,0.8544303797468354,0.8544303797468354,0.8544303797468354,0.8480801335559266,0.8273615635179153,0.8698630136986302,incel-roberta-base-1000k_english,3642,train_incelsis(3642),dev_incelsis(780),test_incelsis(781),0
4.0,0.8593996840442337,0.8580441640378549,0.8607594936708861,0.8500000000000001,0.827922077922078,0.8732876712328768,incel-roberta-base-1000k_english,3642,train_incelsis(3642),dev_incelsis(780),test_incelsis(781),0
