epoch,val_f1,val_prec,val_rec,test_f1,test_prec,test_rec,model,train_len,train_set(s),dev_set(s),test_set(s),run_id
1.0,0.8653846153846154,0.8766233766233766,0.8544303797468354,0.8435374149659863,0.8378378378378378,0.8493150684931506,incel-roberta-base-1000k_english,3642,train_incelsis(3642),dev_incelsis(780),test_incelsis(781),0
2.0,0.8666666666666667,0.8694267515923567,0.8639240506329114,0.8421052631578947,0.835016835016835,0.8493150684931506,incel-roberta-base-1000k_english,3642,train_incelsis(3642),dev_incelsis(780),test_incelsis(781),0
3.0,0.8593996840442337,0.8580441640378549,0.8607594936708861,0.8494983277591974,0.8300653594771242,0.8698630136986302,incel-roberta-base-1000k_english,3642,train_incelsis(3642),dev_incelsis(780),test_incelsis(781),0
4.0,0.8679245283018868,0.8625,0.8734177215189873,0.8500000000000001,0.827922077922078,0.8732876712328768,incel-roberta-base-1000k_english,3642,train_incelsis(3642),dev_incelsis(780),test_incelsis(781),0
