epoch,val_f1,val_prec,val_rec,test_f1,test_prec,test_rec,model,train_len,train_set(s),dev_set(s),test_set(s),run_id
1.0,0.8644338118022328,0.8713826366559485,0.8575949367088608,0.8327759197324415,0.8137254901960784,0.8527397260273972,incel-roberta-base-1000k_english,3642,train_incelsis(3642),dev_incelsis(780),test_incelsis(781),0
2.0,0.858447488584475,0.8269794721407625,0.8924050632911392,0.8459016393442623,0.8113207547169812,0.8835616438356164,incel-roberta-base-1000k_english,3642,train_incelsis(3642),dev_incelsis(780),test_incelsis(781),0
3.0,0.8535433070866142,0.8495297805642633,0.8575949367088608,0.8537815126050421,0.8382838283828383,0.8698630136986302,incel-roberta-base-1000k_english,3642,train_incelsis(3642),dev_incelsis(780),test_incelsis(781),0
4.0,0.8571428571428571,0.8504672897196262,0.8639240506329114,0.8605042016806722,0.8448844884488449,0.8767123287671232,incel-roberta-base-1000k_english,3642,train_incelsis(3642),dev_incelsis(780),test_incelsis(781),0
