epoch,val_f1,val_prec,val_rec,test_f1,test_prec,test_rec,model,train_len,train_set(s),dev_set(s),test_set(s),run_id
1.0,0.821875,0.8117283950617284,0.8322784810126582,0.6470588235294118,0.6111111111111112,0.6875,bert-base-uncased,3642,train_incelsis(3642),dev_incelsis(780),test_incelsis(481),RANLP_review_metrics_no_incel_terms
2.0,0.8571428571428571,0.8504672897196262,0.8639240506329114,0.6881720430107527,0.7111111111111111,0.6666666666666666,bert-base-uncased,3642,train_incelsis(3642),dev_incelsis(780),test_incelsis(481),RANLP_review_metrics_no_incel_terms
3.0,0.8616352201257861,0.85625,0.8670886075949367,0.7096774193548386,0.7333333333333333,0.6875,bert-base-uncased,3642,train_incelsis(3642),dev_incelsis(780),test_incelsis(481),RANLP_review_metrics_no_incel_terms
4.0,0.864696734059098,0.8501529051987767,0.879746835443038,0.7052631578947368,0.7127659574468085,0.6979166666666666,bert-base-uncased,3642,train_incelsis(3642),dev_incelsis(780),test_incelsis(481),RANLP_review_metrics_no_incel_terms
