run_id,model,val_f1,val_f1_std,test_f1,test_f1_std
15,BERT base,0.8527407954397347,0.007606936460750558,0.855386527852076,0.005299109913106766
1,BERT base,0.8382917453054951,0.010065536068783347,0.8506330806309599,0.005637218640148241
16,BERT base,0.8474502652275401,0.0024060054455715494,0.8489230215290633,0.008707810498199797
0,BERT base,0.8461721523195962,0.009995247692897643,0.8446455729971468,0.00767484963995753
14,BERT base,0.8576303842877369,0.005127879258477258,0.844631101340168,0.007018920231773103
2,BERT base,0.857996608334094,0.007414521265827328,0.8436423397834242,0.007940675355145903
13,BERT base,0.8537037427624853,0.006814866491151317,0.8420609031497058,0.00732487770401898
3,BERT base,0.8483581117033487,0.006815695060457303,0.8398907486016315,0.010719722778011627
10,BERT base,0.8568851448809287,0.0073444464877252215,0.8365740512586106,0.007328737494855596
