run_id,epoch,model,val_f1,val_f1_std,val_rec,val_prec,test_f1,test_f1_std,test_rec,test_prec
11,2,BERT base,0.8730326523358333,0.004397601679622301,0.897216035634744,0.8502801231607714,0.8615323818851994,0.002403227692305892,0.8854524627720505,0.8390064562719314
6,2,BERT base,0.5685815304445485,0.016933226775627037,0.5075949367088607,0.6476677118236591,0.6475830245452994,0.01593565485601888,0.8839682539682541,0.5114484816615672
5,2,BERT base,0.5272945041882717,0.026405647567359095,0.40126582278481004,0.7718828356700429,0.6031426723088409,0.022250780588373088,0.5085616438356164,0.7428072252217662
9,2,BERT base,0.5307955882685592,0.01137852299899663,0.5554973821989528,0.5095399409487789,0.5748061030538021,0.008909044337629117,0.6206391478029294,0.5364622740760663
12,2,BERT base,0.5103129305064363,0.014379613318015837,0.38702531645569616,0.7507153238986661,0.5476308452782227,0.01459232774783066,0.4273972602739726,0.7636610462383188
7,2,BERT base,0.4313655525341137,0.03425608166023959,0.3142405063291139,0.6955019694327959,0.5415630988189134,0.03677910077200061,0.4280821917808219,0.7453554814224802
4,2,BERT base,0.4029943700206024,0.03497546154875484,0.28164556962025317,0.7210655498284116,0.40457263371742797,0.04671625653602204,0.288013698630137,0.6953905221179284
8,2,BERT base,0.3578981126813561,0.007623940583135883,0.5619170984455959,0.2637426189164933,0.3403643468193374,0.005611475913124922,0.5565040650406503,0.2460915773887593
