run_id,epoch,model,val_f1,val_f1_std,val_rec,val_prec,test_f1,test_f1_std,test_rec,test_prec
15,4,BERT base,0.8527407954397347,0.007606936460750558,0.8537974683544304,0.851793417698379,0.855386527852076,0.005299109913106766,0.863013698630137,0.848007147092669
1,4,BERT base,0.8382917453054951,0.010065536068783347,0.8341772151898734,0.842684806142022,0.8506330806309599,0.005637218640148241,0.8520547945205479,0.849428657045198
16,4,BERT base,0.8448416279837414,0.005857248355372798,0.8512658227848101,0.838655216445152,0.8458730225192482,0.009237537221803009,0.8589041095890411,0.8333572735661644
14,4,BERT base,0.8576303842877369,0.005127879258477258,0.8579113924050633,0.8574544945595741,0.844631101340168,0.007018920231773103,0.8414383561643837,0.8479113562925866
2,4,BERT base,0.8504933487253366,0.008906481958503017,0.8613924050632912,0.8400236470852379,0.843388034261577,0.00808334825609585,0.8462328767123287,0.8406477705586155
13,4,BERT base,0.8537037427624853,0.006814866491151317,0.8569620253164556,0.8508598192068186,0.8420609031497058,0.00732487770401898,0.8421232876712329,0.8423737254442305
0,4,BERT base,0.849725842431293,0.004145745819563538,0.8563291139240506,0.8439105243806739,0.8406948766427631,0.00780953869871788,0.8424657534246576,0.8395931033036291
3,4,BERT base,0.8483581117033487,0.006815695060457303,0.8458860759493672,0.8511198762816707,0.8398907486016315,0.010719722778011627,0.8397260273972602,0.8401598289754144
10,4,BERT base,0.8533948721760588,0.007755396598457146,0.8566455696202532,0.8503171698332037,0.8302480673562135,0.007808620917832421,0.8198630136986301,0.8410153208538753
