ID,Epoch,Model,Val F1,Val F1 St.Dev,Val Rec,Val Prec,Test F1,Test F1 St.Dev,Test Rec,Test Prec
11,2,BERT base,0.8730326523358333,0.004397601679622301,0.897216035634744,0.8502801231607714,0.8615323818851994,0.002403227692305892,0.8854524627720505,0.8390064562719314
5,3,BERT base,0.620772897158133,0.01893773920371097,0.5481012658227848,0.7176709905115961,0.6580532805845032,0.00991920085732396,0.6215753424657534,0.6998518967689752
6,4,BERT base,0.5939805731032702,0.01942708730443235,0.5506329113924051,0.6468480982718223,0.6503110653352143,0.011802622759491148,0.9055555555555556,0.5078763599797749
7,3,BERT base,0.5384127947810539,0.02368789827399356,0.45886075949367083,0.6530137525600728,0.6089178916032638,0.018531932534534164,0.561986301369863,0.6660951698017986
9,2,BERT base,0.5307955882685592,0.01137852299899663,0.5554973821989528,0.5095399409487789,0.5748061030538021,0.008909044337629117,0.6206391478029294,0.5364622740760663
12,2,BERT base,0.5103129305064363,0.014379613318015837,0.38702531645569616,0.7507153238986661,0.5476308452782227,0.01459232774783066,0.4273972602739726,0.7636610462383188
4,3,BERT base,0.4309728847770337,0.019348259162978748,0.31044303797468353,0.7096502466191936,0.4438056898107857,0.03409260587393483,0.33013698630136984,0.6817397128682541
8,4,BERT base,0.36442919577586486,0.007509329945037237,0.6038860103626943,0.26290213908403703,0.3472099843542519,0.0058050299842971045,0.6013550135501355,0.24561391880647515
