run_id,epoch,model,val_f1,val_f1_std,val_rec,val_prec,test_f1,test_f1_std,test_rec,test_prec
15,4,BERT base,0.8527407954397347,0.007606936460750558,0.8537974683544304,0.851793417698379,0.855386527852076,0.005299109913106766,0.863013698630137,0.848007147092669
1,4,BERT base,0.8382917453054951,0.010065536068783347,0.8341772151898734,0.842684806142022,0.8506330806309599,0.005637218640148241,0.8520547945205479,0.849428657045198
16,3,BERT base,0.8474502652275401,0.0024060054455715494,0.8525316455696202,0.8427894731424559,0.8489230215290633,0.008707810498199797,0.861986301369863,0.836754997157707
0,3,BERT base,0.8461721523195962,0.009995247692897643,0.8512658227848101,0.8445306614511475,0.8446455729971468,0.00767484963995753,0.8431506849315069,0.8494824712378433
14,4,BERT base,0.8576303842877369,0.005127879258477258,0.8579113924050633,0.8574544945595741,0.844631101340168,0.007018920231773103,0.8414383561643837,0.8479113562925866
2,3,BERT base,0.857996608334094,0.007414521265827328,0.8575949367088608,0.8587546403933303,0.8436423397834242,0.007940675355145903,0.8349315068493152,0.8529646320763945
13,4,BERT base,0.8537037427624853,0.006814866491151317,0.8569620253164556,0.8508598192068186,0.8420609031497058,0.00732487770401898,0.8421232876712329,0.8423737254442305
3,4,BERT base,0.8483581117033487,0.006815695060457303,0.8458860759493672,0.8511198762816707,0.8398907486016315,0.010719722778011627,0.8397260273972602,0.8401598289754144
10,2,BERT base,0.8568851448809287,0.0073444464877252215,0.8743670886075948,0.8404509642909506,0.8365740512586106,0.007328737494855596,0.8537671232876713,0.8204757164458755
