run_id,epoch,model,val_f1,val_f1_std,test_f1,test_f1_std
-1,0,BERT base,0.41853067988229753,0.22151427317516978,0.39741736672780126,0.2063339995687608
-1,0,Incel BERT 1M,0.3820510751609095,0.1938225704212247,0.3762131304246715,0.1813547094153608
