ID,Epoch,Model,Val F1,Val F1 St.Dev,Val Rec,Val Prec,Test F1,Test F1 St.Dev,Test Rec,Test Prec
11,4,Incel BERT 1M,0.8829321007808734,0.001359285635454344,0.8910913140311804,0.8749559850621639,0.8659620319822411,0.0007568932095787182,0.8776632302405499,0.8546160299500218
5,2,Incel BERT 1M,0.6987077824822938,0.017389467522446272,0.6411392405063291,0.7699525840398052,0.753444754924964,0.011533115055341306,0.7575342465753424,0.7503536459558502
6,2,Incel BERT 1M,0.6145526183619464,0.013905814293623633,0.5831223628691984,0.6501783209994637,0.6528925992602609,0.022027282060543146,0.9314285714285715,0.5038533050029238
7,3,Incel BERT 1M,0.5662095005244654,0.010703756087509977,0.49367088607594933,0.6643679380757983,0.6467222595390554,0.013831196615045059,0.6123287671232877,0.6858040030622795
12,4,Incel BERT 1M,0.49038739689483013,0.01219593192336816,0.35063291139240504,0.8158675765864679,0.5821160890011929,0.016767068555761853,0.4383561643835616,0.8675930443680013
4,4,Incel BERT 1M,0.5586452139676431,0.004273668535047989,0.4430379746835443,0.7561132727285014,0.5421820066276289,0.009312012939533503,0.4417808219178082,0.7019035236682296
9,3,Incel BERT 1M,0.5159574336991098,0.005649059835640322,0.5580080753701211,0.4801032640894206,0.5192853142107944,0.005326973081986616,0.5383006535947712,0.5018369393270874
8,2,Incel BERT 1M,0.33966353466460575,0.0037358228773568193,0.6446837146702558,0.2306596177512672,0.3336599342720691,0.002507873907895109,0.6104575163398692,0.2296539504856617
