run_id,model,val_f1,val_f1_std,test_f1,test_f1_std
11,Incel BERT 1M,0.8829321007808734,0.001359285635454344,0.8659620319822411,0.0007568932095787182
5,Incel BERT 1M,0.6987077824822938,0.017389467522446272,0.753444754924964,0.011533115055341306
6,Incel BERT 1M,0.6145526183619464,0.013905814293623633,0.6528925992602609,0.022027282060543146
7,Incel BERT 1M,0.5662095005244654,0.010703756087509977,0.6467222595390554,0.013831196615045059
12,Incel BERT 1M,0.49038739689483013,0.01219593192336816,0.5821160890011929,0.016767068555761853
4,Incel BERT 1M,0.5586452139676431,0.004273668535047989,0.5421820066276289,0.009312012939533503
9,Incel BERT 1M,0.5159574336991098,0.005649059835640322,0.5192853142107944,0.005326973081986616
8,Incel BERT 1M,0.3458994321838613,0.00448121260804921,0.3436744409545091,0.0015780585658989605
