run_id,epoch,model,val_f1,val_f1_std,val_rec,val_prec,test_f1,test_f1_std,test_rec,test_prec
0,4,Incel BERT 1M,0.8749405154957509,0.005349933533832765,0.8943037974683545,0.8564596215030447,0.8716513510661004,0.0063541069970191625,0.8828767123287671,0.8608190780504943
15,4,Incel BERT 1M,0.8591367552448148,0.003613203577514056,0.860759493670886,0.8575664310622644,0.8654926145837761,0.003793326951261513,0.8835616438356164,0.8481932910899064
16,3,Incel BERT 1M,0.8594383571716419,0.002233345091981586,0.8822784810126582,0.8377896014666891,0.8591376199667493,0.0017605076604102123,0.8815068493150685,0.8379956051329926
13,1,Incel BERT 1M,0.8578303183738516,0.003378245070631424,0.7886075949367088,0.9403925628560816,0.8572402589400163,0.007708347375497697,0.804109589041096,0.9179260037348274
1,2,Incel BERT 1M,0.8635461808357938,0.0046856927519200245,0.8772151898734177,0.8504038116544368,0.85691720932804,0.004564771789275515,0.8794520547945206,0.8359008125314809
14,3,Incel BERT 1M,0.8753485133947958,0.006066585595909209,0.8911392405063291,0.8602501165915835,0.8560697928159389,0.008196835844776682,0.8753424657534247,0.8378796216423027
10,1,Incel BERT 1M,0.8661309807348154,0.0029442606313214263,0.8784810126582279,0.8543413915212023,0.8545643483768988,0.0028868342549445065,0.8773972602739726,0.8331133639783177
2,4,Incel BERT 1M,0.8862910967482989,0.004242885474498294,0.9075949367088608,0.8660430819136439,0.8517979959749093,0.0031227797533331545,0.8602739726027397,0.8435676004838392
3,2,Incel BERT 1M,0.8686769360408331,0.006624047370379938,0.8873417721518987,0.850861745354748,0.8452922587633308,0.005087143624250978,0.8739726027397261,0.8184775545514764
