run_id,epoch,model,val_f1,val_f1_std,val_rec,val_prec,test_f1,test_f1_std,test_rec,test_prec
11,4,Incel BERT 1M,0.8829321007808734,0.001359285635454344,0.8910913140311804,0.8749559850621639,0.8659620319822411,0.0007568932095787182,0.8776632302405499,0.8546160299500218
5,4,Incel BERT 1M,0.7049215997130444,0.012551123158523638,0.6740506329113924,0.7409656680314536,0.7517506470997389,0.008429943978484383,0.7825342465753424,0.7246447127615175
6,4,Incel BERT 1M,0.6267054612076635,0.008502523401122593,0.60084388185654,0.6552710828797663,0.6522982419250456,0.004905203035647605,0.9438095238095239,0.4984493867606049
7,4,Incel BERT 1M,0.5616152192183135,0.019183919390069356,0.47215189873417723,0.6941329812136972,0.6383936038340622,0.015094793603306603,0.5876712328767123,0.6999184364191404
12,4,Incel BERT 1M,0.49038739689483013,0.01219593192336816,0.35063291139240504,0.8158675765864679,0.5821160890011929,0.016767068555761853,0.4383561643835616,0.8675930443680013
4,4,Incel BERT 1M,0.5586452139676431,0.004273668535047989,0.4430379746835443,0.7561132727285014,0.5421820066276289,0.009312012939533503,0.4417808219178082,0.7019035236682296
9,4,Incel BERT 1M,0.5007920233921748,0.008838363453616112,0.5348586810228803,0.47085954397069674,0.4942819839967216,0.009407630872084946,0.5066666666666666,0.48255982942180664
8,4,Incel BERT 1M,0.3458994321838613,0.00448121260804921,0.62907133243607,0.23855186762923516,0.3436744409545091,0.0015780585658989605,0.6007843137254902,0.2407149001575235
