epoch,val_f1,val_prec,val_rec,test_f1,test_prec,test_rec,model,train_len,train_set(s),dev_set(s),test_set(s),run_id
1.0,0.8500823723228995,0.8865979381443299,0.8164556962025317,0.8450704225352113,0.8695652173913043,0.821917808219178,incel-bert-base-uncased-10k_english,3642,train_incelsis(3642),dev_incelsis(780),test_incelsis(781),0
2.0,0.8634222919937204,0.8566978193146417,0.870253164556962,0.8605851979345956,0.8650519031141869,0.8561643835616438,incel-bert-base-uncased-10k_english,3642,train_incelsis(3642),dev_incelsis(780),test_incelsis(781),0
3.0,0.8669656203288489,0.8215297450424929,0.9177215189873418,0.8538961038961039,0.8117283950617284,0.9006849315068494,incel-bert-base-uncased-10k_english,3642,train_incelsis(3642),dev_incelsis(780),test_incelsis(781),0
4.0,0.8611544461778472,0.8492307692307692,0.8734177215189873,0.8659793814432991,0.8689655172413793,0.863013698630137,incel-bert-base-uncased-10k_english,3642,train_incelsis(3642),dev_incelsis(780),test_incelsis(781),0
