epoch,val_f1,val_prec,val_rec,test_f1,test_prec,test_rec,model,train_len,train_set(s),dev_set(s),test_set(s),run_id
1.0,0.8480801335559265,0.8975265017667845,0.8037974683544303,0.8243727598566307,0.8646616541353384,0.7876712328767124,incel-bert-base-uncased-10k_english,3642,train_incelsis(3642),dev_incelsis(780),test_incelsis(781),0
2.0,0.8626198083067093,0.8709677419354839,0.8544303797468354,0.8422876949740035,0.8526315789473684,0.8321917808219178,incel-bert-base-uncased-10k_english,3642,train_incelsis(3642),dev_incelsis(780),test_incelsis(781),0
3.0,0.869431643625192,0.844776119402985,0.8955696202531646,0.8695652173913042,0.8496732026143791,0.8904109589041096,incel-bert-base-uncased-10k_english,3642,train_incelsis(3642),dev_incelsis(780),test_incelsis(781),0
4.0,0.8663446054750402,0.8819672131147541,0.8512658227848101,0.8576449912126538,0.8808664259927798,0.8356164383561644,incel-bert-base-uncased-10k_english,3642,train_incelsis(3642),dev_incelsis(780),test_incelsis(781),0
