epoch,val_f1,val_prec,val_rec,test_f1,test_prec,test_rec,model,train_len,train_set(s),dev_set(s),test_set(s),run_id
1.0,0.8282828282828283,0.8848920863309353,0.7784810126582279,0.8419182948490233,0.8745387453874539,0.8116438356164384,incel-bert-base-uncased-10k_english,3642,train_incelsis(3642),dev_incelsis(780),test_incelsis(781),0
2.0,0.8659127625201938,0.8844884488448845,0.8481012658227848,0.8607142857142855,0.8992537313432836,0.8253424657534246,incel-bert-base-uncased-10k_english,3642,train_incelsis(3642),dev_incelsis(780),test_incelsis(781),0
3.0,0.8639760837070255,0.8186968838526912,0.9145569620253164,0.8628099173553718,0.8338658146964856,0.8938356164383562,incel-bert-base-uncased-10k_english,3642,train_incelsis(3642),dev_incelsis(780),test_incelsis(781),0
4.0,0.8656250000000001,0.8549382716049383,0.8765822784810127,0.8644939965694683,0.865979381443299,0.863013698630137,incel-bert-base-uncased-10k_english,3642,train_incelsis(3642),dev_incelsis(780),test_incelsis(781),0
