epoch,val_f1,val_prec,val_rec,test_f1,test_prec,test_rec,model,train_len,train_set(s),dev_set(s),test_set(s),run_id
1.0,0.8166915052160952,0.7718309859154929,0.8670886075949367,0.4030418250950571,0.8412698412698413,0.265,incel-bert-base-multilingual-cased-10k_multi,3642,train_incelsis(3642),dev_incelsis(780),test_fdb_500(500),17
2.0,0.8294797687861272,0.7632978723404256,0.9082278481012658,0.5214521452145214,0.7669902912621359,0.395,incel-bert-base-multilingual-cased-10k_multi,3642,train_incelsis(3642),dev_incelsis(780),test_fdb_500(500),17
3.0,0.8492307692307692,0.8263473053892215,0.8734177215189873,0.36153846153846153,0.7833333333333333,0.235,incel-bert-base-multilingual-cased-10k_multi,3642,train_incelsis(3642),dev_incelsis(780),test_fdb_500(500),17
4.0,0.8513931888544892,0.8333333333333334,0.870253164556962,0.2971887550200803,0.7551020408163265,0.185,incel-bert-base-multilingual-cased-10k_multi,3642,train_incelsis(3642),dev_incelsis(780),test_fdb_500(500),17
