epoch,val_f1,val_prec,val_rec,test_f1,test_prec,test_rec,model,train_len,train_set(s),dev_set(s),test_set(s),run_id
1.0,0.8172413793103449,0.8977272727272727,0.75,0.06698564593301436,0.7777777777777778,0.035,incel-bert-base-multilingual-cased-10k_multi,3642,train_incelsis(3642),dev_incelsis(780),test_fdb_500(500),17
2.0,0.8384,0.8478964401294499,0.8291139240506329,0.291497975708502,0.7659574468085106,0.18,incel-bert-base-multilingual-cased-10k_multi,3642,train_incelsis(3642),dev_incelsis(780),test_fdb_500(500),17
3.0,0.8474576271186441,0.8258258258258259,0.870253164556962,0.36363636363636365,0.75,0.24,incel-bert-base-multilingual-cased-10k_multi,3642,train_incelsis(3642),dev_incelsis(780),test_fdb_500(500),17
4.0,0.8346213292117465,0.8157099697885196,0.8544303797468354,0.37593984962406013,0.7575757575757576,0.25,incel-bert-base-multilingual-cased-10k_multi,3642,train_incelsis(3642),dev_incelsis(780),test_fdb_500(500),17
