epoch,val_f1,val_prec,val_rec,test_f1,test_prec,test_rec,model,train_len,train_set(s),dev_set(s),test_set(s),run_id
1.0,0.8261617900172118,0.9056603773584906,0.759493670886076,0.0676328502415459,1.0,0.035,incel-bert-base-multilingual-cased-100k_english,3642,train_incelsis(3642),dev_incelsis(780),test_fdb_500(500),17
2.0,0.8584615384615384,0.8353293413173652,0.8829113924050633,0.3720930232558139,0.8275862068965517,0.24,incel-bert-base-multilingual-cased-100k_english,3642,train_incelsis(3642),dev_incelsis(780),test_fdb_500(500),17
3.0,0.8558139534883721,0.8389057750759878,0.8734177215189873,0.46643109540636046,0.7951807228915663,0.33,incel-bert-base-multilingual-cased-100k_english,3642,train_incelsis(3642),dev_incelsis(780),test_fdb_500(500),17
4.0,0.8465116279069769,0.8297872340425532,0.8639240506329114,0.44604316546762596,0.7948717948717948,0.31,incel-bert-base-multilingual-cased-100k_english,3642,train_incelsis(3642),dev_incelsis(780),test_fdb_500(500),17
