epoch,val_f1,val_prec,val_rec,test_f1,test_prec,test_rec,model,train_len,train_set(s),dev_set(s),test_set(s),run_id
1.0,0.8199643493761141,0.9387755102040817,0.7278481012658228,0.08571428571428572,0.9,0.045,incel-bert-base-multilingual-cased-10k_italian,3642,train_incelsis(3642),dev_incelsis(780),test_fdb_500(500),17
2.0,0.8533333333333334,0.8022284122562674,0.9113924050632911,0.3461538461538462,0.75,0.225,incel-bert-base-multilingual-cased-10k_italian,3642,train_incelsis(3642),dev_incelsis(780),test_fdb_500(500),17
3.0,0.8432267884322678,0.8123167155425219,0.8765822784810127,0.4615384615384615,0.696969696969697,0.345,incel-bert-base-multilingual-cased-10k_italian,3642,train_incelsis(3642),dev_incelsis(780),test_fdb_500(500),17
4.0,0.846986089644513,0.8277945619335347,0.8670886075949367,0.43109540636042404,0.7349397590361446,0.305,incel-bert-base-multilingual-cased-10k_italian,3642,train_incelsis(3642),dev_incelsis(780),test_fdb_500(500),17
