epoch,val_f1,val_prec,val_rec,test_f1,test_prec,test_rec,model,train_len,train_set(s),dev_set(s),test_set(s),run_id
1.0,0.8386075949367089,0.8386075949367089,0.8386075949367089,0.8296795952782462,0.8172757475083057,0.8424657534246576,incel-roberta-base-10k_english,3642,train_incelsis(3642),dev_incelsis(780),test_incelsis(781),0
2.0,0.8594771241830065,0.8885135135135135,0.8322784810126582,0.8366247755834829,0.879245283018868,0.797945205479452,incel-roberta-base-10k_english,3642,train_incelsis(3642),dev_incelsis(780),test_incelsis(781),0
3.0,0.8440366972477064,0.8165680473372781,0.8734177215189873,0.8477905073649754,0.8119122257053292,0.886986301369863,incel-roberta-base-10k_english,3642,train_incelsis(3642),dev_incelsis(780),test_incelsis(781),0
4.0,0.8589147286821706,0.8419452887537994,0.8765822784810127,0.8494077834179357,0.8394648829431438,0.8595890410958904,incel-roberta-base-10k_english,3642,train_incelsis(3642),dev_incelsis(780),test_incelsis(781),0
