epoch,val_f1,val_prec,val_rec,test_f1,test_prec,test_rec,test_incels_f1,test_incels_prec,test_incels_rec,model,train_len,train_set(s),dev_set(s),test_set(s),run_id
1.0,0.7971223021582733,0.7308707124010554,0.8765822784810127,0.45517241379310347,0.7333333333333333,0.33,0.7886056971514243,0.7013333333333334,0.9006849315068494,incel-bert-base-multilingual-cased-10k_italian,3642,train_incelsis(3642),dev_incelsis(780),test_fdb_500(500),17
2.0,0.8392282958199356,0.8529411764705882,0.8259493670886076,0.20353982300884957,0.8846153846153846,0.115,0.8296795952782462,0.8172757475083057,0.8424657534246576,incel-bert-base-multilingual-cased-10k_italian,3642,train_incelsis(3642),dev_incelsis(780),test_fdb_500(500),17
3.0,0.8355957767722474,0.7982708933717579,0.8765822784810127,0.2992125984251969,0.7037037037037037,0.19,0.8392282958199357,0.7909090909090909,0.8938356164383562,incel-bert-base-multilingual-cased-10k_italian,3642,train_incelsis(3642),dev_incelsis(780),test_fdb_500(500),17
4.0,0.8393135725429018,0.8276923076923077,0.8512658227848101,0.21940928270042195,0.7027027027027027,0.13,0.8506493506493508,0.808641975308642,0.8972602739726028,incel-bert-base-multilingual-cased-10k_italian,3642,train_incelsis(3642),dev_incelsis(780),test_fdb_500(500),17
