epoch,val_f1,val_prec,val_rec,test_f1,test_prec,test_rec,test_incels_f1,test_incels_prec,test_incels_rec,model,train_len,train_set(s),dev_set(s),test_set(s),run_id
1.0,0.7890173410404624,0.726063829787234,0.8639240506329114,0.48701298701298695,0.6944444444444444,0.375,0.7815384615384615,0.7094972067039106,0.8698630136986302,incel-bert-base-multilingual-cased-10k_italian,3642,train_incelsis(3642),dev_incelsis(780),test_fdb_500(500),17
2.0,0.8616852146263911,0.865814696485623,0.8575949367088608,0.21551724137931033,0.78125,0.125,0.8341880341880342,0.8327645051194539,0.8356164383561644,incel-bert-base-multilingual-cased-10k_italian,3642,train_incelsis(3642),dev_incelsis(780),test_fdb_500(500),17
3.0,0.8346213292117465,0.8157099697885196,0.8544303797468354,0.4117647058823529,0.7777777777777778,0.28,0.8313856427378965,0.8110749185667753,0.8527397260273972,incel-bert-base-multilingual-cased-10k_italian,3642,train_incelsis(3642),dev_incelsis(780),test_fdb_500(500),17
4.0,0.8393939393939394,0.8052325581395349,0.8765822784810127,0.4347826086956521,0.7894736842105263,0.3,0.8371335504885993,0.7981366459627329,0.8801369863013698,incel-bert-base-multilingual-cased-10k_italian,3642,train_incelsis(3642),dev_incelsis(780),test_fdb_500(500),17
