epoch,val_f1,val_prec,val_rec,test_f1,test_prec,test_rec,test_incels_f1,test_incels_prec,test_incels_rec,model,train_len,train_set(s),dev_set(s),test_set(s),run_id
1.0,0.8246153846153846,0.8023952095808383,0.8481012658227848,0.2727272727272727,0.7857142857142857,0.165,0.8045234248788369,0.7614678899082569,0.8527397260273972,incel-bert-base-multilingual-cased-10k_multi,3642,train_incelsis(3642),dev_incelsis(780),test_fdb_500(500),17
2.0,0.8382126348228044,0.8168168168168168,0.8607594936708861,0.15384615384615388,0.8095238095238095,0.085,0.8330578512396694,0.805111821086262,0.863013698630137,incel-bert-base-multilingual-cased-10k_multi,3642,train_incelsis(3642),dev_incelsis(780),test_fdb_500(500),17
3.0,0.828006088280061,0.7976539589442815,0.8607594936708861,0.2834008097165992,0.7446808510638298,0.175,0.8358208955223881,0.8102893890675241,0.863013698630137,incel-bert-base-multilingual-cased-10k_multi,3642,train_incelsis(3642),dev_incelsis(780),test_fdb_500(500),17
4.0,0.834597875569044,0.8017492711370262,0.870253164556962,0.27755102040816326,0.7555555555555555,0.17,0.8314238952536824,0.7962382445141066,0.8698630136986302,incel-bert-base-multilingual-cased-10k_multi,3642,train_incelsis(3642),dev_incelsis(780),test_fdb_500(500),17
