epoch,val_f1,val_prec,val_rec,test_f1,test_prec,test_rec,test_incels_f1,test_incels_prec,test_incels_rec,model,train_len,train_set(s),dev_set(s),test_set(s),run_id
1.0,0.8030075187969924,0.7650429799426934,0.8449367088607594,0.22127659574468084,0.7428571428571429,0.13,0.8152866242038217,0.7619047619047619,0.8767123287671232,incel-bert-base-multilingual-cased-100k_multi,3642,train_incelsis(3642),dev_incelsis(780),test_fdb_500(500),17
2.0,0.8368580060422961,0.8005780346820809,0.8765822784810127,0.18834080717488785,0.9130434782608695,0.105,0.8341384863123993,0.7872340425531915,0.886986301369863,incel-bert-base-multilingual-cased-100k_multi,3642,train_incelsis(3642),dev_incelsis(780),test_fdb_500(500),17
3.0,0.8414814814814816,0.7910863509749304,0.8987341772151899,0.27615062761506276,0.8461538461538461,0.165,0.8312101910828026,0.7767857142857143,0.8938356164383562,incel-bert-base-multilingual-cased-100k_multi,3642,train_incelsis(3642),dev_incelsis(780),test_fdb_500(500),17
4.0,0.8411497730711044,0.8057971014492754,0.879746835443038,0.23175965665236054,0.8181818181818182,0.135,0.823529411764706,0.7685459940652819,0.886986301369863,incel-bert-base-multilingual-cased-100k_multi,3642,train_incelsis(3642),dev_incelsis(780),test_fdb_500(500),17
