epoch,val_f1,val_prec,val_rec,test_f1,test_prec,test_rec,model,train_len,train_set(s),dev_set(s),test_set(s),run_id
1.0,0.8099173553719009,0.8477508650519031,0.7753164556962026,0.5749235474006117,0.7401574803149606,0.47,bert-base-multilingual-cased,8142,"train_hateval_2019_spanish(4500)
train_incelsis(3642)",dev_incelsis(780),test_fdb_500(500),19
2.0,0.8280254777070064,0.8333333333333334,0.8227848101265823,0.5148514851485149,0.7572815533980582,0.39,bert-base-multilingual-cased,8142,"train_hateval_2019_spanish(4500)
train_incelsis(3642)",dev_incelsis(780),test_fdb_500(500),19
3.0,0.843558282208589,0.8184523809523809,0.870253164556962,0.6785714285714285,0.6927083333333334,0.665,bert-base-multilingual-cased,8142,"train_hateval_2019_spanish(4500)
train_incelsis(3642)",dev_incelsis(780),test_fdb_500(500),19
4.0,0.843558282208589,0.8184523809523809,0.870253164556962,0.6239554317548747,0.7044025157232704,0.56,bert-base-multilingual-cased,8142,"train_hateval_2019_spanish(4500)
train_incelsis(3642)",dev_incelsis(780),test_fdb_500(500),19
