epoch,val_f1,val_prec,val_rec,test_f1,test_prec,test_rec,model,train_len,train_set(s),dev_set(s),test_set(s),run_id
1.0,0.7373674360573924,0.7415307402760352,0.7332506203473945,0.4229390681003584,0.7468354430379747,0.295,umberto-commoncrawl-cased-v1-627k_italian,4785,df_evalita20_train(4785),df_evalita20_dev(2052),test_fdb_500(500),28
2.0,0.7494061757719715,0.7186788154897494,0.78287841191067,0.5253164556962026,0.7155172413793104,0.415,umberto-commoncrawl-cased-v1-627k_italian,4785,df_evalita20_train(4785),df_evalita20_dev(2052),test_fdb_500(500),28
3.0,0.7538461538461538,0.7205882352941176,0.7903225806451613,0.49350649350649356,0.7037037037037037,0.38,umberto-commoncrawl-cased-v1-627k_italian,4785,df_evalita20_train(4785),df_evalita20_dev(2052),test_fdb_500(500),28
4.0,0.7445339470655927,0.694206008583691,0.8027295285359801,0.4935897435897436,0.6875,0.385,umberto-commoncrawl-cased-v1-627k_italian,4785,df_evalita20_train(4785),df_evalita20_dev(2052),test_fdb_500(500),28
5.0,0.744490768314473,0.715922107674685,0.7754342431761787,0.42176870748299317,0.6595744680851063,0.31,umberto-commoncrawl-cased-v1-627k_italian,4785,df_evalita20_train(4785),df_evalita20_dev(2052),test_fdb_500(500),28
