epoch,val_f1,val_prec,val_rec,test_f1,test_prec,test_rec,model,train_len,train_set(s),dev_set(s),test_set(s),run_id
1.0,0.7245817245817245,0.7526737967914439,0.6985111662531017,0.3241106719367589,0.7735849056603774,0.205,umberto-commoncrawl-cased-v1-627k_italian,4785,df_evalita20_train(4785),df_evalita20_dev(2052),test_fdb_500(500),28
2.0,0.7484020918070888,0.7038251366120218,0.7990074441687345,0.5194805194805194,0.7407407407407407,0.4,umberto-commoncrawl-cased-v1-627k_italian,4785,df_evalita20_train(4785),df_evalita20_dev(2052),test_fdb_500(500),28
3.0,0.7566951566951566,0.6996838777660696,0.8238213399503722,0.5144694533762058,0.7207207207207207,0.4,umberto-commoncrawl-cased-v1-627k_italian,4785,df_evalita20_train(4785),df_evalita20_dev(2052),test_fdb_500(500),28
4.0,0.7553252734599886,0.7046186895810956,0.8138957816377171,0.4697986577181208,0.7142857142857143,0.35,umberto-commoncrawl-cased-v1-627k_italian,4785,df_evalita20_train(4785),df_evalita20_dev(2052),test_fdb_500(500),28
5.0,0.7475218658892129,0.7051705170517052,0.7952853598014888,0.4444444444444444,0.7272727272727273,0.32,umberto-commoncrawl-cased-v1-627k_italian,4785,df_evalita20_train(4785),df_evalita20_dev(2052),test_fdb_500(500),28
