epoch,val_f1,val_prec,val_rec,test_f1,test_prec,test_rec,model,train_len,train_set(s),dev_set(s),test_set(s),run_id
1.0,0.7332077840552417,0.7420584498094028,0.7245657568238213,0.3823529411764706,0.7222222222222222,0.26,umberto-commoncrawl-cased-v1-627k_italian,4785,df_evalita20_train(4785),df_evalita20_dev(2052),test_fdb_500(500),28
2.0,0.7518972562755399,0.7100330760749725,0.7990074441687345,0.5341614906832297,0.7049180327868853,0.43,umberto-commoncrawl-cased-v1-627k_italian,4785,df_evalita20_train(4785),df_evalita20_dev(2052),test_fdb_500(500),28
3.0,0.7562246670526925,0.7090119435396308,0.8101736972704715,0.4903225806451613,0.6909090909090909,0.38,umberto-commoncrawl-cased-v1-627k_italian,4785,df_evalita20_train(4785),df_evalita20_dev(2052),test_fdb_500(500),28
4.0,0.7457627118644068,0.7049723756906078,0.7915632754342432,0.4271186440677966,0.6631578947368421,0.315,umberto-commoncrawl-cased-v1-627k_italian,4785,df_evalita20_train(4785),df_evalita20_dev(2052),test_fdb_500(500),28
5.0,0.7419354838709676,0.7154377880184332,0.7704714640198511,0.3902439024390244,0.6436781609195402,0.28,umberto-commoncrawl-cased-v1-627k_italian,4785,df_evalita20_train(4785),df_evalita20_dev(2052),test_fdb_500(500),28
