epoch,val_f1,val_prec,val_rec,test_f1,test_prec,test_rec,model,train_len,train_set(s),dev_set(s),test_set(s),run_id
1.0,0.8914579319203597,0.8341346153846154,0.9572413793103448,0.5517241379310344,0.5106382978723404,0.6,umberto-commoncrawl-cased-v1-627k_italian,3500,df_ami20_train(3500),df_ami20_dev(1500),test_fdb_500(500),29
2.0,0.9071332436069988,0.885676741130092,0.9296551724137931,0.5272206303724929,0.6174496644295302,0.46,umberto-commoncrawl-cased-v1-627k_italian,3500,df_ami20_train(3500),df_ami20_dev(1500),test_fdb_500(500),29
3.0,0.9103078982597055,0.8842652795838751,0.9379310344827586,0.5611111111111111,0.63125,0.505,umberto-commoncrawl-cased-v1-627k_italian,3500,df_ami20_train(3500),df_ami20_dev(1500),test_fdb_500(500),29
4.0,0.9124668435013262,0.8786717752234994,0.9489655172413793,0.6445012787723785,0.6596858638743456,0.63,umberto-commoncrawl-cased-v1-627k_italian,3500,df_ami20_train(3500),df_ami20_dev(1500),test_fdb_500(500),29
5.0,0.9154834347532117,0.8978779840848806,0.9337931034482758,0.5905292479108635,0.6666666666666666,0.53,umberto-commoncrawl-cased-v1-627k_italian,3500,df_ami20_train(3500),df_ami20_dev(1500),test_fdb_500(500),29
