epoch,val_f1,val_prec,val_rec,test_f1,test_prec,test_rec,model,train_len,train_set(s),dev_set(s),test_set(s),run_id
1.0,0.8873329089751749,0.8238770685579196,0.9613793103448276,0.6403508771929824,0.5703125,0.73,umberto-commoncrawl-cased-v1-627k_italian,3500,df_ami20_train(3500),df_ami20_dev(1500),test_fdb_500(500),29
2.0,0.908968307484828,0.8891820580474934,0.9296551724137931,0.5875706214689266,0.6753246753246753,0.52,umberto-commoncrawl-cased-v1-627k_italian,3500,df_ami20_train(3500),df_ami20_dev(1500),test_fdb_500(500),29
3.0,0.9152768512341561,0.8863049095607235,0.9462068965517242,0.6507936507936508,0.6910112359550562,0.615,umberto-commoncrawl-cased-v1-627k_italian,3500,df_ami20_train(3500),df_ami20_dev(1500),test_fdb_500(500),29
4.0,0.9148514851485149,0.8772151898734177,0.9558620689655173,0.673469387755102,0.6875,0.66,umberto-commoncrawl-cased-v1-627k_italian,3500,df_ami20_train(3500),df_ami20_dev(1500),test_fdb_500(500),29
5.0,0.9188829787234041,0.8870346598202824,0.953103448275862,0.6736842105263158,0.7111111111111111,0.64,umberto-commoncrawl-cased-v1-627k_italian,3500,df_ami20_train(3500),df_ami20_dev(1500),test_fdb_500(500),29
