epoch,val_f1,val_prec,val_rec,test_f1,test_prec,test_rec,model,train_len,train_set(s),dev_set(s),test_set(s),run_id
1.0,0.8880407124681934,0.8240850059031877,0.9627586206896551,0.6052631578947368,0.5390625,0.69,umberto-commoncrawl-cased-v1-627k_italian,3500,df_ami20_train(3500),df_ami20_dev(1500),test_fdb_500(500),29
2.0,0.9111864406779661,0.896,0.926896551724138,0.5787965616045846,0.6778523489932886,0.505,umberto-commoncrawl-cased-v1-627k_italian,3500,df_ami20_train(3500),df_ami20_dev(1500),test_fdb_500(500),29
3.0,0.9174560216508795,0.900398406374502,0.9351724137931035,0.5988700564971752,0.6883116883116883,0.53,umberto-commoncrawl-cased-v1-627k_italian,3500,df_ami20_train(3500),df_ami20_dev(1500),test_fdb_500(500),29
4.0,0.9175050301810864,0.8929503916449086,0.9434482758620689,0.6304347826086957,0.6904761904761905,0.58,umberto-commoncrawl-cased-v1-627k_italian,3500,df_ami20_train(3500),df_ami20_dev(1500),test_fdb_500(500),29
5.0,0.9232839838492598,0.9014454664914586,0.9462068965517242,0.6301369863013698,0.696969696969697,0.575,umberto-commoncrawl-cased-v1-627k_italian,3500,df_ami20_train(3500),df_ami20_dev(1500),test_fdb_500(500),29
