epoch,val_f1,val_prec,val_rec,test_f1,test_prec,test_rec,model,train_len,train_set(s),dev_set(s),test_set(s),run_id
1.0,0.889030612244898,0.8268090154211151,0.9613793103448276,0.6167023554603854,0.5393258426966292,0.72,umberto-commoncrawl-cased-v1-627k_italian,3500,df_ami20_train(3500),df_ami20_dev(1500),test_fdb_500(500),29
2.0,0.9132481506388703,0.8910761154855643,0.9365517241379311,0.6060606060606062,0.6748466257668712,0.55,umberto-commoncrawl-cased-v1-627k_italian,3500,df_ami20_train(3500),df_ami20_dev(1500),test_fdb_500(500),29
3.0,0.9202702702702703,0.9019867549668874,0.9393103448275862,0.6507936507936508,0.6910112359550562,0.615,umberto-commoncrawl-cased-v1-627k_italian,3500,df_ami20_train(3500),df_ami20_dev(1500),test_fdb_500(500),29
4.0,0.9208250166334,0.8894601542416453,0.9544827586206897,0.6887755102040817,0.703125,0.675,umberto-commoncrawl-cased-v1-627k_italian,3500,df_ami20_train(3500),df_ami20_dev(1500),test_fdb_500(500),29
5.0,0.9242119382964453,0.8994778067885117,0.9503448275862069,0.6822916666666666,0.7119565217391305,0.655,umberto-commoncrawl-cased-v1-627k_italian,3500,df_ami20_train(3500),df_ami20_dev(1500),test_fdb_500(500),29
