epoch,val_f1,val_prec,val_rec,test_f1,test_prec,test_rec,model,train_len,train_set(s),dev_set(s),test_set(s),run_id
1.0,0.8368336025848143,0.8547854785478548,0.819620253164557,0.4258555133079848,0.8888888888888888,0.28,incel-bert-base-multilingual-cased-1000k_multi,3642,train_incelsis(3642),dev_incelsis(780),test_fdb_500(500),17
2.0,0.8610271903323263,0.8236994219653179,0.9018987341772152,0.5220338983050847,0.8105263157894737,0.385,incel-bert-base-multilingual-cased-1000k_multi,3642,train_incelsis(3642),dev_incelsis(780),test_fdb_500(500),17
3.0,0.8598425196850393,0.8557993730407524,0.8639240506329114,0.449438202247191,0.8955223880597015,0.3,incel-bert-base-multilingual-cased-1000k_multi,3642,train_incelsis(3642),dev_incelsis(780),test_fdb_500(500),17
4.0,0.8517940717628705,0.84,0.8639240506329114,0.4714285714285714,0.825,0.33,incel-bert-base-multilingual-cased-1000k_multi,3642,train_incelsis(3642),dev_incelsis(780),test_fdb_500(500),17
