epoch,val_f1,val_prec,val_rec,test_f1,test_prec,test_rec,model,train_len,train_set(s),dev_set(s),test_set(s),run_id
1.0,0.847723704866562,0.8411214953271028,0.8544303797468354,0.3794466403162055,0.9056603773584906,0.24,incel-bert-base-multilingual-cased-1000k_multi,3642,train_incelsis(3642),dev_incelsis(780),test_fdb_500(500),17
2.0,0.8534201954397393,0.8791946308724832,0.8291139240506329,0.3346938775510204,0.9111111111111111,0.205,incel-bert-base-multilingual-cased-1000k_multi,3642,train_incelsis(3642),dev_incelsis(780),test_fdb_500(500),17
3.0,0.8566978193146417,0.843558282208589,0.870253164556962,0.4785714285714286,0.8375,0.335,incel-bert-base-multilingual-cased-1000k_multi,3642,train_incelsis(3642),dev_incelsis(780),test_fdb_500(500),17
4.0,0.8598130841121495,0.8466257668711656,0.8734177215189873,0.46715328467153283,0.8648648648648649,0.32,incel-bert-base-multilingual-cased-1000k_multi,3642,train_incelsis(3642),dev_incelsis(780),test_fdb_500(500),17
