epoch,val_f1,val_prec,val_rec,test_f1,test_prec,test_rec,model,train_len,train_set(s),dev_set(s),test_set(s),run_id
1.0,0.8593996840442337,0.8580441640378549,0.8607594936708861,0.3492063492063492,0.8461538461538461,0.22,incel-bert-base-multilingual-cased-1000k_multi,3642,train_incelsis(3642),dev_incelsis(780),test_fdb_500(500),17
2.0,0.8639999999999999,0.8737864077669902,0.8544303797468354,0.340080971659919,0.8936170212765957,0.21,incel-bert-base-multilingual-cased-1000k_multi,3642,train_incelsis(3642),dev_incelsis(780),test_fdb_500(500),17
3.0,0.8491947291361641,0.7901907356948229,0.9177215189873418,0.5496688741721854,0.8137254901960784,0.415,incel-bert-base-multilingual-cased-1000k_multi,3642,train_incelsis(3642),dev_incelsis(780),test_fdb_500(500),17
4.0,0.8686244204018547,0.8489425981873112,0.8892405063291139,0.4632352941176471,0.875,0.315,incel-bert-base-multilingual-cased-1000k_multi,3642,train_incelsis(3642),dev_incelsis(780),test_fdb_500(500),17
