epoch,val_f1,val_prec,val_rec,test_f1,test_prec,test_rec,model,train_len,train_set(s),dev_set(s),test_set(s),run_id
1.0,0.8579970104633781,0.8130311614730878,0.9082278481012658,0.4258555133079848,0.8888888888888888,0.28,incel-bert-base-multilingual-cased-1000k_multi,3642,train_incelsis(3642),dev_incelsis(780),test_fdb_500(500),17
2.0,0.8603531300160514,0.8729641693811075,0.8481012658227848,0.3481781376518219,0.9148936170212766,0.215,incel-bert-base-multilingual-cased-1000k_multi,3642,train_incelsis(3642),dev_incelsis(780),test_fdb_500(500),17
3.0,0.8509984639016897,0.826865671641791,0.8765822784810127,0.45925925925925926,0.8857142857142857,0.31,incel-bert-base-multilingual-cased-1000k_multi,3642,train_incelsis(3642),dev_incelsis(780),test_fdb_500(500),17
4.0,0.8571428571428571,0.8504672897196262,0.8639240506329114,0.4076923076923077,0.8833333333333333,0.265,incel-bert-base-multilingual-cased-1000k_multi,3642,train_incelsis(3642),dev_incelsis(780),test_fdb_500(500),17
