epoch,val_f1,val_prec,val_rec,test_f1,test_prec,test_rec,model,train_len,train_set(s),dev_set(s),test_set(s),run_id
1.0,0.837138508371385,0.8064516129032258,0.870253164556962,0.44194756554307113,0.8805970149253731,0.295,incel-bert-base-multilingual-cased-1000k_multi,3642,train_incelsis(3642),dev_incelsis(780),test_fdb_500(500),17
2.0,0.8520325203252033,0.8762541806020067,0.8291139240506329,0.32786885245901637,0.9090909090909091,0.2,incel-bert-base-multilingual-cased-1000k_multi,3642,train_incelsis(3642),dev_incelsis(780),test_fdb_500(500),17
3.0,0.8454810495626821,0.7837837837837838,0.9177215189873418,0.5962732919254659,0.7868852459016393,0.48,incel-bert-base-multilingual-cased-1000k_multi,3642,train_incelsis(3642),dev_incelsis(780),test_fdb_500(500),17
4.0,0.8722741433021807,0.8588957055214724,0.8860759493670886,0.4727272727272728,0.8666666666666667,0.325,incel-bert-base-multilingual-cased-1000k_multi,3642,train_incelsis(3642),dev_incelsis(780),test_fdb_500(500),17
