epoch,val_f1,val_prec,val_rec,test_f1,test_prec,test_rec,model,train_len,train_set(s),dev_set(s),test_set(s),run_id
1.0,0.8557993730407525,0.8478260869565217,0.8639240506329114,0.3779527559055118,0.8888888888888888,0.24,incel-bert-base-multilingual-cased-1000k_multi,8142,"train_hateval_2019_english(4500)
train_incelsis(3642)",dev_incelsis(780),test_fdb_500(500),18
2.0,0.8460291734197731,0.867109634551495,0.8259493670886076,0.38281249999999994,0.875,0.245,incel-bert-base-multilingual-cased-1000k_multi,8142,"train_hateval_2019_english(4500)
train_incelsis(3642)",dev_incelsis(780),test_fdb_500(500),18
3.0,0.8553459119496856,0.85,0.8607594936708861,0.4338235294117647,0.8194444444444444,0.295,incel-bert-base-multilingual-cased-1000k_multi,8142,"train_hateval_2019_english(4500)
train_incelsis(3642)",dev_incelsis(780),test_fdb_500(500),18
4.0,0.8522012578616353,0.846875,0.8575949367088608,0.48251748251748255,0.8023255813953488,0.345,incel-bert-base-multilingual-cased-1000k_multi,8142,"train_hateval_2019_english(4500)
train_incelsis(3642)",dev_incelsis(780),test_fdb_500(500),18
