epoch,val_f1,val_prec,val_rec,test_f1,test_prec,test_rec,model,train_len,train_set(s),dev_set(s),test_set(s),run_id
1.0,0.8623853211009175,0.834319526627219,0.8924050632911392,0.4393939393939394,0.90625,0.29,incel-bert-base-multilingual-cased-1000k_multi,8142,"train_hateval_2019_english(4500)
train_incelsis(3642)",dev_incelsis(780),test_fdb_500(500),18
2.0,0.8644338118022328,0.8713826366559485,0.8575949367088608,0.41379310344827586,0.8852459016393442,0.27,incel-bert-base-multilingual-cased-1000k_multi,8142,"train_hateval_2019_english(4500)
train_incelsis(3642)",dev_incelsis(780),test_fdb_500(500),18
3.0,0.8660436137071651,0.852760736196319,0.879746835443038,0.4198473282442748,0.8870967741935484,0.275,incel-bert-base-multilingual-cased-1000k_multi,8142,"train_hateval_2019_english(4500)
train_incelsis(3642)",dev_incelsis(780),test_fdb_500(500),18
4.0,0.862015503875969,0.8449848024316109,0.879746835443038,0.5069444444444444,0.8295454545454546,0.365,incel-bert-base-multilingual-cased-1000k_multi,8142,"train_hateval_2019_english(4500)
train_incelsis(3642)",dev_incelsis(780),test_fdb_500(500),18
