epoch,val_f1,val_prec,val_rec,test_f1,test_prec,test_rec,model,train_len,train_set(s),dev_set(s),test_set(s),run_id
1.0,0.8470588235294119,0.9032258064516129,0.7974683544303798,0.35294117647058826,0.8181818181818182,0.225,incel-bert-base-multilingual-cased-1000k_multi,8142,"train_hateval_2019_spanish(4500)
train_incelsis(3642)",dev_incelsis(780),test_fdb_500(500),19
2.0,0.8566929133858268,0.8526645768025078,0.8607594936708861,0.6761363636363636,0.7828947368421053,0.595,incel-bert-base-multilingual-cased-1000k_multi,8142,"train_hateval_2019_spanish(4500)
train_incelsis(3642)",dev_incelsis(780),test_fdb_500(500),19
3.0,0.8676236044657097,0.8745980707395499,0.8607594936708861,0.6388059701492538,0.7925925925925926,0.535,incel-bert-base-multilingual-cased-1000k_multi,8142,"train_hateval_2019_spanish(4500)
train_incelsis(3642)",dev_incelsis(780),test_fdb_500(500),19
4.0,0.8621236133122029,0.8634920634920635,0.8607594936708861,0.6570605187319886,0.7755102040816326,0.57,incel-bert-base-multilingual-cased-1000k_multi,8142,"train_hateval_2019_spanish(4500)
train_incelsis(3642)",dev_incelsis(780),test_fdb_500(500),19
