epoch,val_f1,val_prec,val_rec,test_f1,test_prec,test_rec,model,train_len,train_set(s),dev_set(s),test_set(s),run_id
1.0,0.8500772797527048,0.8308157099697885,0.870253164556962,0.6910112359550561,0.7884615384615384,0.615,incel-bert-base-multilingual-cased-1000k_multi,12642,"train_hateval_2019_spanish(4500)
train_hateval_2019_english(4500)
train_incelsis(3642)",dev_incelsis(780),test_fdb_500(500),20
2.0,0.8498402555910544,0.8580645161290322,0.8417721518987342,0.6168224299065421,0.8181818181818182,0.495,incel-bert-base-multilingual-cased-1000k_multi,12642,"train_hateval_2019_spanish(4500)
train_hateval_2019_english(4500)
train_incelsis(3642)",dev_incelsis(780),test_fdb_500(500),20
3.0,0.8557692307692307,0.8668831168831169,0.8449367088607594,0.6703910614525139,0.759493670886076,0.6,incel-bert-base-multilingual-cased-1000k_multi,12642,"train_hateval_2019_spanish(4500)
train_hateval_2019_english(4500)
train_incelsis(3642)",dev_incelsis(780),test_fdb_500(500),20
4.0,0.8548644338118023,0.8617363344051447,0.8481012658227848,0.6722689075630253,0.7643312101910829,0.6,incel-bert-base-multilingual-cased-1000k_multi,12642,"train_hateval_2019_spanish(4500)
train_hateval_2019_english(4500)
train_incelsis(3642)",dev_incelsis(780),test_fdb_500(500),20
