epoch,val_f1,val_prec,val_rec,test_f1,test_prec,test_rec,model,train_len,train_set(s),dev_set(s),test_set(s),run_id
1.0,0.8493150684931507,0.8181818181818182,0.8829113924050633,0.6779661016949153,0.7792207792207793,0.6,incel-bert-base-multilingual-cased-1000k_multi,6642,"train_incelsis(3642)
train_evalita18twitter(3000)",dev_incelsis(780),test_fdb_500(500),22
2.0,0.8575712143928037,0.8148148148148148,0.9050632911392406,0.6345609065155807,0.7320261437908496,0.56,incel-bert-base-multilingual-cased-1000k_multi,6642,"train_incelsis(3642)
train_evalita18twitter(3000)",dev_incelsis(780),test_fdb_500(500),22
3.0,0.8628048780487805,0.8323529411764706,0.8955696202531646,0.625,0.6845238095238095,0.575,incel-bert-base-multilingual-cased-1000k_multi,6642,"train_incelsis(3642)
train_evalita18twitter(3000)",dev_incelsis(780),test_fdb_500(500),22
4.0,0.864696734059098,0.8501529051987767,0.879746835443038,0.6366197183098591,0.7290322580645161,0.565,incel-bert-base-multilingual-cased-1000k_multi,6642,"train_incelsis(3642)
train_evalita18twitter(3000)",dev_incelsis(780),test_fdb_500(500),22
