epoch,val_f1,val_prec,val_rec,test_f1,test_prec,test_rec,model,train_len,train_set(s),dev_set(s),test_set(s),run_id
1.0,0.8497576736672051,0.8679867986798679,0.8322784810126582,0.7148936170212766,0.6222222222222222,0.84,incel-bert-base-multilingual-cased-1000k_multi,9642,"train_incelsis(3642)
train_evalita18facebook(3000)
train_evalita18twitter(3000)",dev_incelsis(780),test_fdb_500(500),23
2.0,0.8585690515806988,0.9052631578947369,0.8164556962025317,0.7181628392484343,0.6164874551971327,0.86,incel-bert-base-multilingual-cased-1000k_multi,9642,"train_incelsis(3642)
train_evalita18facebook(3000)
train_evalita18twitter(3000)",dev_incelsis(780),test_fdb_500(500),23
3.0,0.8535433070866142,0.8495297805642633,0.8575949367088608,0.6814159292035399,0.6111111111111112,0.77,incel-bert-base-multilingual-cased-1000k_multi,9642,"train_incelsis(3642)
train_evalita18facebook(3000)
train_evalita18twitter(3000)",dev_incelsis(780),test_fdb_500(500),23
4.0,0.8643533123028392,0.8616352201257862,0.8670886075949367,0.7016806722689075,0.605072463768116,0.835,incel-bert-base-multilingual-cased-1000k_multi,9642,"train_incelsis(3642)
train_evalita18facebook(3000)
train_evalita18twitter(3000)",dev_incelsis(780),test_fdb_500(500),23
