epoch,val_f1,val_prec,val_rec,test_f1,test_prec,test_rec,model,train_len,train_set(s),dev_set(s),test_set(s),run_id
1.0,0.8403141361256545,0.8794520547945206,0.8045112781954887,0.6843267108167771,0.6126482213438735,0.775,umberto-commoncrawl-cased-v1-627k_italian,2099,df_evalita18facebook_train(2099),df_evalita18facebook_dev(900),test_fdb_500(500),27
2.0,0.8726823238566132,0.8609756097560975,0.8847117794486216,0.7151515151515152,0.6,0.885,umberto-commoncrawl-cased-v1-627k_italian,2099,df_evalita18facebook_train(2099),df_evalita18facebook_dev(900),test_fdb_500(500),27
3.0,0.8528389339513325,0.7931034482758621,0.9223057644110275,0.6910420475319927,0.5446685878962536,0.945,umberto-commoncrawl-cased-v1-627k_italian,2099,df_evalita18facebook_train(2099),df_evalita18facebook_dev(900),test_fdb_500(500),27
4.0,0.861008610086101,0.8454106280193237,0.8771929824561403,0.7037773359840955,0.5841584158415841,0.885,umberto-commoncrawl-cased-v1-627k_italian,2099,df_evalita18facebook_train(2099),df_evalita18facebook_dev(900),test_fdb_500(500),27
5.0,0.8609756097560975,0.838479809976247,0.8847117794486216,0.7023809523809523,0.5822368421052632,0.885,umberto-commoncrawl-cased-v1-627k_italian,2099,df_evalita18facebook_train(2099),df_evalita18facebook_dev(900),test_fdb_500(500),27
