epoch,val_f1,val_prec,val_rec,test_f1,test_prec,test_rec,model,train_len,train_set(s),dev_set(s),test_set(s),run_id
1.0,0.7529812606473594,0.694240837696335,0.8225806451612904,0.5048543689320388,0.7155963302752294,0.39,umberto-commoncrawl-cased-v1-627k_italian,4785,df_evalita20_train(4785),df_evalita20_dev(2052),test_fdb_500(500),28
2.0,0.7519902020820575,0.7424425634824667,0.7617866004962779,0.38783269961977185,0.8095238095238095,0.255,umberto-commoncrawl-cased-v1-627k_italian,4785,df_evalita20_train(4785),df_evalita20_dev(2052),test_fdb_500(500),28
3.0,0.7536394176931691,0.686734693877551,0.8349875930521092,0.49190938511326854,0.6972477064220184,0.38,umberto-commoncrawl-cased-v1-627k_italian,4785,df_evalita20_train(4785),df_evalita20_dev(2052),test_fdb_500(500),28
4.0,0.7539863325740318,0.6968421052631579,0.8213399503722084,0.3956834532374101,0.7051282051282052,0.275,umberto-commoncrawl-cased-v1-627k_italian,4785,df_evalita20_train(4785),df_evalita20_dev(2052),test_fdb_500(500),28
5.0,0.7494033412887827,0.7218390804597701,0.7791563275434243,0.3458646616541353,0.696969696969697,0.23,umberto-commoncrawl-cased-v1-627k_italian,4785,df_evalita20_train(4785),df_evalita20_dev(2052),test_fdb_500(500),28
