epoch,val_f1,val_prec,val_rec,test_f1,test_prec,test_rec,model,train_len,train_set(s),dev_set(s),test_set(s),run_id
1.0,0.7427240977881256,0.6995614035087719,0.7915632754342432,0.5113268608414241,0.7247706422018348,0.395,umberto-commoncrawl-cased-v1-627k_italian,4785,df_evalita20_train(4785),df_evalita20_dev(2052),test_fdb_500(500),28
2.0,0.7419354838709677,0.7419354838709677,0.7419354838709677,0.39259259259259255,0.7571428571428571,0.265,umberto-commoncrawl-cased-v1-627k_italian,4785,df_evalita20_train(4785),df_evalita20_dev(2052),test_fdb_500(500),28
3.0,0.7553600879604179,0.6781836130306022,0.8523573200992556,0.5482866043613708,0.7272727272727273,0.44,umberto-commoncrawl-cased-v1-627k_italian,4785,df_evalita20_train(4785),df_evalita20_dev(2052),test_fdb_500(500),28
4.0,0.7564705882352941,0.7192393736017897,0.7977667493796526,0.3722627737226277,0.6891891891891891,0.255,umberto-commoncrawl-cased-v1-627k_italian,4785,df_evalita20_train(4785),df_evalita20_dev(2052),test_fdb_500(500),28
5.0,0.7500000000000001,0.7146067415730337,0.7890818858560794,0.3956834532374101,0.7051282051282052,0.275,umberto-commoncrawl-cased-v1-627k_italian,4785,df_evalita20_train(4785),df_evalita20_dev(2052),test_fdb_500(500),28
