epoch,val_f1,val_prec,val_rec,test_f1,test_prec,test_rec,model,train_len,train_set(s),dev_set(s),test_set(s),run_id
1.0,0.7461988304093569,0.7057522123893806,0.7915632754342432,0.5353846153846153,0.696,0.435,umberto-commoncrawl-cased-v1-627k_italian,4785,df_evalita20_train(4785),df_evalita20_dev(2052),test_fdb_500(500),28
2.0,0.7503075030750309,0.7439024390243902,0.7568238213399504,0.39711191335740076,0.7142857142857143,0.275,umberto-commoncrawl-cased-v1-627k_italian,4785,df_evalita20_train(4785),df_evalita20_dev(2052),test_fdb_500(500),28
3.0,0.7551133222775014,0.6809571286141576,0.847394540942928,0.5705705705705706,0.7142857142857143,0.475,umberto-commoncrawl-cased-v1-627k_italian,4785,df_evalita20_train(4785),df_evalita20_dev(2052),test_fdb_500(500),28
4.0,0.7578579743888242,0.7138157894736842,0.8076923076923077,0.43686006825938567,0.6881720430107527,0.32,umberto-commoncrawl-cased-v1-627k_italian,4785,df_evalita20_train(4785),df_evalita20_dev(2052),test_fdb_500(500),28
5.0,0.7460890493381469,0.7242990654205608,0.7692307692307693,0.3971631205673759,0.6829268292682927,0.28,umberto-commoncrawl-cased-v1-627k_italian,4785,df_evalita20_train(4785),df_evalita20_dev(2052),test_fdb_500(500),28
