epoch,val_f1,val_prec,val_rec,test_f1,test_prec,test_rec,model,train_len,train_set(s),dev_set(s),test_set(s),run_id
1.0,0.8941176470588236,0.8972222222222223,0.8910344827586207,0.4133333333333334,0.62,0.31,umberto-commoncrawl-cased-v1-627k_italian,3500,df_ami20_train(3500),df_ami20_dev(1500),test_fdb_500(500),29
2.0,0.9086127547666009,0.8680904522613065,0.953103448275862,0.5793871866295265,0.6540880503144654,0.52,umberto-commoncrawl-cased-v1-627k_italian,3500,df_ami20_train(3500),df_ami20_dev(1500),test_fdb_500(500),29
3.0,0.9135313531353135,0.8759493670886076,0.9544827586206897,0.7085427135678393,0.7121212121212122,0.705,umberto-commoncrawl-cased-v1-627k_italian,3500,df_ami20_train(3500),df_ami20_dev(1500),test_fdb_500(500),29
4.0,0.9174434087882822,0.8867438867438867,0.9503448275862069,0.6927083333333334,0.7228260869565217,0.665,umberto-commoncrawl-cased-v1-627k_italian,3500,df_ami20_train(3500),df_ami20_dev(1500),test_fdb_500(500),29
5.0,0.9169435215946844,0.8846153846153846,0.9517241379310345,0.7025641025641026,0.7210526315789474,0.685,umberto-commoncrawl-cased-v1-627k_italian,3500,df_ami20_train(3500),df_ami20_dev(1500),test_fdb_500(500),29
