epoch,val_f1,val_prec,val_rec,test_f1,test_prec,test_rec,model,train_len,train_set(s),dev_set(s),test_set(s),run_id
1.0,0.8911988911988913,0.8955431754874652,0.886896551724138,0.396039603960396,0.5825242718446602,0.3,umberto-commoncrawl-cased-v1-627k_italian,3500,df_ami20_train(3500),df_ami20_dev(1500),test_fdb_500(500),29
2.0,0.9148514851485149,0.8772151898734177,0.9558620689655173,0.5674157303370787,0.6474358974358975,0.505,umberto-commoncrawl-cased-v1-627k_italian,3500,df_ami20_train(3500),df_ami20_dev(1500),test_fdb_500(500),29
3.0,0.9172733289212442,0.8816793893129771,0.9558620689655173,0.6717948717948719,0.6894736842105263,0.655,umberto-commoncrawl-cased-v1-627k_italian,3500,df_ami20_train(3500),df_ami20_dev(1500),test_fdb_500(500),29
4.0,0.9173441734417345,0.9014647137150466,0.9337931034482758,0.6179775280898877,0.7051282051282052,0.55,umberto-commoncrawl-cased-v1-627k_italian,3500,df_ami20_train(3500),df_ami20_dev(1500),test_fdb_500(500),29
5.0,0.9186666666666666,0.8890322580645161,0.9503448275862069,0.6788511749347258,0.7103825136612022,0.65,umberto-commoncrawl-cased-v1-627k_italian,3500,df_ami20_train(3500),df_ami20_dev(1500),test_fdb_500(500),29
