epoch,val_f1,val_prec,val_rec,test_f1,test_prec,test_rec,model,train_len,train_set(s),dev_set(s),test_set(s),run_id
1.0,0.8957902001380262,0.8964088397790055,0.8951724137931034,0.37762237762237766,0.627906976744186,0.27,umberto-commoncrawl-cased-v1-627k_italian,3500,df_ami20_train(3500),df_ami20_dev(1500),test_fdb_500(500),29
2.0,0.9084924292297564,0.8690176322418136,0.9517241379310345,0.5281899109792284,0.6496350364963503,0.445,umberto-commoncrawl-cased-v1-627k_italian,3500,df_ami20_train(3500),df_ami20_dev(1500),test_fdb_500(500),29
3.0,0.9167785234899328,0.8928104575163399,0.9420689655172414,0.6285714285714286,0.7333333333333333,0.55,umberto-commoncrawl-cased-v1-627k_italian,3500,df_ami20_train(3500),df_ami20_dev(1500),test_fdb_500(500),29
4.0,0.9181208053691274,0.8941176470588236,0.9434482758620689,0.6539509536784741,0.718562874251497,0.6,umberto-commoncrawl-cased-v1-627k_italian,3500,df_ami20_train(3500),df_ami20_dev(1500),test_fdb_500(500),29
5.0,0.913942628418946,0.8850129198966409,0.9448275862068966,0.6878306878306878,0.7303370786516854,0.65,umberto-commoncrawl-cased-v1-627k_italian,3500,df_ami20_train(3500),df_ami20_dev(1500),test_fdb_500(500),29
