epoch,val_f1,val_prec,val_rec,test_f1,test_prec,test_rec,model,train_len,train_set(s),dev_set(s),test_set(s),run_id
1.0,0.8895104895104895,0.902127659574468,0.8772413793103448,0.30716723549488056,0.4838709677419355,0.225,umberto-commoncrawl-cased-v1-627k_italian,3500,df_ami20_train(3500),df_ami20_dev(1500),test_fdb_500(500),29
2.0,0.9098143236074271,0.876117496807152,0.9462068965517242,0.49132947976878616,0.5821917808219178,0.425,umberto-commoncrawl-cased-v1-627k_italian,3500,df_ami20_train(3500),df_ami20_dev(1500),test_fdb_500(500),29
3.0,0.9174434087882822,0.8867438867438867,0.9503448275862069,0.6246719160104987,0.6574585635359116,0.595,umberto-commoncrawl-cased-v1-627k_italian,3500,df_ami20_train(3500),df_ami20_dev(1500),test_fdb_500(500),29
4.0,0.9187749667110519,0.888030888030888,0.9517241379310345,0.6273458445040214,0.6763005780346821,0.585,umberto-commoncrawl-cased-v1-627k_italian,3500,df_ami20_train(3500),df_ami20_dev(1500),test_fdb_500(500),29
5.0,0.9190635451505017,0.8922077922077922,0.9475862068965517,0.6453333333333334,0.6914285714285714,0.605,umberto-commoncrawl-cased-v1-627k_italian,3500,df_ami20_train(3500),df_ami20_dev(1500),test_fdb_500(500),29
