epoch,val_f1,val_prec,val_rec,test_f1,test_prec,test_rec,model,train_len,train_set(s),dev_set(s),test_set(s),run_id
1.0,0.8193989883963106,0.7524590163934426,0.8994121489222731,0.6958762886597939,0.7180851063829787,0.675,umberto-commoncrawl-cased-v1-627k_italian,8285,"df_evalita20_train(4785)
df_ami20_train(3500)","df_evalita20_dev(2052)
df_ami20_dev(1500)",test_fdb_500(500),32
2.0,0.8269351793580869,0.7978142076502732,0.8582625734813847,0.6647058823529411,0.8071428571428572,0.565,umberto-commoncrawl-cased-v1-627k_italian,8285,"df_evalita20_train(4785)
df_ami20_train(3500)","df_evalita20_dev(2052)
df_ami20_dev(1500)",test_fdb_500(500),32
3.0,0.8262073208243618,0.7808139534883721,0.8772044415414761,0.6647727272727272,0.7697368421052632,0.585,umberto-commoncrawl-cased-v1-627k_italian,8285,"df_evalita20_train(4785)
df_ami20_train(3500)","df_evalita20_dev(2052)
df_ami20_dev(1500)",test_fdb_500(500),32
4.0,0.8254071661237785,0.8232618583495777,0.8275636838667537,0.6532951289398281,0.7651006711409396,0.57,umberto-commoncrawl-cased-v1-627k_italian,8285,"df_evalita20_train(4785)
df_ami20_train(3500)","df_evalita20_dev(2052)
df_ami20_dev(1500)",test_fdb_500(500),32
5.0,0.8288401253918496,0.7968655816757083,0.8634879163945134,0.6610169491525423,0.7597402597402597,0.585,umberto-commoncrawl-cased-v1-627k_italian,8285,"df_evalita20_train(4785)
df_ami20_train(3500)","df_evalita20_dev(2052)
df_ami20_dev(1500)",test_fdb_500(500),32
