epoch,val_f1,val_prec,val_rec,test_f1,test_prec,test_rec,model,train_len,train_set(s),dev_set(s),test_set(s),run_id
1.0,0.8261188554658841,0.7823066234367763,0.8751295336787565,0.7330316742081449,0.6694214876033058,0.81,umberto-commoncrawl-cased-v1-627k_italian,10384,"df_evalita20_train(4785)
df_ami20_train(3500)
df_evalita18facebook_train(2099)","df_evalita20_dev(2052)
df_ami20_dev(1500)
df_evalita18facebook_dev(900)",test_fdb_500(500),33
2.0,0.821697883726587,0.7744154057771664,0.8751295336787565,0.7053364269141531,0.658008658008658,0.76,umberto-commoncrawl-cased-v1-627k_italian,10384,"df_evalita20_train(4785)
df_ami20_train(3500)
df_evalita18facebook_train(2099)","df_evalita20_dev(2052)
df_ami20_dev(1500)
df_evalita18facebook_dev(900)",test_fdb_500(500),33
3.0,0.8211444701052091,0.813421453990849,0.8290155440414507,0.7101449275362319,0.6869158878504673,0.735,umberto-commoncrawl-cased-v1-627k_italian,10384,"df_evalita20_train(4785)
df_ami20_train(3500)
df_evalita18facebook_train(2099)","df_evalita20_dev(2052)
df_ami20_dev(1500)
df_evalita18facebook_dev(900)",test_fdb_500(500),33
4.0,0.8263802148388708,0.7978774722624216,0.8569948186528498,0.7294685990338164,0.705607476635514,0.755,umberto-commoncrawl-cased-v1-627k_italian,10384,"df_evalita20_train(4785)
df_ami20_train(3500)
df_evalita18facebook_train(2099)","df_evalita20_dev(2052)
df_ami20_dev(1500)
df_evalita18facebook_dev(900)",test_fdb_500(500),33
5.0,0.8285785164971471,0.794859590671109,0.8652849740932642,0.7190476190476192,0.6863636363636364,0.755,umberto-commoncrawl-cased-v1-627k_italian,10384,"df_evalita20_train(4785)
df_ami20_train(3500)
df_evalita18facebook_train(2099)","df_evalita20_dev(2052)
df_ami20_dev(1500)
df_evalita18facebook_dev(900)",test_fdb_500(500),33
