epoch,val_f1,val_prec,val_rec,test_f1,test_prec,test_rec,model,train_len,train_set(s),dev_set(s),test_set(s),run_id
1.0,0.805194805194805,0.8626406157489639,0.7549222797927461,0.6595744680851063,0.7045454545454546,0.62,umberto-commoncrawl-cased-v1-627k_italian,10384,"df_evalita20_train(4785)
df_ami20_train(3500)
df_evalita18facebook_train(2099)","df_evalita20_dev(2052)
df_ami20_dev(1500)
df_evalita18facebook_dev(900)",test_fdb_500(500),33
2.0,0.8257744733581165,0.7914489311163896,0.8632124352331606,0.7285382830626449,0.6796536796536796,0.785,umberto-commoncrawl-cased-v1-627k_italian,10384,"df_evalita20_train(4785)
df_ami20_train(3500)
df_evalita18facebook_train(2099)","df_evalita20_dev(2052)
df_ami20_dev(1500)
df_evalita18facebook_dev(900)",test_fdb_500(500),33
3.0,0.824087956021989,0.7958494208494209,0.8544041450777202,0.7235023041474653,0.6709401709401709,0.785,umberto-commoncrawl-cased-v1-627k_italian,10384,"df_evalita20_train(4785)
df_ami20_train(3500)
df_evalita18facebook_train(2099)","df_evalita20_dev(2052)
df_ami20_dev(1500)
df_evalita18facebook_dev(900)",test_fdb_500(500),33
4.0,0.8224928738015029,0.8227060653188181,0.822279792746114,0.681704260651629,0.6834170854271356,0.68,umberto-commoncrawl-cased-v1-627k_italian,10384,"df_evalita20_train(4785)
df_ami20_train(3500)
df_evalita18facebook_train(2099)","df_evalita20_dev(2052)
df_ami20_dev(1500)
df_evalita18facebook_dev(900)",test_fdb_500(500),33
5.0,0.8246325392802838,0.8070436507936508,0.8430051813471503,0.6782178217821783,0.6715686274509803,0.685,umberto-commoncrawl-cased-v1-627k_italian,10384,"df_evalita20_train(4785)
df_ami20_train(3500)
df_evalita18facebook_train(2099)","df_evalita20_dev(2052)
df_ami20_dev(1500)
df_evalita18facebook_dev(900)",test_fdb_500(500),33
