epoch,val_f1,val_prec,val_rec,test_f1,test_prec,test_rec,model,train_len,train_set(s),dev_set(s),test_set(s),run_id
1.0,0.8183013410465422,0.8307528029898559,0.8062176165803109,0.6381766381766382,0.7417218543046358,0.56,umberto-commoncrawl-cased-v1-627k_italian,10384,"df_evalita20_train(4785)
df_ami20_train(3500)
df_evalita18facebook_train(2099)","df_evalita20_dev(2052)
df_ami20_dev(1500)
df_evalita18facebook_dev(900)",test_fdb_500(500),33
2.0,0.8267676767676768,0.8064039408866995,0.8481865284974093,0.6932668329177057,0.6915422885572139,0.695,umberto-commoncrawl-cased-v1-627k_italian,10384,"df_evalita20_train(4785)
df_ami20_train(3500)
df_evalita18facebook_train(2099)","df_evalita20_dev(2052)
df_ami20_dev(1500)
df_evalita18facebook_dev(900)",test_fdb_500(500),33
3.0,0.8311291963377416,0.8161838161838162,0.8466321243523316,0.6752577319587628,0.6968085106382979,0.655,umberto-commoncrawl-cased-v1-627k_italian,10384,"df_evalita20_train(4785)
df_ami20_train(3500)
df_evalita18facebook_train(2099)","df_evalita20_dev(2052)
df_ami20_dev(1500)
df_evalita18facebook_dev(900)",test_fdb_500(500),33
4.0,0.8303212851405622,0.8052580331061344,0.8569948186528498,0.7030878859857481,0.669683257918552,0.74,umberto-commoncrawl-cased-v1-627k_italian,10384,"df_evalita20_train(4785)
df_ami20_train(3500)
df_evalita18facebook_train(2099)","df_evalita20_dev(2052)
df_ami20_dev(1500)
df_evalita18facebook_dev(900)",test_fdb_500(500),33
5.0,0.8317030348633057,0.806028196402528,0.8590673575129534,0.6650124069478909,0.6600985221674877,0.67,umberto-commoncrawl-cased-v1-627k_italian,10384,"df_evalita20_train(4785)
df_ami20_train(3500)
df_evalita18facebook_train(2099)","df_evalita20_dev(2052)
df_ami20_dev(1500)
df_evalita18facebook_dev(900)",test_fdb_500(500),33
