epoch,val_f1,val_prec,val_rec,test_f1,test_prec,test_rec,model,train_len,train_set(s),dev_set(s),test_set(s),run_id
1.0,0.801920768307323,0.7695852534562212,0.8370927318295739,0.6608695652173914,0.5066666666666667,0.95,bert-base-multilingual-cased,2099,df_evalita18facebook_train(2099),df_evalita18facebook_dev(900),test_fdb_500(500),27
2.0,0.8091787439613526,0.7808857808857809,0.8395989974937343,0.6753246753246754,0.5368731563421829,0.91,bert-base-multilingual-cased,2099,df_evalita18facebook_train(2099),df_evalita18facebook_dev(900),test_fdb_500(500),27
3.0,0.8005115089514065,0.8172323759791122,0.7844611528822055,0.661322645290581,0.5518394648829431,0.825,bert-base-multilingual-cased,2099,df_evalita18facebook_train(2099),df_evalita18facebook_dev(900),test_fdb_500(500),27
4.0,0.8043742405832321,0.7806603773584906,0.8295739348370927,0.6703296703296704,0.5289017341040463,0.915,bert-base-multilingual-cased,2099,df_evalita18facebook_train(2099),df_evalita18facebook_dev(900),test_fdb_500(500),27
5.0,0.8060453400503779,0.810126582278481,0.8020050125313283,0.6679611650485436,0.546031746031746,0.86,bert-base-multilingual-cased,2099,df_evalita18facebook_train(2099),df_evalita18facebook_dev(900),test_fdb_500(500),27
