epoch,val_f1,val_prec,val_rec,test_f1,test_prec,test_rec,model,train_len,train_set(s),dev_set(s),test_set(s),run_id
1.0,0.8132678132678133,0.7975903614457831,0.8295739348370927,0.665406427221172,0.5349544072948328,0.88,bert-base-multilingual-cased,2099,df_evalita18facebook_train(2099),df_evalita18facebook_dev(900),test_fdb_500(500),27
2.0,0.8043478260869565,0.7762237762237763,0.8345864661654135,0.6569872958257713,0.5156695156695157,0.905,bert-base-multilingual-cased,2099,df_evalita18facebook_train(2099),df_evalita18facebook_dev(900),test_fdb_500(500),27
3.0,0.8025316455696203,0.8107416879795396,0.7944862155388471,0.657314629258517,0.5484949832775919,0.82,bert-base-multilingual-cased,2099,df_evalita18facebook_train(2099),df_evalita18facebook_dev(900),test_fdb_500(500),27
4.0,0.7989690721649484,0.8222811671087533,0.7769423558897243,0.638655462184874,0.5507246376811594,0.76,bert-base-multilingual-cased,2099,df_evalita18facebook_train(2099),df_evalita18facebook_dev(900),test_fdb_500(500),27
5.0,0.8029739776951672,0.7941176470588235,0.8120300751879699,0.6780952380952381,0.5476923076923077,0.89,bert-base-multilingual-cased,2099,df_evalita18facebook_train(2099),df_evalita18facebook_dev(900),test_fdb_500(500),27
