epoch,val_f1,val_prec,val_rec,test_f1,test_prec,test_rec,model,train_len,train_set(s),dev_set(s),test_set(s),run_id
1.0,0.6408304498269897,0.7245696400625978,0.5744416873449132,0.5284090909090909,0.6118421052631579,0.465,bert-base-multilingual-cased,4785,df_evalita20_train(4785),df_evalita20_dev(2052),test_fdb_500(500),28
2.0,0.657608695652174,0.7267267267267268,0.6004962779156328,0.3398692810457516,0.49056603773584906,0.26,bert-base-multilingual-cased,4785,df_evalita20_train(4785),df_evalita20_dev(2052),test_fdb_500(500),28
3.0,0.6698305084745763,0.7384155455904334,0.6129032258064516,0.4229607250755287,0.5343511450381679,0.35,bert-base-multilingual-cased,4785,df_evalita20_train(4785),df_evalita20_dev(2052),test_fdb_500(500),28
4.0,0.7318718381112984,0.6690647482014388,0.8076923076923077,0.5561224489795918,0.5677083333333334,0.545,bert-base-multilingual-cased,4785,df_evalita20_train(4785),df_evalita20_dev(2052),test_fdb_500(500),28
5.0,0.7141963727329582,0.7200504413619168,0.7084367245657568,0.4133738601823709,0.5271317829457365,0.34,bert-base-multilingual-cased,4785,df_evalita20_train(4785),df_evalita20_dev(2052),test_fdb_500(500),28
