epoch,val_f1,val_prec,val_rec,test_f1,test_prec,test_rec,model,train_len,train_set(s),dev_set(s),test_set(s),run_id
1.0,0.8716502115655853,0.8917748917748918,0.8524137931034482,0.3202614379084967,0.46226415094339623,0.245,bert-base-multilingual-cased,3500,df_ami20_train(3500),df_ami20_dev(1500),test_fdb_500(500),29
2.0,0.8733509234828497,0.8369152970922883,0.9131034482758621,0.45669291338582674,0.48066298342541436,0.435,bert-base-multilingual-cased,3500,df_ami20_train(3500),df_ami20_dev(1500),test_fdb_500(500),29
3.0,0.8849315068493151,0.8789115646258503,0.8910344827586207,0.35649546827794565,0.45038167938931295,0.295,bert-base-multilingual-cased,3500,df_ami20_train(3500),df_ami20_dev(1500),test_fdb_500(500),29
4.0,0.8881491344873502,0.8584298584298584,0.92,0.4666666666666667,0.4789473684210526,0.455,bert-base-multilingual-cased,3500,df_ami20_train(3500),df_ami20_dev(1500),test_fdb_500(500),29
5.0,0.8815426997245179,0.8803301237964236,0.8827586206896552,0.3804034582132565,0.4489795918367347,0.33,bert-base-multilingual-cased,3500,df_ami20_train(3500),df_ami20_dev(1500),test_fdb_500(500),29
