epoch,val_f1,val_prec,val_rec,test_f1,test_prec,test_rec,model,train_len,train_set(s),dev_set(s),test_set(s),run_id
1.0,0.8924731182795699,0.8702490170380078,0.9158620689655173,0.42702702702702705,0.4647058823529412,0.395,bert-base-multilingual-cased,3500,df_ami20_train(3500),df_ami20_dev(1500),test_fdb_500(500),29
2.0,0.8863936591809776,0.8504435994930292,0.9255172413793104,0.4574209245742093,0.44549763033175355,0.47,bert-base-multilingual-cased,3500,df_ami20_train(3500),df_ami20_dev(1500),test_fdb_500(500),29
3.0,0.8875420875420876,0.8671052631578947,0.9089655172413793,0.4267352185089974,0.43915343915343913,0.415,bert-base-multilingual-cased,3500,df_ami20_train(3500),df_ami20_dev(1500),test_fdb_500(500),29
4.0,0.8893333333333333,0.8606451612903225,0.92,0.49315068493150693,0.453781512605042,0.54,bert-base-multilingual-cased,3500,df_ami20_train(3500),df_ami20_dev(1500),test_fdb_500(500),29
5.0,0.8899521531100479,0.8821138211382114,0.8979310344827586,0.4293193717277487,0.45054945054945056,0.41,bert-base-multilingual-cased,3500,df_ami20_train(3500),df_ami20_dev(1500),test_fdb_500(500),29
