epoch,val_f1,val_prec,val_rec,test_f1,test_prec,test_rec,test_incels_f1,test_incels_prec,test_incels_rec,model,train_len,train_set(s),dev_set(s),test_set(s),run_id
1.0,0.8395061728395061,0.8192771084337349,0.8607594936708861,0.12093023255813955,0.8666666666666667,0.065,0.8267090620031796,0.771513353115727,0.8904109589041096,incel-bert-base-multilingual-cased-1000k_english,3642,train_incelsis(3642),dev_incelsis(780),test_fdb_500(500),17
2.0,0.8562783661119516,0.8202898550724638,0.8955696202531646,0.18834080717488785,0.9130434782608695,0.105,0.8293460925039873,0.7761194029850746,0.8904109589041096,incel-bert-base-multilingual-cased-1000k_english,3642,train_incelsis(3642),dev_incelsis(780),test_fdb_500(500),17
3.0,0.8535825545171339,0.8404907975460123,0.8670886075949367,0.1777777777777778,0.8,0.1,0.8376623376623377,0.7962962962962963,0.8835616438356164,incel-bert-base-multilingual-cased-1000k_english,3642,train_incelsis(3642),dev_incelsis(780),test_fdb_500(500),17
4.0,0.8514548238897396,0.8249258160237388,0.879746835443038,0.18584070796460175,0.8076923076923077,0.105,0.8352365415986948,0.7975077881619937,0.8767123287671232,incel-bert-base-multilingual-cased-1000k_english,3642,train_incelsis(3642),dev_incelsis(780),test_fdb_500(500),17
