epoch,val_f1,val_prec,val_rec,test_f1,test_prec,test_rec,test_incels_f1,test_incels_prec,test_incels_rec,model,train_len,train_set(s),dev_set(s),test_set(s),run_id
1.0,0.8298507462686567,0.7853107344632768,0.879746835443038,0.136986301369863,0.7894736842105263,0.075,0.8130841121495327,0.7457142857142857,0.8938356164383562,incel-bert-base-multilingual-cased-1000k_english,3642,train_incelsis(3642),dev_incelsis(780),test_fdb_500(500),17
2.0,0.8571428571428572,0.8166189111747851,0.9018987341772152,0.1388888888888889,0.9375,0.075,0.8320251177394035,0.7681159420289855,0.9075342465753424,incel-bert-base-multilingual-cased-1000k_english,3642,train_incelsis(3642),dev_incelsis(780),test_fdb_500(500),17
3.0,0.8540706605222733,0.8298507462686567,0.879746835443038,0.16289592760180996,0.8571428571428571,0.09,0.8415999999999999,0.7897897897897898,0.9006849315068494,incel-bert-base-multilingual-cased-1000k_english,3642,train_incelsis(3642),dev_incelsis(780),test_fdb_500(500),17
4.0,0.8558282208588956,0.8303571428571429,0.8829113924050633,0.1382488479262673,0.8823529411764706,0.075,0.842443729903537,0.793939393939394,0.8972602739726028,incel-bert-base-multilingual-cased-1000k_english,3642,train_incelsis(3642),dev_incelsis(780),test_fdb_500(500),17
