epoch,val_f1,val_prec,val_rec,test_f1,test_prec,test_rec,model,train_len,train_set(s),dev_set(s),test_set(s),run_id
1.0,0.7123456790123456,0.7088452088452089,0.7158808933002482,0.49101796407185627,0.6119402985074627,0.41,incel-bert-base-multilingual-cased-1000k_multi,4785,df_evalita20_train(4785),df_evalita20_dev(2052),test_fdb_500(500),28
2.0,0.7205720572057206,0.6472332015810277,0.8126550868486352,0.5960591133004925,0.587378640776699,0.605,incel-bert-base-multilingual-cased-1000k_multi,4785,df_evalita20_train(4785),df_evalita20_dev(2052),test_fdb_500(500),28
3.0,0.7113665389527459,0.7328947368421053,0.6910669975186104,0.42033898305084744,0.6526315789473685,0.31,incel-bert-base-multilingual-cased-1000k_multi,4785,df_evalita20_train(4785),df_evalita20_dev(2052),test_fdb_500(500),28
4.0,0.7097186700767263,0.7321899736147758,0.6885856079404467,0.4954682779456193,0.6259541984732825,0.41,incel-bert-base-multilingual-cased-1000k_multi,4785,df_evalita20_train(4785),df_evalita20_dev(2052),test_fdb_500(500),28
5.0,0.7219866747425804,0.7053254437869823,0.739454094292804,0.4985163204747774,0.6131386861313869,0.42,incel-bert-base-multilingual-cased-1000k_multi,4785,df_evalita20_train(4785),df_evalita20_dev(2052),test_fdb_500(500),28
