run_id,epoch,model,val_f1,val_f1_std,val_rec,val_prec,test_f1,test_f1_std,test_rec,test_prec
RANLP_review_metrics_incel_terms,2,Incel BERT 1M,0.8759220825174037,0.003223900558068146,0.9091772151898734,0.8450656354479615,0.933703109665681,0.002645796976630921,0.948469387755102,0.9194373710690167
RANLP_review_metrics_no_incel_terms,2,Incel BERT 1M,0.8785176752589091,0.003573782271482306,0.9037974683544304,0.8547368510988453,0.7267398767954999,0.010998528020890234,0.7333333333333334,0.7213039297889389
RANLP_review_metrics_incel_terms,4,BERT base,0.8509970457794467,0.004443645892163133,0.8566455696202532,0.8455705707919039,0.9335926143323349,0.005265506635373272,0.9357142857142857,0.9315725401157569
RANLP_review_metrics_no_incel_terms,4,BERT base,0.8540061305249511,0.00830307641370654,0.841139240506329,0.8678459092191921,0.6707590902140378,0.024932680619551055,0.6322916666666667,0.7149370340546349
