epoch,val_f1,val_prec,val_rec,test_f1,test_prec,test_rec,model,train_len,train_set(s),dev_set(s),test_set(s),run_id
1.0,0.823170731707317,0.7941176470588235,0.8544303797468354,0.5749235474006117,0.7401574803149606,0.47,bert-base-multilingual-cased,3642,train_incelsis(3642),dev_incelsis(780),test_fdb_500(500),17
2.0,0.8384,0.8478964401294499,0.8291139240506329,0.43795620437956206,0.8108108108108109,0.3,bert-base-multilingual-cased,3642,train_incelsis(3642),dev_incelsis(780),test_fdb_500(500),17
3.0,0.8375558867362146,0.7915492957746478,0.8892405063291139,0.5545171339563862,0.7355371900826446,0.445,bert-base-multilingual-cased,3642,train_incelsis(3642),dev_incelsis(780),test_fdb_500(500),17
4.0,0.8438948995363216,0.824773413897281,0.8639240506329114,0.46853146853146854,0.7790697674418605,0.335,bert-base-multilingual-cased,3642,train_incelsis(3642),dev_incelsis(780),test_fdb_500(500),17
