epoch,val_f1,val_prec,val_rec,test_f1,test_prec,test_rec,model,train_len,train_set(s),dev_set(s),test_set(s),run_id
1.0,0.8233618233618234,0.7487046632124352,0.9145569620253164,0.5857988165680473,0.717391304347826,0.495,bert-base-multilingual-cased,3642,train_incelsis(3642),dev_incelsis(780),test_fdb_500(500),17
2.0,0.8453608247422679,0.790633608815427,0.9082278481012658,0.5263157894736842,0.7692307692307693,0.4,bert-base-multilingual-cased,3642,train_incelsis(3642),dev_incelsis(780),test_fdb_500(500),17
3.0,0.8459214501510574,0.8092485549132948,0.8860759493670886,0.48648648648648657,0.75,0.36,bert-base-multilingual-cased,3642,train_incelsis(3642),dev_incelsis(780),test_fdb_500(500),17
4.0,0.849144634525661,0.8348623853211009,0.8639240506329114,0.41726618705035967,0.7435897435897436,0.29,bert-base-multilingual-cased,3642,train_incelsis(3642),dev_incelsis(780),test_fdb_500(500),17
