epoch,val_f1,val_prec,val_rec,test_f1,test_prec,test_rec,model,train_len,train_set(s),dev_set(s),test_set(s),run_id
1.0,0.8136645962732919,0.7987804878048781,0.8291139240506329,0.47651006711409394,0.7244897959183674,0.355,bert-base-multilingual-cased,3642,train_incelsis(3642),dev_incelsis(780),test_fdb_500(500),17
2.0,0.8460291734197731,0.867109634551495,0.8259493670886076,0.29959514170040485,0.7872340425531915,0.185,bert-base-multilingual-cased,3642,train_incelsis(3642),dev_incelsis(780),test_fdb_500(500),17
3.0,0.8318042813455658,0.8047337278106509,0.8607594936708861,0.4758620689655172,0.7666666666666667,0.345,bert-base-multilingual-cased,3642,train_incelsis(3642),dev_incelsis(780),test_fdb_500(500),17
4.0,0.8377125193199382,0.8187311178247734,0.8575949367088608,0.43416370106761565,0.7530864197530864,0.305,bert-base-multilingual-cased,3642,train_incelsis(3642),dev_incelsis(780),test_fdb_500(500),17
