epoch,val_f1,val_prec,val_rec,test_f1,test_prec,test_rec,model,train_len,train_set(s),dev_set(s),test_set(s),run_id
1.0,0.7976011994002997,0.7578347578347578,0.8417721518987342,0.46822742474916385,0.7070707070707071,0.35,bert-base-multilingual-cased,3642,train_incelsis(3642),dev_incelsis(780),test_fdb_500(500),17
2.0,0.8311258278145695,0.8715277777777778,0.7943037974683544,0.349809885931559,0.7301587301587301,0.23,bert-base-multilingual-cased,3642,train_incelsis(3642),dev_incelsis(780),test_fdb_500(500),17
3.0,0.8413173652694611,0.7982954545454546,0.8892405063291139,0.46366782006920415,0.7528089887640449,0.335,bert-base-multilingual-cased,3642,train_incelsis(3642),dev_incelsis(780),test_fdb_500(500),17
4.0,0.8500772797527048,0.8308157099697885,0.870253164556962,0.3823529411764706,0.7222222222222222,0.26,bert-base-multilingual-cased,3642,train_incelsis(3642),dev_incelsis(780),test_fdb_500(500),17
