epoch,val_f1,val_prec,val_rec,test_f1,test_prec,test_rec,model,train_len,train_set(s),dev_set(s),test_set(s),run_id
1.0,0.793939393939394,0.7616279069767442,0.8291139240506329,0.6202898550724638,0.7379310344827587,0.535,bert-base-multilingual-cased,3642,train_incelsis(3642),dev_incelsis(780),test_fdb_500(500),17
2.0,0.8358208955223879,0.7909604519774012,0.8860759493670886,0.562691131498471,0.7244094488188977,0.46,bert-base-multilingual-cased,3642,train_incelsis(3642),dev_incelsis(780),test_fdb_500(500),17
3.0,0.8492307692307692,0.8263473053892215,0.8734177215189873,0.5192307692307692,0.7232142857142857,0.405,bert-base-multilingual-cased,3642,train_incelsis(3642),dev_incelsis(780),test_fdb_500(500),17
4.0,0.8575899843505477,0.848297213622291,0.8670886075949367,0.49333333333333335,0.74,0.37,bert-base-multilingual-cased,3642,train_incelsis(3642),dev_incelsis(780),test_fdb_500(500),17
