epoch,val_f1,val_prec,val_rec,test_f1,test_prec,test_rec,model,train_len,train_set(s),dev_set(s),test_set(s),run_id
1.0,0.8296296296296296,0.7799442896935933,0.8860759493670886,0.3956834532374101,0.7051282051282052,0.275,bert-base-multilingual-cased,3642,train_incelsis(3642),dev_incelsis(780),test_fdb_500(500),17
2.0,0.8529411764705882,0.8817567567567568,0.8259493670886076,0.1688888888888889,0.76,0.095,bert-base-multilingual-cased,3642,train_incelsis(3642),dev_incelsis(780),test_fdb_500(500),17
3.0,0.8466453674121406,0.8548387096774194,0.8386075949367089,0.21739130434782608,0.8333333333333334,0.125,bert-base-multilingual-cased,3642,train_incelsis(3642),dev_incelsis(780),test_fdb_500(500),17
4.0,0.8461538461538461,0.8233532934131736,0.870253164556962,0.3837638376383764,0.7323943661971831,0.26,bert-base-multilingual-cased,3642,train_incelsis(3642),dev_incelsis(780),test_fdb_500(500),17
