epoch,val_f1,val_prec,val_rec,test_f1,test_prec,test_rec,model,train_len,train_set(s),dev_set(s),test_set(s),run_id
1.0,0.8028419182948491,0.9149797570850202,0.7151898734177216,0.3064516129032258,0.7916666666666666,0.19,bert-base-multilingual-cased,8142,"train_hateval_2019_english(4500)
train_incelsis(3642)",dev_incelsis(780),test_fdb_500(500),18
2.0,0.8553459119496856,0.85,0.8607594936708861,0.592814371257485,0.7388059701492538,0.495,bert-base-multilingual-cased,8142,"train_hateval_2019_english(4500)
train_incelsis(3642)",dev_incelsis(780),test_fdb_500(500),18
3.0,0.8497723823975721,0.8163265306122449,0.8860759493670886,0.5800604229607251,0.732824427480916,0.48,bert-base-multilingual-cased,8142,"train_hateval_2019_english(4500)
train_incelsis(3642)",dev_incelsis(780),test_fdb_500(500),18
4.0,0.8571428571428571,0.8504672897196262,0.8639240506329114,0.5242718446601942,0.7431192660550459,0.405,bert-base-multilingual-cased,8142,"train_hateval_2019_english(4500)
train_incelsis(3642)",dev_incelsis(780),test_fdb_500(500),18
