epoch,val_f1,val_prec,val_rec,test_f1,test_prec,test_rec,model,train_len,train_set(s),dev_set(s),test_set(s),run_id
1.0,0.8151986183074265,0.8973384030418251,0.7468354430379747,0.2738589211618257,0.8048780487804879,0.165,bert-base-multilingual-cased,8142,"train_hateval_2019_english(4500)
train_incelsis(3642)",dev_incelsis(780),test_fdb_500(500),18
2.0,0.8585055643879174,0.8626198083067093,0.8544303797468354,0.5182724252491695,0.7722772277227723,0.39,bert-base-multilingual-cased,8142,"train_hateval_2019_english(4500)
train_incelsis(3642)",dev_incelsis(780),test_fdb_500(500),18
3.0,0.846875,0.8364197530864198,0.8575949367088608,0.5163398692810457,0.7452830188679245,0.395,bert-base-multilingual-cased,8142,"train_hateval_2019_english(4500)
train_incelsis(3642)",dev_incelsis(780),test_fdb_500(500),18
4.0,0.8509316770186336,0.8353658536585366,0.8670886075949367,0.47098976109215007,0.7419354838709677,0.345,bert-base-multilingual-cased,8142,"train_hateval_2019_english(4500)
train_incelsis(3642)",dev_incelsis(780),test_fdb_500(500),18
