epoch,val_f1,val_prec,val_rec,test_f1,test_prec,test_rec,model,train_len,train_set(s),dev_set(s),test_set(s),run_id
1.0,0.8336134453781512,0.8888888888888888,0.7848101265822784,0.5970149253731343,0.7407407407407407,0.5,bert-base-multilingual-cased,8142,"train_hateval_2019_spanish(4500)
train_incelsis(3642)",dev_incelsis(780),test_fdb_500(500),19
2.0,0.8421052631578947,0.8022922636103151,0.8860759493670886,0.5197368421052632,0.7596153846153846,0.395,bert-base-multilingual-cased,8142,"train_hateval_2019_spanish(4500)
train_incelsis(3642)",dev_incelsis(780),test_fdb_500(500),19
3.0,0.8409785932721712,0.8136094674556213,0.870253164556962,0.562874251497006,0.7014925373134329,0.47,bert-base-multilingual-cased,8142,"train_hateval_2019_spanish(4500)
train_incelsis(3642)",dev_incelsis(780),test_fdb_500(500),19
4.0,0.8406676783004552,0.8075801749271136,0.8765822784810127,0.5661538461538462,0.736,0.46,bert-base-multilingual-cased,8142,"train_hateval_2019_spanish(4500)
train_incelsis(3642)",dev_incelsis(780),test_fdb_500(500),19
