epoch,val_f1,val_prec,val_rec,test_f1,test_prec,test_rec,model,train_len,train_set(s),dev_set(s),test_set(s),run_id
1.0,0.8109965635738833,0.8872180451127819,0.7468354430379747,0.551948051948052,0.7870370370370371,0.425,bert-base-multilingual-cased,12642,"train_hateval_2019_spanish(4500)
train_hateval_2019_english(4500)
train_incelsis(3642)",dev_incelsis(780),test_fdb_500(500),20
2.0,0.8277858176555717,0.7626666666666667,0.9050632911392406,0.633245382585752,0.6703910614525139,0.6,bert-base-multilingual-cased,12642,"train_hateval_2019_spanish(4500)
train_hateval_2019_english(4500)
train_incelsis(3642)",dev_incelsis(780),test_fdb_500(500),20
3.0,0.8432601880877741,0.8354037267080745,0.8512658227848101,0.5572755417956657,0.7317073170731707,0.45,bert-base-multilingual-cased,12642,"train_hateval_2019_spanish(4500)
train_hateval_2019_english(4500)
train_incelsis(3642)",dev_incelsis(780),test_fdb_500(500),20
4.0,0.8364197530864198,0.8162650602409639,0.8575949367088608,0.6084507042253521,0.6967741935483871,0.54,bert-base-multilingual-cased,12642,"train_hateval_2019_spanish(4500)
train_hateval_2019_english(4500)
train_incelsis(3642)",dev_incelsis(780),test_fdb_500(500),20
