epoch,val_f1,val_prec,val_rec,test_f1,test_prec,test_rec,model,train_len,train_set(s),dev_set(s),test_set(s),run_id
1.0,0.8372827804107426,0.8359621451104101,0.8386075949367089,0.6875000000000001,0.5436046511627907,0.935,bert-base-multilingual-cased,6642,"train_incelsis(3642)
train_evalita18facebook(3000)",dev_incelsis(780),test_fdb_500(500),21
2.0,0.8377952755905511,0.8338557993730408,0.8417721518987342,0.7008196721311476,0.59375,0.855,bert-base-multilingual-cased,6642,"train_incelsis(3642)
train_evalita18facebook(3000)",dev_incelsis(780),test_fdb_500(500),21
3.0,0.8380062305295951,0.8251533742331288,0.8512658227848101,0.677536231884058,0.53125,0.935,bert-base-multilingual-cased,6642,"train_incelsis(3642)
train_evalita18facebook(3000)",dev_incelsis(780),test_fdb_500(500),21
4.0,0.8406676783004552,0.8075801749271136,0.8765822784810127,0.6764168190127972,0.5331412103746398,0.925,bert-base-multilingual-cased,6642,"train_incelsis(3642)
train_evalita18facebook(3000)",dev_incelsis(780),test_fdb_500(500),21
