epoch,val_f1,val_prec,val_rec,test_f1,test_prec,test_rec,model,train_len,train_set(s),dev_set(s),test_set(s),run_id
1.0,0.8209876543209876,0.8012048192771084,0.8417721518987342,0.5200000000000001,0.78,0.39,bert-base-multilingual-cased,6642,"train_incelsis(3642)
train_evalita18twitter(3000)",dev_incelsis(780),test_fdb_500(500),22
2.0,0.8505392912172572,0.8288288288288288,0.8734177215189873,0.5,0.6666666666666666,0.4,bert-base-multilingual-cased,6642,"train_incelsis(3642)
train_evalita18twitter(3000)",dev_incelsis(780),test_fdb_500(500),22
3.0,0.8679245283018868,0.8625,0.8734177215189873,0.6262135922330097,0.6084905660377359,0.645,bert-base-multilingual-cased,6642,"train_incelsis(3642)
train_evalita18twitter(3000)",dev_incelsis(780),test_fdb_500(500),22
4.0,0.8527131782945736,0.8358662613981763,0.870253164556962,0.6252983293556086,0.5981735159817352,0.655,bert-base-multilingual-cased,6642,"train_incelsis(3642)
train_evalita18twitter(3000)",dev_incelsis(780),test_fdb_500(500),22
