epoch,val_f1,val_prec,val_rec,test_f1,test_prec,test_rec,model,train_len,train_set(s),dev_set(s),test_set(s),run_id
1.0,0.7974481658692185,0.8038585209003215,0.7911392405063291,0.6757990867579908,0.6218487394957983,0.74,bert-base-multilingual-cased,10479,"train_evalita20(6837)
train_incelsis(3642)",dev_incelsis(780),test_fdb_500(500),24
2.0,0.8303030303030303,0.7965116279069767,0.8670886075949367,0.5839793281653747,0.6042780748663101,0.565,bert-base-multilingual-cased,10479,"train_evalita20(6837)
train_incelsis(3642)",dev_incelsis(780),test_fdb_500(500),24
3.0,0.8291925465838508,0.8140243902439024,0.8449367088607594,0.5045045045045045,0.631578947368421,0.42,bert-base-multilingual-cased,10479,"train_evalita20(6837)
train_incelsis(3642)",dev_incelsis(780),test_fdb_500(500),24
4.0,0.8286604361370717,0.8159509202453987,0.8417721518987342,0.5029239766081871,0.6056338028169014,0.43,bert-base-multilingual-cased,10479,"train_evalita20(6837)
train_incelsis(3642)",dev_incelsis(780),test_fdb_500(500),24
