epoch,val_f1,val_prec,val_rec,test_f1,test_prec,test_rec,model,train_len,train_set(s),dev_set(s),test_set(s),run_id
1.0,0.7853535353535354,0.8271276595744681,0.7475961538461539,0.6703296703296704,0.5289017341040463,0.915,umberto-commoncrawl-cased-v1,2100,df_evalita18facebook_train(2100),df_evalita18facebook_dev(900),test_fdb_500(500),27
2.0,0.8448687350835322,0.8388625592417062,0.8509615384615384,0.6864564007421151,0.5457227138643068,0.925,umberto-commoncrawl-cased-v1,2100,df_evalita18facebook_train(2100),df_evalita18facebook_dev(900),test_fdb_500(500),27
3.0,0.836322869955157,0.7836134453781513,0.8966346153846154,0.6763110307414106,0.5297450424929179,0.935,umberto-commoncrawl-cased-v1,2100,df_evalita18facebook_train(2100),df_evalita18facebook_dev(900),test_fdb_500(500),27
4.0,0.8261405672009865,0.8481012658227848,0.8052884615384616,0.6893787575150301,0.5752508361204013,0.86,umberto-commoncrawl-cased-v1,2100,df_evalita18facebook_train(2100),df_evalita18facebook_dev(900),test_fdb_500(500),27
5.0,0.8308457711442787,0.8608247422680413,0.8028846153846154,0.688659793814433,0.5859649122807018,0.835,umberto-commoncrawl-cased-v1,2100,df_evalita18facebook_train(2100),df_evalita18facebook_dev(900),test_fdb_500(500),27
