epoch,val_f1,val_prec,val_rec,test_f1,test_prec,test_rec,model,train_len,train_set(s),dev_set(s),test_set(s),run_id
1.0,0.7874213836477987,0.8258575197889182,0.7524038461538461,0.6654545454545455,0.5228571428571429,0.915,umberto-commoncrawl-cased-v1,2100,df_evalita18facebook_train(2100),df_evalita18facebook_dev(900),test_fdb_500(500),27
2.0,0.8327316486161253,0.8337349397590361,0.8317307692307693,0.6880907372400756,0.5531914893617021,0.91,umberto-commoncrawl-cased-v1,2100,df_evalita18facebook_train(2100),df_evalita18facebook_dev(900),test_fdb_500(500),27
3.0,0.8392434988179668,0.8255813953488372,0.8533653846153846,0.6880907372400756,0.5531914893617021,0.91,umberto-commoncrawl-cased-v1,2100,df_evalita18facebook_train(2100),df_evalita18facebook_dev(900),test_fdb_500(500),27
4.0,0.8325,0.8671875,0.8004807692307693,0.7128309572301426,0.6013745704467354,0.875,umberto-commoncrawl-cased-v1,2100,df_evalita18facebook_train(2100),df_evalita18facebook_dev(900),test_fdb_500(500),27
5.0,0.8387909319899245,0.8809523809523809,0.8004807692307693,0.6997929606625259,0.5971731448763251,0.845,umberto-commoncrawl-cased-v1,2100,df_evalita18facebook_train(2100),df_evalita18facebook_dev(900),test_fdb_500(500),27
