epoch,val_f1,val_prec,val_rec,test_f1,test_prec,test_rec,model,train_len,train_set(s),dev_set(s),test_set(s),run_id
1.0,0.7908101571946795,0.7956204379562044,0.7860576923076923,0.6597582037996546,0.503957783641161,0.955,umberto-commoncrawl-cased-v1,2100,df_evalita18facebook_train(2100),df_evalita18facebook_dev(900),test_fdb_500(500),27
2.0,0.828087167070218,0.8341463414634146,0.8221153846153846,0.6859344894026975,0.5579937304075235,0.89,umberto-commoncrawl-cased-v1,2100,df_evalita18facebook_train(2100),df_evalita18facebook_dev(900),test_fdb_500(500),27
3.0,0.8458864426419468,0.8165548098434005,0.8774038461538461,0.6852886405959031,0.5459940652818991,0.92,umberto-commoncrawl-cased-v1,2100,df_evalita18facebook_train(2100),df_evalita18facebook_dev(900),test_fdb_500(500),27
4.0,0.840937114673243,0.8632911392405064,0.8197115384615384,0.6882591093117408,0.5782312925170068,0.85,umberto-commoncrawl-cased-v1,2100,df_evalita18facebook_train(2100),df_evalita18facebook_dev(900),test_fdb_500(500),27
5.0,0.8401015228426394,0.8897849462365591,0.7956730769230769,0.6956521739130435,0.5936395759717314,0.84,umberto-commoncrawl-cased-v1,2100,df_evalita18facebook_train(2100),df_evalita18facebook_dev(900),test_fdb_500(500),27
