epoch,val_f1,val_prec,val_rec,test_f1,test_prec,test_rec,model,train_len,train_set(s),dev_set(s),test_set(s),run_id
1.0,0.8,0.8390501319261213,0.7644230769230769,0.6819923371647509,0.5527950310559007,0.89,umberto-commoncrawl-cased-v1,2100,df_evalita18facebook_train(2100),df_evalita18facebook_dev(900),test_fdb_500(500),27
2.0,0.8471720818291215,0.8481927710843373,0.8461538461538461,0.6901960784313725,0.567741935483871,0.88,umberto-commoncrawl-cased-v1,2100,df_evalita18facebook_train(2100),df_evalita18facebook_dev(900),test_fdb_500(500),27
3.0,0.8474178403755869,0.8279816513761468,0.8677884615384616,0.6908396946564886,0.558641975308642,0.905,umberto-commoncrawl-cased-v1,2100,df_evalita18facebook_train(2100),df_evalita18facebook_dev(900),test_fdb_500(500),27
4.0,0.8447204968944099,0.8740359897172236,0.8173076923076923,0.7014613778705637,0.6021505376344086,0.84,umberto-commoncrawl-cased-v1,2100,df_evalita18facebook_train(2100),df_evalita18facebook_dev(900),test_fdb_500(500),27
5.0,0.8356687898089172,0.8888888888888888,0.7884615384615384,0.7006369426751592,0.6088560885608856,0.825,umberto-commoncrawl-cased-v1,2100,df_evalita18facebook_train(2100),df_evalita18facebook_dev(900),test_fdb_500(500),27
