epoch,val_f1,val_prec,val_rec,test_f1,test_prec,test_rec,model,train_len,train_set(s),dev_set(s),test_set(s),run_id
1.0,0.7254658385093168,0.7263681592039801,0.7245657568238213,0.5094339622641509,0.6864406779661016,0.405,umberto-commoncrawl-cased-v1,4785,df_evalita20_train(4785),df_evalita20_dev(2052),test_fdb_500(500),28
2.0,0.7473182359952325,0.7190366972477065,0.7779156327543424,0.5504587155963302,0.7086614173228346,0.45,umberto-commoncrawl-cased-v1,4785,df_evalita20_train(4785),df_evalita20_dev(2052),test_fdb_500(500),28
3.0,0.7606594656054577,0.70199370409234,0.8300248138957816,0.6022099447513812,0.6728395061728395,0.545,umberto-commoncrawl-cased-v1,4785,df_evalita20_train(4785),df_evalita20_dev(2052),test_fdb_500(500),28
4.0,0.7445618396519578,0.7459526774595268,0.7431761786600496,0.46621621621621623,0.71875,0.345,umberto-commoncrawl-cased-v1,4785,df_evalita20_train(4785),df_evalita20_dev(2052),test_fdb_500(500),28
5.0,0.7518610421836228,0.7518610421836228,0.7518610421836228,0.4918032786885245,0.7142857142857143,0.375,umberto-commoncrawl-cased-v1,4785,df_evalita20_train(4785),df_evalita20_dev(2052),test_fdb_500(500),28
