epoch,val_f1,val_prec,val_rec,test_f1,test_prec,test_rec,model,train_len,train_set(s),dev_set(s),test_set(s),run_id
1.0,0.7357575757575757,0.7191943127962085,0.7531017369727047,0.5146579804560261,0.7383177570093458,0.395,umberto-commoncrawl-cased-v1,4785,df_evalita20_train(4785),df_evalita20_dev(2052),test_fdb_500(500),28
2.0,0.7452424800491099,0.7375455650060754,0.7531017369727047,0.5625000000000001,0.75,0.45,umberto-commoncrawl-cased-v1,4785,df_evalita20_train(4785),df_evalita20_dev(2052),test_fdb_500(500),28
3.0,0.7622950819672131,0.7217294900221729,0.8076923076923077,0.592814371257485,0.7388059701492538,0.495,umberto-commoncrawl-cased-v1,4785,df_evalita20_train(4785),df_evalita20_dev(2052),test_fdb_500(500),28
4.0,0.74125,0.7468513853904282,0.7357320099255583,0.4421052631578948,0.7411764705882353,0.315,umberto-commoncrawl-cased-v1,4785,df_evalita20_train(4785),df_evalita20_dev(2052),test_fdb_500(500),28
5.0,0.7422552664188352,0.7413366336633663,0.7431761786600496,0.4529616724738676,0.7471264367816092,0.325,umberto-commoncrawl-cased-v1,4785,df_evalita20_train(4785),df_evalita20_dev(2052),test_fdb_500(500),28
