epoch,val_f1,val_prec,val_rec,test_f1,test_prec,test_rec,model,train_len,train_set(s),dev_set(s),test_set(s),run_id
1.0,0.8850353243416826,0.828125,0.9503448275862069,0.5614035087719298,0.5,0.64,umberto-commoncrawl-cased-v1,3500,df_ami20_train(3500),df_ami20_dev(1500),test_fdb_500(500),29
2.0,0.9071476285905145,0.8795336787564767,0.9365517241379311,0.49132947976878616,0.5821917808219178,0.425,umberto-commoncrawl-cased-v1,3500,df_ami20_train(3500),df_ami20_dev(1500),test_fdb_500(500),29
3.0,0.9088471849865952,0.8839634941329857,0.9351724137931035,0.5434173669467787,0.6178343949044586,0.485,umberto-commoncrawl-cased-v1,3500,df_ami20_train(3500),df_ami20_dev(1500),test_fdb_500(500),29
4.0,0.9121171770972037,0.8815958815958816,0.9448275862068966,0.6430379746835443,0.6512820512820513,0.635,umberto-commoncrawl-cased-v1,3500,df_ami20_train(3500),df_ami20_dev(1500),test_fdb_500(500),29
5.0,0.9123989218328841,0.8919631093544137,0.9337931034482758,0.5879120879120879,0.6524390243902439,0.535,umberto-commoncrawl-cased-v1,3500,df_ami20_train(3500),df_ami20_dev(1500),test_fdb_500(500),29
