epoch,val_f1,val_prec,val_rec,test_f1,test_prec,test_rec,model,train_len,train_set(s),dev_set(s),test_set(s),run_id
1.0,0.7164179104477612,0.8053691275167785,0.6451612903225806,0.7806451612903226,0.8461538461538461,0.7245508982035929,bert-base-uncased,3642,train_incelsis(3642),dev_incelsis(780),test_incelsis(781),0
2.0,0.7613636363636364,0.8072289156626506,0.7204301075268817,0.8206686930091186,0.8333333333333334,0.8083832335329342,bert-base-uncased,3642,train_incelsis(3642),dev_incelsis(780),test_incelsis(781),0
3.0,0.7835616438356164,0.7988826815642458,0.7688172043010753,0.8130563798219584,0.8058823529411765,0.8203592814371258,bert-base-uncased,3642,train_incelsis(3642),dev_incelsis(780),test_incelsis(781),0
4.0,0.7867036011080332,0.8114285714285714,0.7634408602150538,0.8023952095808384,0.8023952095808383,0.8023952095808383,bert-base-uncased,3642,train_incelsis(3642),dev_incelsis(780),test_incelsis(781),0
