epoch,val_f1,val_prec,val_rec,test_f1,test_prec,test_rec,test_incels_f1,test_incels_prec,test_incels_rec,model,train_len,train_set(s),dev_set(s),test_set(s),run_id
1.0,0.8221225710014947,0.7790368271954674,0.870253164556962,0.45229681978798586,0.7710843373493976,0.32,0.8081123244929797,0.7421203438395415,0.886986301369863,incel-bert-base-multilingual-cased-100k_english,3642,train_incelsis(3642),dev_incelsis(780),test_fdb_500(500),17
2.0,0.8508124076809455,0.7977839335180056,0.9113924050632911,0.4912280701754386,0.8235294117647058,0.35,0.8193146417445483,0.7514285714285714,0.9006849315068494,incel-bert-base-multilingual-cased-100k_english,3642,train_incelsis(3642),dev_incelsis(780),test_fdb_500(500),17
3.0,0.8404907975460123,0.8154761904761905,0.8670886075949367,0.48135593220338974,0.7473684210526316,0.355,0.8338870431893688,0.8096774193548387,0.8595890410958904,incel-bert-base-multilingual-cased-100k_english,3642,train_incelsis(3642),dev_incelsis(780),test_fdb_500(500),17
4.0,0.8562596599690881,0.8368580060422961,0.8765822784810127,0.47222222222222227,0.7727272727272727,0.34,0.8424543946932008,0.8167202572347267,0.8698630136986302,incel-bert-base-multilingual-cased-100k_english,3642,train_incelsis(3642),dev_incelsis(780),test_fdb_500(500),17
