epoch,val_f1,val_prec,val_rec,test_f1,test_prec,test_rec,test_incels_f1,test_incels_prec,test_incels_rec,model,train_len,train_set(s),dev_set(s),test_set(s),run_id
1.0,0.8199121522693997,0.7629427792915532,0.8860759493670886,0.5016501650165016,0.7378640776699029,0.38,0.7932618683001532,0.7174515235457064,0.886986301369863,incel-bert-base-multilingual-cased-100k_english,3642,train_incelsis(3642),dev_incelsis(780),test_fdb_500(500),17
2.0,0.8536585365853657,0.8235294117647058,0.8860759493670886,0.4436363636363636,0.8133333333333334,0.305,0.8343949044585988,0.7797619047619048,0.8972602739726028,incel-bert-base-multilingual-cased-100k_english,3642,train_incelsis(3642),dev_incelsis(780),test_fdb_500(500),17
3.0,0.8454545454545455,0.811046511627907,0.8829113924050633,0.5431309904153354,0.7522123893805309,0.425,0.8333333333333334,0.7831325301204819,0.8904109589041096,incel-bert-base-multilingual-cased-100k_english,3642,train_incelsis(3642),dev_incelsis(780),test_fdb_500(500),17
4.0,0.8509316770186336,0.8353658536585366,0.8670886075949367,0.4545454545454546,0.7558139534883721,0.325,0.8440065681444991,0.8107255520504731,0.8801369863013698,incel-bert-base-multilingual-cased-100k_english,3642,train_incelsis(3642),dev_incelsis(780),test_fdb_500(500),17
