epoch,val_f1,val_prec,val_rec,test_f1,test_prec,test_rec,test_incels_f1,test_incels_prec,test_incels_rec,model,train_len,train_set(s),dev_set(s),test_set(s),run_id
1.0,0.8122137404580152,0.7846607669616519,0.8417721518987342,0.316205533596838,0.7547169811320755,0.2,0.8019169329073482,0.7514970059880239,0.8595890410958904,incel-bert-base-multilingual-cased-100k_english,3642,train_incelsis(3642),dev_incelsis(780),test_fdb_500(500),17
2.0,0.8490566037735849,0.84375,0.8544303797468354,0.24892703862660945,0.8787878787878788,0.145,0.8451178451178452,0.8311258278145696,0.8595890410958904,incel-bert-base-multilingual-cased-100k_english,3642,train_incelsis(3642),dev_incelsis(780),test_fdb_500(500),17
3.0,0.8413173652694611,0.7982954545454546,0.8892405063291139,0.48829431438127097,0.7373737373737373,0.365,0.8270440251572327,0.7645348837209303,0.9006849315068494,incel-bert-base-multilingual-cased-100k_english,3642,train_incelsis(3642),dev_incelsis(780),test_fdb_500(500),17
4.0,0.8424242424242425,0.8081395348837209,0.879746835443038,0.4545454545454546,0.7558139534883721,0.325,0.8478964401294498,0.803680981595092,0.8972602739726028,incel-bert-base-multilingual-cased-100k_english,3642,train_incelsis(3642),dev_incelsis(780),test_fdb_500(500),17
