epoch,val_f1,val_prec,val_rec,test_f1,test_prec,test_rec,test_incels_f1,test_incels_prec,test_incels_rec,model,train_len,train_set(s),dev_set(s),test_set(s),run_id
1.0,0.8330827067669173,0.7936962750716332,0.8765822784810127,0.4932432432432432,0.7604166666666666,0.365,0.809968847352025,0.7428571428571429,0.8904109589041096,incel-bert-base-multilingual-cased-100k_english,3642,train_incelsis(3642),dev_incelsis(780),test_fdb_500(500),17
2.0,0.8501529051987767,0.8224852071005917,0.879746835443038,0.36434108527131787,0.8103448275862069,0.235,0.8419354838709677,0.7957317073170732,0.8938356164383562,incel-bert-base-multilingual-cased-100k_english,3642,train_incelsis(3642),dev_incelsis(780),test_fdb_500(500),17
3.0,0.8403614457831325,0.8017241379310345,0.8829113924050633,0.5211726384364821,0.7476635514018691,0.4,0.8281249999999999,0.7614942528735632,0.9075342465753424,incel-bert-base-multilingual-cased-100k_english,3642,train_incelsis(3642),dev_incelsis(780),test_fdb_500(500),17
4.0,0.853211009174312,0.8254437869822485,0.8829113924050633,0.47719298245614034,0.8,0.34,0.8432956381260097,0.7981651376146789,0.8938356164383562,incel-bert-base-multilingual-cased-100k_english,3642,train_incelsis(3642),dev_incelsis(780),test_fdb_500(500),17
