epoch,val_f1,val_prec,val_rec,test_f1,test_prec,test_rec,model,train_len,train_set(s),dev_set(s),test_set(s),run_id
1.0,0.8210862619808307,0.8290322580645161,0.8132911392405063,0.8100840336134453,0.7953795379537953,0.8253424657534246,roberta-base,3642,train_incelsis(3642),dev_incelsis(780),test_incelsis(781),0
2.0,0.8571428571428572,0.8328358208955224,0.8829113924050633,0.8278145695364238,0.8012820512820513,0.8561643835616438,roberta-base,3642,train_incelsis(3642),dev_incelsis(780),test_incelsis(781),0
3.0,0.8462757527733755,0.8476190476190476,0.8449367088607594,0.8350515463917526,0.8379310344827586,0.8321917808219178,roberta-base,3642,train_incelsis(3642),dev_incelsis(780),test_incelsis(781),0
4.0,0.8414442700156985,0.8348909657320872,0.8481012658227848,0.8404802744425386,0.8419243986254296,0.839041095890411,roberta-base,3642,train_incelsis(3642),dev_incelsis(780),test_incelsis(781),0
