epoch,val_f1,val_prec,val_rec,test_f1,test_prec,test_rec,model,train_len,train_set(s),dev_set(s),test_set(s),run_id
1.0,0.8219584569732938,0.7737430167597765,0.8765822784810127,0.8136645962732918,0.7443181818181818,0.8972602739726028,roberta-base,3642,train_incelsis(3642),dev_incelsis(780),test_incelsis(781),0
2.0,0.8438438438438438,0.8028571428571428,0.8892405063291139,0.8312101910828026,0.7767857142857143,0.8938356164383562,roberta-base,3642,train_incelsis(3642),dev_incelsis(780),test_incelsis(781),0
3.0,0.8485757121439281,0.8062678062678063,0.8955696202531646,0.8470209339774558,0.7993920972644377,0.9006849315068494,roberta-base,3642,train_incelsis(3642),dev_incelsis(780),test_incelsis(781),0
4.0,0.8584905660377359,0.853125,0.8639240506329114,0.8426395939086295,0.8327759197324415,0.8527397260273972,roberta-base,3642,train_incelsis(3642),dev_incelsis(780),test_incelsis(781),0
