epoch,val_f1,val_prec,val_rec,test_f1,test_prec,test_rec,model,train_len,train_set(s),dev_set(s),test_set(s),run_id
1.0,0.8249566724436741,0.9118773946360154,0.7531645569620253,0.11981566820276499,0.7647058823529411,0.065,incel-bert-base-multilingual-cased-10k_italian,3642,train_incelsis(3642),dev_incelsis(780),test_fdb_500(500),17
2.0,0.8465116279069769,0.8297872340425532,0.8639240506329114,0.3464566929133858,0.8148148148148148,0.22,incel-bert-base-multilingual-cased-10k_italian,3642,train_incelsis(3642),dev_incelsis(780),test_fdb_500(500),17
3.0,0.8367029548989113,0.8226299694189603,0.8512658227848101,0.4306569343065693,0.7972972972972973,0.295,incel-bert-base-multilingual-cased-10k_italian,3642,train_incelsis(3642),dev_incelsis(780),test_fdb_500(500),17
4.0,0.8430769230769232,0.8203592814371258,0.8670886075949367,0.44912280701754387,0.7529411764705882,0.32,incel-bert-base-multilingual-cased-10k_italian,3642,train_incelsis(3642),dev_incelsis(780),test_fdb_500(500),17
