epoch,val_f1,val_prec,val_rec,test_f1,test_prec,test_rec,model,train_len,train_set(s),dev_set(s),test_set(s),run_id
1.0,0.8456375838926175,0.9,0.7974683544303798,0.1801801801801802,0.9090909090909091,0.1,incel-bert-base-multilingual-cased-10k_italian,3642,train_incelsis(3642),dev_incelsis(780),test_fdb_500(500),17
2.0,0.8405365126676602,0.7943661971830986,0.8924050632911392,0.5165562913907285,0.7647058823529411,0.39,incel-bert-base-multilingual-cased-10k_italian,3642,train_incelsis(3642),dev_incelsis(780),test_fdb_500(500),17
3.0,0.8504672897196263,0.8374233128834356,0.8639240506329114,0.4775086505190311,0.7752808988764045,0.345,incel-bert-base-multilingual-cased-10k_italian,3642,train_incelsis(3642),dev_incelsis(780),test_fdb_500(500),17
4.0,0.8536585365853657,0.8235294117647058,0.8860759493670886,0.456140350877193,0.7647058823529411,0.325,incel-bert-base-multilingual-cased-10k_italian,3642,train_incelsis(3642),dev_incelsis(780),test_fdb_500(500),17
