epoch,val_f1,val_prec,val_rec,test_f1,test_prec,test_rec,test_incels_f1,test_incels_prec,test_incels_rec,model,train_len,train_set(s),dev_set(s),test_set(s),run_id
1.0,0.8228404099560761,0.7656675749318801,0.8892405063291139,0.4119850187265918,0.8208955223880597,0.275,0.8128834355828221,0.7361111111111112,0.9075342465753424,incel-bert-base-multilingual-cased-1000k_multi,3642,train_incelsis(3642),dev_incelsis(780),test_fdb_500(500),17
2.0,0.8597560975609756,0.8294117647058824,0.8924050632911392,0.4411764705882353,0.8333333333333334,0.3,0.8389154704944178,0.7850746268656716,0.9006849315068494,incel-bert-base-multilingual-cased-1000k_multi,3642,train_incelsis(3642),dev_incelsis(780),test_fdb_500(500),17
3.0,0.8544600938967135,0.8452012383900929,0.8639240506329114,0.37837837837837834,0.8305084745762712,0.245,0.858085808580858,0.8280254777070064,0.8904109589041096,incel-bert-base-multilingual-cased-1000k_multi,3642,train_incelsis(3642),dev_incelsis(780),test_fdb_500(500),17
4.0,0.8637770897832818,0.8454545454545455,0.8829113924050633,0.4444444444444444,0.8571428571428571,0.3,0.848780487804878,0.8080495356037152,0.8938356164383562,incel-bert-base-multilingual-cased-1000k_multi,3642,train_incelsis(3642),dev_incelsis(780),test_fdb_500(500),17
