epoch,val_f1,val_prec,val_rec,test_f1,test_prec,test_rec,model,train_len,train_set(s),dev_set(s),test_set(s),run_id
1.0,0.7958732498157701,0.7566557683325549,0.8393782383419689,0.6173469387755102,0.6302083333333334,0.605,incel-bert-base-multilingual-cased-1000k_multi,10384,"df_evalita20_train(4785)
df_ami20_train(3500)
df_evalita18facebook_train(2099)","df_evalita20_dev(2052)
df_ami20_dev(1500)
df_evalita18facebook_dev(900)",test_fdb_500(500),33
2.0,0.7796964939822082,0.7875264270613108,0.772020725388601,0.6208791208791208,0.6890243902439024,0.565,incel-bert-base-multilingual-cased-1000k_multi,10384,"df_evalita20_train(4785)
df_ami20_train(3500)
df_evalita18facebook_train(2099)","df_evalita20_dev(2052)
df_ami20_dev(1500)
df_evalita18facebook_dev(900)",test_fdb_500(500),33
3.0,0.7968206656731246,0.7652671755725191,0.8310880829015544,0.6553398058252428,0.6367924528301887,0.675,incel-bert-base-multilingual-cased-1000k_multi,10384,"df_evalita20_train(4785)
df_ami20_train(3500)
df_evalita18facebook_train(2099)","df_evalita20_dev(2052)
df_ami20_dev(1500)
df_evalita18facebook_dev(900)",test_fdb_500(500),33
4.0,0.7867050510337608,0.7948175568482284,0.7787564766839378,0.6246575342465753,0.6909090909090909,0.57,incel-bert-base-multilingual-cased-1000k_multi,10384,"df_evalita20_train(4785)
df_ami20_train(3500)
df_evalita18facebook_train(2099)","df_evalita20_dev(2052)
df_ami20_dev(1500)
df_evalita18facebook_dev(900)",test_fdb_500(500),33
5.0,0.7977642276422764,0.7826520438683948,0.8134715025906736,0.6368421052631579,0.6722222222222223,0.605,incel-bert-base-multilingual-cased-1000k_multi,10384,"df_evalita20_train(4785)
df_ami20_train(3500)
df_evalita18facebook_train(2099)","df_evalita20_dev(2052)
df_ami20_dev(1500)
df_evalita18facebook_dev(900)",test_fdb_500(500),33
