epoch,val_f1,val_prec,val_rec,test_f1,test_prec,test_rec,model,train_len,train_set(s),dev_set(s),test_set(s),run_id
1.0,0.7925665494726267,0.7690058479532164,0.8176165803108808,0.6417910447761194,0.6386138613861386,0.645,incel-bert-base-multilingual-cased-1000k_multi,10384,"df_evalita20_train(4785)
df_ami20_train(3500)
df_evalita18facebook_train(2099)","df_evalita20_dev(2052)
df_ami20_dev(1500)
df_evalita18facebook_dev(900)",test_fdb_500(500),33
2.0,0.7967355266513645,0.7845303867403315,0.8093264248704664,0.6599496221662469,0.6649746192893401,0.655,incel-bert-base-multilingual-cased-1000k_multi,10384,"df_evalita20_train(4785)
df_ami20_train(3500)
df_evalita18facebook_train(2099)","df_evalita20_dev(2052)
df_ami20_dev(1500)
df_evalita18facebook_dev(900)",test_fdb_500(500),33
3.0,0.8045748383888613,0.7734225621414914,0.8383419689119171,0.6310432569974554,0.6424870466321243,0.62,incel-bert-base-multilingual-cased-1000k_multi,10384,"df_evalita20_train(4785)
df_ami20_train(3500)
df_evalita18facebook_train(2099)","df_evalita20_dev(2052)
df_ami20_dev(1500)
df_evalita18facebook_dev(900)",test_fdb_500(500),33
4.0,0.7950279046169457,0.7788270377733598,0.8119170984455959,0.6381909547738693,0.6414141414141414,0.635,incel-bert-base-multilingual-cased-1000k_multi,10384,"df_evalita20_train(4785)
df_ami20_train(3500)
df_evalita18facebook_train(2099)","df_evalita20_dev(2052)
df_ami20_dev(1500)
df_evalita18facebook_dev(900)",test_fdb_500(500),33
5.0,0.7971421280939016,0.7853192559074912,0.8093264248704664,0.6329113924050633,0.6410256410256411,0.625,incel-bert-base-multilingual-cased-1000k_multi,10384,"df_evalita20_train(4785)
df_ami20_train(3500)
df_evalita18facebook_train(2099)","df_evalita20_dev(2052)
df_ami20_dev(1500)
df_evalita18facebook_dev(900)",test_fdb_500(500),33
