epoch,val_f1,val_prec,val_rec,test_f1,test_prec,test_rec,model,train_len,train_set(s),dev_set(s),test_set(s),run_id
1.0,0.8345534407027819,0.776566757493188,0.9018987341772152,0.6771929824561403,0.5216216216216216,0.965,incel-bert-base-multilingual-cased-1000k_multi,5741,"train_incelsis(3642)
df_evalita18facebook_train(2099)",dev_incelsis(780),test_fdb_500(500),34
2.0,0.8484848484848486,0.8553054662379421,0.8417721518987342,0.696461824953445,0.5548961424332344,0.935,incel-bert-base-multilingual-cased-1000k_multi,5741,"train_incelsis(3642)
df_evalita18facebook_train(2099)",dev_incelsis(780),test_fdb_500(500),34
3.0,0.8640776699029127,0.8841059602649006,0.8449367088607594,0.7103174603174603,0.5888157894736842,0.895,incel-bert-base-multilingual-cased-1000k_multi,5741,"train_incelsis(3642)
df_evalita18facebook_train(2099)",dev_incelsis(780),test_fdb_500(500),34
4.0,0.8599670510708403,0.8969072164948454,0.8259493670886076,0.728395061728395,0.6188811188811189,0.885,incel-bert-base-multilingual-cased-1000k_multi,5741,"train_incelsis(3642)
df_evalita18facebook_train(2099)",dev_incelsis(780),test_fdb_500(500),34
5.0,0.8675078864353312,0.8647798742138365,0.870253164556962,0.7052023121387284,0.5736677115987461,0.915,incel-bert-base-multilingual-cased-1000k_multi,5741,"train_incelsis(3642)
df_evalita18facebook_train(2099)",dev_incelsis(780),test_fdb_500(500),34
