epoch,val_f1,val_prec,val_rec,test_f1,test_prec,test_rec,model,train_len,train_set(s),dev_set(s),test_set(s),run_id
1.0,0.8641975308641975,0.8433734939759037,0.8860759493670886,0.6541554959785522,0.7052023121387283,0.61,incel-bert-base-multilingual-cased-1000k_multi,8427,"df_evalita20_train(4785)
train_incelsis(3642)",dev_incelsis(780),test_fdb_500(500),35
2.0,0.8391167192429022,0.8364779874213837,0.8417721518987342,0.6197916666666667,0.6467391304347826,0.595,incel-bert-base-multilingual-cased-1000k_multi,8427,"df_evalita20_train(4785)
train_incelsis(3642)",dev_incelsis(780),test_fdb_500(500),35
3.0,0.8646153846153847,0.8413173652694611,0.8892405063291139,0.6267029972752043,0.688622754491018,0.575,incel-bert-base-multilingual-cased-1000k_multi,8427,"df_evalita20_train(4785)
train_incelsis(3642)",dev_incelsis(780),test_fdb_500(500),35
4.0,0.8598425196850393,0.8557993730407524,0.8639240506329114,0.6557377049180328,0.7228915662650602,0.6,incel-bert-base-multilingual-cased-1000k_multi,8427,"df_evalita20_train(4785)
train_incelsis(3642)",dev_incelsis(780),test_fdb_500(500),35
5.0,0.858034321372855,0.8461538461538461,0.870253164556962,0.6577540106951871,0.7068965517241379,0.615,incel-bert-base-multilingual-cased-1000k_multi,8427,"df_evalita20_train(4785)
train_incelsis(3642)",dev_incelsis(780),test_fdb_500(500),35
