epoch,val_f1,val_prec,val_rec,test_f1,test_prec,test_rec,model,train_len,train_set(s),dev_set(s),test_set(s),run_id
1.0,0.8534201954397393,0.8791946308724832,0.8291139240506329,0.5590062111801243,0.7377049180327869,0.45,incel-bert-base-multilingual-cased-1000k_multi,8427,"df_evalita20_train(4785)
train_incelsis(3642)",dev_incelsis(780),test_fdb_500(500),35
2.0,0.8685015290519877,0.8402366863905325,0.8987341772151899,0.6162790697674418,0.7361111111111112,0.53,incel-bert-base-multilingual-cased-1000k_multi,8427,"df_evalita20_train(4785)
train_incelsis(3642)",dev_incelsis(780),test_fdb_500(500),35
3.0,0.8622366288492707,0.8837209302325582,0.8417721518987342,0.5668789808917197,0.7807017543859649,0.445,incel-bert-base-multilingual-cased-1000k_multi,8427,"df_evalita20_train(4785)
train_incelsis(3642)",dev_incelsis(780),test_fdb_500(500),35
4.0,0.8531684698608965,0.8338368580060423,0.8734177215189873,0.6285714285714286,0.7333333333333333,0.55,incel-bert-base-multilingual-cased-1000k_multi,8427,"df_evalita20_train(4785)
train_incelsis(3642)",dev_incelsis(780),test_fdb_500(500),35
5.0,0.849612403100775,0.8328267477203647,0.8670886075949367,0.6391184573002754,0.7116564417177914,0.58,incel-bert-base-multilingual-cased-1000k_multi,8427,"df_evalita20_train(4785)
train_incelsis(3642)",dev_incelsis(780),test_fdb_500(500),35
