epoch,val_f1,val_prec,val_rec,test_f1,test_prec,test_rec,model,train_len,train_set(s),dev_set(s),test_set(s),run_id
1.0,0.8459016393442622,0.8775510204081632,0.8164556962025317,0.625368731563422,0.762589928057554,0.53,incel-bert-base-multilingual-cased-1000k_multi,7142,"train_incelsis(3642)
df_ami20_train(3500)",dev_incelsis(780),test_fdb_500(500),36
2.0,0.8434108527131783,0.8267477203647416,0.8607594936708861,0.735,0.735,0.735,incel-bert-base-multilingual-cased-1000k_multi,7142,"train_incelsis(3642)
df_ami20_train(3500)",dev_incelsis(780),test_fdb_500(500),36
3.0,0.857142857142857,0.8414634146341463,0.8734177215189873,0.7212276214833758,0.7382198952879581,0.705,incel-bert-base-multilingual-cased-1000k_multi,7142,"train_incelsis(3642)
df_ami20_train(3500)",dev_incelsis(780),test_fdb_500(500),36
4.0,0.8523076923076923,0.8293413173652695,0.8765822784810127,0.7424242424242425,0.75,0.735,incel-bert-base-multilingual-cased-1000k_multi,7142,"train_incelsis(3642)
df_ami20_train(3500)",dev_incelsis(780),test_fdb_500(500),36
5.0,0.841091492776886,0.8534201954397395,0.8291139240506329,0.708108108108108,0.7705882352941177,0.655,incel-bert-base-multilingual-cased-1000k_multi,7142,"train_incelsis(3642)
df_ami20_train(3500)",dev_incelsis(780),test_fdb_500(500),36
