epoch,val_f1,val_prec,val_rec,test_f1,test_prec,test_rec,model,train_len,train_set(s),dev_set(s),test_set(s),run_id
1.0,0.8594507269789984,0.8778877887788779,0.8417721518987342,0.6743515850144092,0.7959183673469388,0.585,incel-bert-base-multilingual-cased-1000k_multi,7142,"train_incelsis(3642)
df_ami20_train(3500)",dev_incelsis(780),test_fdb_500(500),36
2.0,0.8580246913580247,0.8373493975903614,0.879746835443038,0.7116883116883117,0.7405405405405405,0.685,incel-bert-base-multilingual-cased-1000k_multi,7142,"train_incelsis(3642)
df_ami20_train(3500)",dev_incelsis(780),test_fdb_500(500),36
3.0,0.8503184713375795,0.8557692307692307,0.8449367088607594,0.6906077348066298,0.7716049382716049,0.625,incel-bert-base-multilingual-cased-1000k_multi,7142,"train_incelsis(3642)
df_ami20_train(3500)",dev_incelsis(780),test_fdb_500(500),36
4.0,0.8549382716049384,0.8343373493975904,0.8765822784810127,0.7378640776699028,0.7169811320754716,0.76,incel-bert-base-multilingual-cased-1000k_multi,7142,"train_incelsis(3642)
df_ami20_train(3500)",dev_incelsis(780),test_fdb_500(500),36
5.0,0.8571428571428571,0.8504672897196262,0.8639240506329114,0.7240506329113924,0.7333333333333333,0.715,incel-bert-base-multilingual-cased-1000k_multi,7142,"train_incelsis(3642)
df_ami20_train(3500)",dev_incelsis(780),test_fdb_500(500),36
