epoch,val_f1,val_prec,val_rec,test_f1,test_prec,test_rec,model,train_len,train_set(s),dev_set(s),test_set(s),run_id
1.0,0.8654781199351702,0.8870431893687708,0.8449367088607594,0.6552706552706553,0.7615894039735099,0.575,incel-bert-base-multilingual-cased-1000k_multi,7142,"train_incelsis(3642)
df_ami20_train(3500)",dev_incelsis(780),test_fdb_500(500),36
2.0,0.8554033485540334,0.8240469208211144,0.8892405063291139,0.6771653543307087,0.712707182320442,0.645,incel-bert-base-multilingual-cased-1000k_multi,7142,"train_incelsis(3642)
df_ami20_train(3500)",dev_incelsis(780),test_fdb_500(500),36
3.0,0.8571428571428572,0.8245614035087719,0.8924050632911392,0.710997442455243,0.7277486910994765,0.695,incel-bert-base-multilingual-cased-1000k_multi,7142,"train_incelsis(3642)
df_ami20_train(3500)",dev_incelsis(780),test_fdb_500(500),36
4.0,0.8553846153846154,0.8323353293413174,0.879746835443038,0.7456790123456789,0.7365853658536585,0.755,incel-bert-base-multilingual-cased-1000k_multi,7142,"train_incelsis(3642)
df_ami20_train(3500)",dev_incelsis(780),test_fdb_500(500),36
5.0,0.8452012383900929,0.8272727272727273,0.8639240506329114,0.7532467532467533,0.7837837837837838,0.725,incel-bert-base-multilingual-cased-1000k_multi,7142,"train_incelsis(3642)
df_ami20_train(3500)",dev_incelsis(780),test_fdb_500(500),36
