epoch,val_f1,val_prec,val_rec,test_f1,test_prec,test_rec,model,train_len,train_set(s),dev_set(s),test_set(s),run_id
1.0,0.8566978193146417,0.843558282208589,0.870253164556962,0.681592039800995,0.6782178217821783,0.685,incel-bert-base-multilingual-cased-1000k_multi,9241,"train_incelsis(3642)
df_ami20_train(3500)
df_evalita18facebook_train(2099)",dev_incelsis(780),test_fdb_500(500),38
2.0,0.8468468468468469,0.8057142857142857,0.8924050632911392,0.7243460764587526,0.6060606060606061,0.9,incel-bert-base-multilingual-cased-1000k_multi,9241,"train_incelsis(3642)
df_ami20_train(3500)
df_evalita18facebook_train(2099)",dev_incelsis(780),test_fdb_500(500),38
3.0,0.8509316770186336,0.8353658536585366,0.8670886075949367,0.701123595505618,0.636734693877551,0.78,incel-bert-base-multilingual-cased-1000k_multi,9241,"train_incelsis(3642)
df_ami20_train(3500)
df_evalita18facebook_train(2099)",dev_incelsis(780),test_fdb_500(500),38
4.0,0.8585055643879174,0.8626198083067093,0.8544303797468354,0.6966824644549763,0.6621621621621622,0.735,incel-bert-base-multilingual-cased-1000k_multi,9241,"train_incelsis(3642)
df_ami20_train(3500)
df_evalita18facebook_train(2099)",dev_incelsis(780),test_fdb_500(500),38
5.0,0.8589743589743589,0.8701298701298701,0.8481012658227848,0.6873508353221957,0.6575342465753424,0.72,incel-bert-base-multilingual-cased-1000k_multi,9241,"train_incelsis(3642)
df_ami20_train(3500)
df_evalita18facebook_train(2099)",dev_incelsis(780),test_fdb_500(500),38
