epoch,val_f1,val_prec,val_rec,test_f1,test_prec,test_rec,model,train_len,train_set(s),dev_set(s),test_set(s),run_id
1.0,0.8620689655172414,0.8540372670807453,0.870253164556962,0.48591549295774644,0.8214285714285714,0.345,incel-bert-base-multilingual-cased-1000k_multi,11927,"df_evalita20_train(4785)
train_incelsis(3642)
df_ami20_train(3500)",dev_incelsis(780),test_fdb_500(500),39
2.0,0.851963746223565,0.815028901734104,0.8924050632911392,0.708108108108108,0.7705882352941177,0.655,incel-bert-base-multilingual-cased-1000k_multi,11927,"df_evalita20_train(4785)
train_incelsis(3642)
df_ami20_train(3500)",dev_incelsis(780),test_fdb_500(500),39
3.0,0.8562500000000001,0.845679012345679,0.8670886075949367,0.5970149253731343,0.7407407407407407,0.5,incel-bert-base-multilingual-cased-1000k_multi,11927,"df_evalita20_train(4785)
train_incelsis(3642)
df_ami20_train(3500)",dev_incelsis(780),test_fdb_500(500),39
4.0,0.862559241706161,0.861198738170347,0.8639240506329114,0.6666666666666666,0.6956521739130435,0.64,incel-bert-base-multilingual-cased-1000k_multi,11927,"df_evalita20_train(4785)
train_incelsis(3642)
df_ami20_train(3500)",dev_incelsis(780),test_fdb_500(500),39
5.0,0.861244019138756,0.8681672025723473,0.8544303797468354,0.6363636363636364,0.7368421052631579,0.56,incel-bert-base-multilingual-cased-1000k_multi,11927,"df_evalita20_train(4785)
train_incelsis(3642)
df_ami20_train(3500)",dev_incelsis(780),test_fdb_500(500),39
