epoch,val_f1,val_prec,val_rec,test_f1,test_prec,test_rec,model,train_len,train_set(s),dev_set(s),test_set(s),run_id
1.0,0.843558282208589,0.8184523809523809,0.870253164556962,0.668354430379747,0.676923076923077,0.66,incel-bert-base-multilingual-cased-1000k_multi,11927,"df_evalita20_train(4785)
train_incelsis(3642)
df_ami20_train(3500)",dev_incelsis(780),test_fdb_500(500),39
2.0,0.8273716951788492,0.8134556574923547,0.8417721518987342,0.722488038277512,0.6926605504587156,0.755,incel-bert-base-multilingual-cased-1000k_multi,11927,"df_evalita20_train(4785)
train_incelsis(3642)
df_ami20_train(3500)",dev_incelsis(780),test_fdb_500(500),39
3.0,0.8372093023255814,0.8811188811188811,0.7974683544303798,0.5802469135802469,0.7580645161290323,0.47,incel-bert-base-multilingual-cased-1000k_multi,11927,"df_evalita20_train(4785)
train_incelsis(3642)
df_ami20_train(3500)",dev_incelsis(780),test_fdb_500(500),39
4.0,0.8447999999999999,0.8543689320388349,0.8354430379746836,0.5970149253731343,0.7407407407407407,0.5,incel-bert-base-multilingual-cased-1000k_multi,11927,"df_evalita20_train(4785)
train_incelsis(3642)
df_ami20_train(3500)",dev_incelsis(780),test_fdb_500(500),39
5.0,0.8416,0.8511326860841424,0.8322784810126582,0.6312849162011173,0.7151898734177216,0.565,incel-bert-base-multilingual-cased-1000k_multi,11927,"df_evalita20_train(4785)
train_incelsis(3642)
df_ami20_train(3500)",dev_incelsis(780),test_fdb_500(500),39
