epoch,val_f1,val_prec,val_rec,test_f1,test_prec,test_rec,model,train_len,train_set(s),dev_set(s),test_set(s),run_id
1.0,0.8488745980707396,0.8627450980392157,0.8354430379746836,0.673972602739726,0.7454545454545455,0.615,incel-bert-base-multilingual-cased-1000k_multi,11927,"df_evalita20_train(4785)
train_incelsis(3642)
df_ami20_train(3500)",dev_incelsis(780),test_fdb_500(500),39
2.0,0.8516746411483254,0.8585209003215434,0.8449367088607594,0.6555555555555554,0.7375,0.59,incel-bert-base-multilingual-cased-1000k_multi,11927,"df_evalita20_train(4785)
train_incelsis(3642)
df_ami20_train(3500)",dev_incelsis(780),test_fdb_500(500),39
3.0,0.8434108527131783,0.8267477203647416,0.8607594936708861,0.6462395543175486,0.7295597484276729,0.58,incel-bert-base-multilingual-cased-1000k_multi,11927,"df_evalita20_train(4785)
train_incelsis(3642)
df_ami20_train(3500)",dev_incelsis(780),test_fdb_500(500),39
4.0,0.8427672955974843,0.8375,0.8481012658227848,0.663157894736842,0.7,0.63,incel-bert-base-multilingual-cased-1000k_multi,11927,"df_evalita20_train(4785)
train_incelsis(3642)
df_ami20_train(3500)",dev_incelsis(780),test_fdb_500(500),39
5.0,0.8493589743589742,0.8603896103896104,0.8386075949367089,0.6486486486486486,0.7058823529411765,0.6,incel-bert-base-multilingual-cased-1000k_multi,11927,"df_evalita20_train(4785)
train_incelsis(3642)
df_ami20_train(3500)",dev_incelsis(780),test_fdb_500(500),39
