epoch,val_f1,val_prec,val_rec,test_f1,test_prec,test_rec,model,train_len,train_set(s),dev_set(s),test_set(s),run_id
1.0,0.8400597907324364,0.7960339943342776,0.8892405063291139,0.7085427135678393,0.7121212121212122,0.705,incel-bert-base-multilingual-cased-1000k_multi,11927,"df_evalita20_train(4785)
train_incelsis(3642)
df_ami20_train(3500)",dev_incelsis(780),test_fdb_500(500),39
2.0,0.8348348348348349,0.7942857142857143,0.879746835443038,0.7117117117117118,0.6475409836065574,0.79,incel-bert-base-multilingual-cased-1000k_multi,11927,"df_evalita20_train(4785)
train_incelsis(3642)
df_ami20_train(3500)",dev_incelsis(780),test_fdb_500(500),39
3.0,0.8442367601246106,0.8312883435582822,0.8575949367088608,0.6053412462908012,0.7445255474452555,0.51,incel-bert-base-multilingual-cased-1000k_multi,11927,"df_evalita20_train(4785)
train_incelsis(3642)
df_ami20_train(3500)",dev_incelsis(780),test_fdb_500(500),39
4.0,0.8432601880877741,0.8354037267080745,0.8512658227848101,0.664864864864865,0.7235294117647059,0.615,incel-bert-base-multilingual-cased-1000k_multi,11927,"df_evalita20_train(4785)
train_incelsis(3642)
df_ami20_train(3500)",dev_incelsis(780),test_fdb_500(500),39
5.0,0.8470209339774558,0.8622950819672132,0.8322784810126582,0.6480446927374302,0.7341772151898734,0.58,incel-bert-base-multilingual-cased-1000k_multi,11927,"df_evalita20_train(4785)
train_incelsis(3642)
df_ami20_train(3500)",dev_incelsis(780),test_fdb_500(500),39
