epoch,val_f1,val_prec,val_rec,test_f1,test_prec,test_rec,model,train_len,train_set(s),dev_set(s),test_set(s),run_id
1.0,0.8619119878603946,0.8279883381924198,0.8987341772151899,0.6726862302483071,0.6131687242798354,0.745,incel-bert-base-multilingual-cased-1000k_multi,14026,"df_evalita20_train(4785)
train_incelsis(3642)
df_ami20_train(3500)
df_evalita18facebook_train(2099)",dev_incelsis(780),test_fdb_500(500),40
2.0,0.8537005163511187,0.9358490566037736,0.7848101265822784,0.608187134502924,0.7323943661971831,0.52,incel-bert-base-multilingual-cased-1000k_multi,14026,"df_evalita20_train(4785)
train_incelsis(3642)
df_ami20_train(3500)
df_evalita18facebook_train(2099)",dev_incelsis(780),test_fdb_500(500),40
3.0,0.8566775244299675,0.8825503355704698,0.8322784810126582,0.6630434782608696,0.7261904761904762,0.61,incel-bert-base-multilingual-cased-1000k_multi,14026,"df_evalita20_train(4785)
train_incelsis(3642)
df_ami20_train(3500)
df_evalita18facebook_train(2099)",dev_incelsis(780),test_fdb_500(500),40
4.0,0.8697017268445839,0.8629283489096573,0.8765822784810127,0.6541554959785522,0.7052023121387283,0.61,incel-bert-base-multilingual-cased-1000k_multi,14026,"df_evalita20_train(4785)
train_incelsis(3642)
df_ami20_train(3500)
df_evalita18facebook_train(2099)",dev_incelsis(780),test_fdb_500(500),40
5.0,0.8721109399075502,0.8498498498498499,0.8955696202531646,0.7135922330097088,0.6933962264150944,0.735,incel-bert-base-multilingual-cased-1000k_multi,14026,"df_evalita20_train(4785)
train_incelsis(3642)
df_ami20_train(3500)
df_evalita18facebook_train(2099)",dev_incelsis(780),test_fdb_500(500),40
