epoch,val_f1,val_prec,val_rec,test_f1,test_prec,test_rec,model,train_len,train_set(s),dev_set(s),test_set(s),run_id
1.0,0.8651315789473685,0.9006849315068494,0.8322784810126582,0.6835443037974683,0.6923076923076923,0.675,incel-bert-base-multilingual-cased-1000k_multi,14026,"df_evalita20_train(4785)
train_incelsis(3642)
df_ami20_train(3500)
df_evalita18facebook_train(2099)",dev_incelsis(780),test_fdb_500(500),40
2.0,0.8424543946932006,0.8850174216027874,0.8037974683544303,0.5126582278481012,0.6982758620689655,0.405,incel-bert-base-multilingual-cased-1000k_multi,14026,"df_evalita20_train(4785)
train_incelsis(3642)
df_ami20_train(3500)
df_evalita18facebook_train(2099)",dev_incelsis(780),test_fdb_500(500),40
3.0,0.8608837970540099,0.8915254237288136,0.8322784810126582,0.6847290640394088,0.6747572815533981,0.695,incel-bert-base-multilingual-cased-1000k_multi,14026,"df_evalita20_train(4785)
train_incelsis(3642)
df_ami20_train(3500)
df_evalita18facebook_train(2099)",dev_incelsis(780),test_fdb_500(500),40
4.0,0.8634222919937204,0.8566978193146417,0.870253164556962,0.70076726342711,0.7172774869109948,0.685,incel-bert-base-multilingual-cased-1000k_multi,14026,"df_evalita20_train(4785)
train_incelsis(3642)
df_ami20_train(3500)
df_evalita18facebook_train(2099)",dev_incelsis(780),test_fdb_500(500),40
5.0,0.8657187993680885,0.8643533123028391,0.8670886075949367,0.6989795918367347,0.7135416666666666,0.685,incel-bert-base-multilingual-cased-1000k_multi,14026,"df_evalita20_train(4785)
train_incelsis(3642)
df_ami20_train(3500)
df_evalita18facebook_train(2099)",dev_incelsis(780),test_fdb_500(500),40
