epoch,val_f1,val_prec,val_rec,test_f1,test_prec,test_rec,model,train_len,train_set(s),dev_set(s),test_set(s),run_id
1.0,0.8486956521739131,0.9420849420849421,0.7721518987341772,0.5320512820512819,0.7410714285714286,0.415,incel-bert-base-multilingual-cased-1000k_multi,14026,"df_evalita20_train(4785)
train_incelsis(3642)
df_ami20_train(3500)
df_evalita18facebook_train(2099)",dev_incelsis(780),test_fdb_500(500),40
2.0,0.8741935483870968,0.8914473684210527,0.8575949367088608,0.7071240105540898,0.7486033519553073,0.67,incel-bert-base-multilingual-cased-1000k_multi,14026,"df_evalita20_train(4785)
train_incelsis(3642)
df_ami20_train(3500)
df_evalita18facebook_train(2099)",dev_incelsis(780),test_fdb_500(500),40
3.0,0.8760330578512395,0.916955017301038,0.8386075949367089,0.7085427135678393,0.7121212121212122,0.705,incel-bert-base-multilingual-cased-1000k_multi,14026,"df_evalita20_train(4785)
train_incelsis(3642)
df_ami20_train(3500)
df_evalita18facebook_train(2099)",dev_incelsis(780),test_fdb_500(500),40
4.0,0.8649468892261002,0.8309037900874635,0.9018987341772152,0.7030878859857481,0.669683257918552,0.74,incel-bert-base-multilingual-cased-1000k_multi,14026,"df_evalita20_train(4785)
train_incelsis(3642)
df_ami20_train(3500)
df_evalita18facebook_train(2099)",dev_incelsis(780),test_fdb_500(500),40
5.0,0.8688783570300157,0.8675078864353313,0.870253164556962,0.6867167919799498,0.6884422110552764,0.685,incel-bert-base-multilingual-cased-1000k_multi,14026,"df_evalita20_train(4785)
train_incelsis(3642)
df_ami20_train(3500)
df_evalita18facebook_train(2099)",dev_incelsis(780),test_fdb_500(500),40
