epoch,val_f1,val_prec,val_rec,test_f1,test_prec,test_rec,model,train_len,train_set(s),dev_set(s),test_set(s),run_id
1.0,0.8294392523364487,0.8068181818181818,0.8533653846153846,0.6749555950266429,0.5234159779614325,0.95,bert_uncased_L-12_H-768_A-12_italian_alb3rt0,2100,df_evalita18facebook_train(2100),df_evalita18facebook_dev(900),test_fdb_500(500),27
2.0,0.8320526893523601,0.7656565656565657,0.9110576923076923,0.6655172413793103,0.5078947368421053,0.965,bert_uncased_L-12_H-768_A-12_italian_alb3rt0,2100,df_evalita18facebook_train(2100),df_evalita18facebook_dev(900),test_fdb_500(500),27
3.0,0.828870779976717,0.8036117381489842,0.8557692307692307,0.6950092421441775,0.5513196480938416,0.94,bert_uncased_L-12_H-768_A-12_italian_alb3rt0,2100,df_evalita18facebook_train(2100),df_evalita18facebook_dev(900),test_fdb_500(500),27
4.0,0.8342989571263036,0.8053691275167785,0.8653846153846154,0.6849816849816849,0.5404624277456648,0.935,bert_uncased_L-12_H-768_A-12_italian_alb3rt0,2100,df_evalita18facebook_train(2100),df_evalita18facebook_dev(900),test_fdb_500(500),27
5.0,0.8284023668639053,0.8158508158508159,0.8413461538461539,0.6967984934086628,0.5589123867069486,0.925,bert_uncased_L-12_H-768_A-12_italian_alb3rt0,2100,df_evalita18facebook_train(2100),df_evalita18facebook_dev(900),test_fdb_500(500),27
