epoch,val_f1,val_prec,val_rec,test_f1,test_prec,test_rec,model,train_len,train_set(s),dev_set(s),test_set(s),run_id
1.0,0.8242424242424242,0.8312958435207825,0.8173076923076923,0.6774774774774774,0.5295774647887324,0.94,bert_uncased_L-12_H-768_A-12_italian_alb3rt0,2100,df_evalita18facebook_train(2100),df_evalita18facebook_dev(900),test_fdb_500(500),27
2.0,0.8286038592508513,0.7849462365591398,0.8774038461538461,0.6813186813186815,0.5375722543352601,0.93,bert_uncased_L-12_H-768_A-12_italian_alb3rt0,2100,df_evalita18facebook_train(2100),df_evalita18facebook_dev(900),test_fdb_500(500),27
3.0,0.8321995464852607,0.7875536480686696,0.8822115384615384,0.6826568265682658,0.5409356725146199,0.925,bert_uncased_L-12_H-768_A-12_italian_alb3rt0,2100,df_evalita18facebook_train(2100),df_evalita18facebook_dev(900),test_fdb_500(500),27
4.0,0.8281622911694511,0.8222748815165877,0.8341346153846154,0.6966292134831461,0.5568862275449101,0.93,bert_uncased_L-12_H-768_A-12_italian_alb3rt0,2100,df_evalita18facebook_train(2100),df_evalita18facebook_dev(900),test_fdb_500(500),27
5.0,0.8297362110311751,0.8277511961722488,0.8317307692307693,0.7036328871892925,0.5696594427244582,0.92,bert_uncased_L-12_H-768_A-12_italian_alb3rt0,2100,df_evalita18facebook_train(2100),df_evalita18facebook_dev(900),test_fdb_500(500),27
