epoch,val_f1,val_prec,val_rec,test_f1,test_prec,test_rec,model,train_len,train_set(s),dev_set(s),test_set(s),run_id
1.0,0.8304093567251463,0.8086560364464692,0.8533653846153846,0.6701754385964912,0.5162162162162162,0.955,bert_uncased_L-12_H-768_A-12_italian_alb3rt0,2100,df_evalita18facebook_train(2100),df_evalita18facebook_dev(900),test_fdb_500(500),27
2.0,0.8288888888888889,0.7706611570247934,0.8966346153846154,0.6701208981001727,0.5118733509234829,0.97,bert_uncased_L-12_H-768_A-12_italian_alb3rt0,2100,df_evalita18facebook_train(2100),df_evalita18facebook_dev(900),test_fdb_500(500),27
3.0,0.8255416191562144,0.7852494577006508,0.8701923076923077,0.6899082568807338,0.5449275362318841,0.94,bert_uncased_L-12_H-768_A-12_italian_alb3rt0,2100,df_evalita18facebook_train(2100),df_evalita18facebook_dev(900),test_fdb_500(500),27
4.0,0.835138387484958,0.8361445783132531,0.8341346153846154,0.6992481203007518,0.5602409638554217,0.93,bert_uncased_L-12_H-768_A-12_italian_alb3rt0,2100,df_evalita18facebook_train(2100),df_evalita18facebook_dev(900),test_fdb_500(500),27
5.0,0.830367734282325,0.819672131147541,0.8413461538461539,0.7005649717514123,0.5619335347432024,0.93,bert_uncased_L-12_H-768_A-12_italian_alb3rt0,2100,df_evalita18facebook_train(2100),df_evalita18facebook_dev(900),test_fdb_500(500),27
