epoch,val_f1,val_prec,val_rec,test_f1,test_prec,test_rec,model,train_len,train_set(s),dev_set(s),test_set(s),run_id
1.0,0.729064039408867,0.7237163814180929,0.7344913151364765,0.3829787234042553,0.6585365853658537,0.27,bert_uncased_L-12_H-768_A-12_italian_alb3rt0,4785,df_evalita20_train(4785),df_evalita20_dev(2052),test_fdb_500(500),28
2.0,0.7469026548672566,0.7120359955005624,0.7853598014888338,0.48888888888888893,0.6695652173913044,0.385,bert_uncased_L-12_H-768_A-12_italian_alb3rt0,4785,df_evalita20_train(4785),df_evalita20_dev(2052),test_fdb_500(500),28
3.0,0.7416666666666666,0.7128146453089245,0.7729528535980149,0.38434163701067614,0.6666666666666666,0.27,bert_uncased_L-12_H-768_A-12_italian_alb3rt0,4785,df_evalita20_train(4785),df_evalita20_dev(2052),test_fdb_500(500),28
4.0,0.7384435342305443,0.698781838316722,0.78287841191067,0.43918918918918914,0.6770833333333334,0.325,bert_uncased_L-12_H-768_A-12_italian_alb3rt0,4785,df_evalita20_train(4785),df_evalita20_dev(2052),test_fdb_500(500),28
5.0,0.7298747763864043,0.7026406429391504,0.7593052109181141,0.41638225255972694,0.6559139784946236,0.305,bert_uncased_L-12_H-768_A-12_italian_alb3rt0,4785,df_evalita20_train(4785),df_evalita20_dev(2052),test_fdb_500(500),28
