epoch,val_f1,val_prec,val_rec,test_f1,test_prec,test_rec,model,train_len,train_set(s),dev_set(s),test_set(s),run_id
1.0,0.8774355751099936,0.8060046189376443,0.9627586206896551,0.6209150326797386,0.46116504854368934,0.95,bert_uncased_L-12_H-768_A-12_italian_alb3rt0,3500,df_ami20_train(3500),df_ami20_dev(1500),test_fdb_500(500),29
2.0,0.9099276791584485,0.8693467336683417,0.9544827586206897,0.6411483253588517,0.6146788990825688,0.67,bert_uncased_L-12_H-768_A-12_italian_alb3rt0,3500,df_ami20_train(3500),df_ami20_dev(1500),test_fdb_500(500),29
3.0,0.9077540106951871,0.880674448767834,0.9365517241379311,0.6461538461538461,0.6631578947368421,0.63,bert_uncased_L-12_H-768_A-12_italian_alb3rt0,3500,df_ami20_train(3500),df_ami20_dev(1500),test_fdb_500(500),29
4.0,0.9084880636604775,0.8748403575989783,0.9448275862068966,0.6555819477434679,0.6244343891402715,0.69,bert_uncased_L-12_H-768_A-12_italian_alb3rt0,3500,df_ami20_train(3500),df_ami20_dev(1500),test_fdb_500(500),29
5.0,0.9131313131313131,0.8921052631578947,0.9351724137931035,0.6683417085427136,0.6717171717171717,0.665,bert_uncased_L-12_H-768_A-12_italian_alb3rt0,3500,df_ami20_train(3500),df_ami20_dev(1500),test_fdb_500(500),29
