epoch,val_f1,val_prec,val_rec,test_f1,test_prec,test_rec,model,train_len,train_set(s),dev_set(s),test_set(s),run_id
1.0,0.887459807073955,0.8313253012048193,0.9517241379310345,0.5847953216374269,0.4792332268370607,0.75,bert_uncased_L-12_H-768_A-12_italian_alb3rt0,3500,df_ami20_train(3500),df_ami20_dev(1500),test_fdb_500(500),29
2.0,0.90520694259012,0.8771021992238034,0.9351724137931035,0.510752688172043,0.5523255813953488,0.475,bert_uncased_L-12_H-768_A-12_italian_alb3rt0,3500,df_ami20_train(3500),df_ami20_dev(1500),test_fdb_500(500),29
3.0,0.8968363136176067,0.8943758573388203,0.8993103448275862,0.4537313432835821,0.562962962962963,0.38,bert_uncased_L-12_H-768_A-12_italian_alb3rt0,3500,df_ami20_train(3500),df_ami20_dev(1500),test_fdb_500(500),29
4.0,0.9115103127079174,0.8804627249357326,0.9448275862068966,0.5873417721518986,0.5948717948717949,0.58,bert_uncased_L-12_H-768_A-12_italian_alb3rt0,3500,df_ami20_train(3500),df_ami20_dev(1500),test_fdb_500(500),29
5.0,0.9095816464237517,0.8903566710700133,0.9296551724137931,0.5894736842105264,0.6222222222222222,0.56,bert_uncased_L-12_H-768_A-12_italian_alb3rt0,3500,df_ami20_train(3500),df_ami20_dev(1500),test_fdb_500(500),29
