epoch,val_f1,val_prec,val_rec,test_f1,test_prec,test_rec,model,train_len,train_set(s),dev_set(s),test_set(s),run_id
1.0,0.8884590586718246,0.8341404358353511,0.9503448275862069,0.6192307692307694,0.503125,0.805,bert_uncased_L-12_H-768_A-12_italian_alb3rt0,3500,df_ami20_train(3500),df_ami20_dev(1500),test_fdb_500(500),29
2.0,0.8999328408327736,0.8769633507853403,0.9241379310344827,0.5429362880886427,0.6086956521739131,0.49,bert_uncased_L-12_H-768_A-12_italian_alb3rt0,3500,df_ami20_train(3500),df_ami20_dev(1500),test_fdb_500(500),29
3.0,0.9087301587301587,0.8729351969504447,0.9475862068965517,0.6053268765133173,0.5868544600938967,0.625,bert_uncased_L-12_H-768_A-12_italian_alb3rt0,3500,df_ami20_train(3500),df_ami20_dev(1500),test_fdb_500(500),29
4.0,0.9090909090909091,0.8701134930643127,0.9517241379310345,0.6177215189873418,0.6256410256410256,0.61,bert_uncased_L-12_H-768_A-12_italian_alb3rt0,3500,df_ami20_train(3500),df_ami20_dev(1500),test_fdb_500(500),29
5.0,0.9077441077441077,0.8868421052631579,0.9296551724137931,0.5962059620596206,0.650887573964497,0.55,bert_uncased_L-12_H-768_A-12_italian_alb3rt0,3500,df_ami20_train(3500),df_ami20_dev(1500),test_fdb_500(500),29
