epoch,val_f1,val_prec,val_rec,test_f1,test_prec,test_rec,model,train_len,train_set(s),dev_set(s),test_set(s),run_id
1.0,0.8075639599555061,0.7515527950310559,0.8725961538461539,0.6749555950266429,0.5234159779614325,0.95,incel-bert_uncased_L-12_H-768_A-12_italian_alb3rt0-627k_italian,2100,df_evalita18facebook_train(2100),df_evalita18facebook_dev(900),test_fdb_500(500),27
2.0,0.8352402745995424,0.7969432314410481,0.8774038461538461,0.6982922201138521,0.5626911314984709,0.92,incel-bert_uncased_L-12_H-768_A-12_italian_alb3rt0-627k_italian,2100,df_evalita18facebook_train(2100),df_evalita18facebook_dev(900),test_fdb_500(500),27
3.0,0.8368298368298368,0.8122171945701357,0.8629807692307693,0.6964980544747081,0.5700636942675159,0.895,incel-bert_uncased_L-12_H-768_A-12_italian_alb3rt0-627k_italian,2100,df_evalita18facebook_train(2100),df_evalita18facebook_dev(900),test_fdb_500(500),27
4.0,0.8392434988179668,0.8255813953488372,0.8533653846153846,0.7066115702479339,0.602112676056338,0.855,incel-bert_uncased_L-12_H-768_A-12_italian_alb3rt0-627k_italian,2100,df_evalita18facebook_train(2100),df_evalita18facebook_dev(900),test_fdb_500(500),27
5.0,0.8343409915356711,0.8394160583941606,0.8293269230769231,0.7058823529411766,0.6086956521739131,0.84,incel-bert_uncased_L-12_H-768_A-12_italian_alb3rt0-627k_italian,2100,df_evalita18facebook_train(2100),df_evalita18facebook_dev(900),test_fdb_500(500),27
