epoch,val_f1,val_prec,val_rec,test_f1,test_prec,test_rec,model,train_len,train_set(s),dev_set(s),test_set(s),run_id
1.0,0.8111731843575419,0.7578288100208769,0.8725961538461539,0.6761565836298933,0.5248618784530387,0.95,incel-bert_uncased_L-12_H-768_A-12_italian_alb3rt0-627k_italian,2100,df_evalita18facebook_train(2100),df_evalita18facebook_dev(900),test_fdb_500(500),27
2.0,0.833906071019473,0.7964989059080962,0.875,0.688715953307393,0.5636942675159236,0.885,incel-bert_uncased_L-12_H-768_A-12_italian_alb3rt0-627k_italian,2100,df_evalita18facebook_train(2100),df_evalita18facebook_dev(900),test_fdb_500(500),27
3.0,0.8346456692913387,0.7843551797040169,0.8918269230769231,0.6893939393939394,0.5548780487804879,0.91,incel-bert_uncased_L-12_H-768_A-12_italian_alb3rt0-627k_italian,2100,df_evalita18facebook_train(2100),df_evalita18facebook_dev(900),test_fdb_500(500),27
4.0,0.8319623971797884,0.8137931034482758,0.8509615384615384,0.709278350515464,0.6035087719298246,0.86,incel-bert_uncased_L-12_H-768_A-12_italian_alb3rt0-627k_italian,2100,df_evalita18facebook_train(2100),df_evalita18facebook_dev(900),test_fdb_500(500),27
5.0,0.8290909090909091,0.8361858190709046,0.8221153846153846,0.7091295116772824,0.6162361623616236,0.835,incel-bert_uncased_L-12_H-768_A-12_italian_alb3rt0-627k_italian,2100,df_evalita18facebook_train(2100),df_evalita18facebook_dev(900),test_fdb_500(500),27
