epoch,val_f1,val_prec,val_rec,test_f1,test_prec,test_rec,model,train_len,train_set(s),dev_set(s),test_set(s),run_id
1.0,0.8053993250843646,0.7568710359408034,0.8605769230769231,0.6666666666666666,0.5120643431635389,0.955,incel-bert_uncased_L-12_H-768_A-12_italian_alb3rt0-627k_italian,2100,df_evalita18facebook_train(2100),df_evalita18facebook_dev(900),test_fdb_500(500),27
2.0,0.8363636363636363,0.7931034482758621,0.8846153846153846,0.6904315196998123,0.5525525525525525,0.92,incel-bert_uncased_L-12_H-768_A-12_italian_alb3rt0-627k_italian,2100,df_evalita18facebook_train(2100),df_evalita18facebook_dev(900),test_fdb_500(500),27
3.0,0.8314350797266514,0.79004329004329,0.8774038461538461,0.6895238095238095,0.556923076923077,0.905,incel-bert_uncased_L-12_H-768_A-12_italian_alb3rt0-627k_italian,2100,df_evalita18facebook_train(2100),df_evalita18facebook_dev(900),test_fdb_500(500),27
4.0,0.8349056603773584,0.8194444444444444,0.8509615384615384,0.7014028056112225,0.5852842809364549,0.875,incel-bert_uncased_L-12_H-768_A-12_italian_alb3rt0-627k_italian,2100,df_evalita18facebook_train(2100),df_evalita18facebook_dev(900),test_fdb_500(500),27
5.0,0.825242718446602,0.8333333333333334,0.8173076923076923,0.7102040816326531,0.6,0.87,incel-bert_uncased_L-12_H-768_A-12_italian_alb3rt0-627k_italian,2100,df_evalita18facebook_train(2100),df_evalita18facebook_dev(900),test_fdb_500(500),27
