epoch,val_f1,val_prec,val_rec,test_f1,test_prec,test_rec,model,train_len,train_set(s),dev_set(s),test_set(s),run_id
1.0,0.7281323877068557,0.6952595936794582,0.7642679900744417,0.48253968253968244,0.6608695652173913,0.38,incel-bert_uncased_L-12_H-768_A-12_italian_alb3rt0-627k_italian,4785,df_evalita20_train(4785),df_evalita20_dev(2052),test_fdb_500(500),28
2.0,0.7339449541284404,0.7237635705669482,0.7444168734491315,0.4529616724738676,0.7471264367816092,0.325,incel-bert_uncased_L-12_H-768_A-12_italian_alb3rt0-627k_italian,4785,df_evalita20_train(4785),df_evalita20_dev(2052),test_fdb_500(500),28
3.0,0.7482837528604118,0.6942675159235668,0.8114143920595533,0.5107692307692309,0.664,0.415,incel-bert_uncased_L-12_H-768_A-12_italian_alb3rt0-627k_italian,4785,df_evalita20_train(4785),df_evalita20_dev(2052),test_fdb_500(500),28
4.0,0.7316219369894983,0.6905286343612335,0.7779156327543424,0.47284345047923326,0.6548672566371682,0.37,incel-bert_uncased_L-12_H-768_A-12_italian_alb3rt0-627k_italian,4785,df_evalita20_train(4785),df_evalita20_dev(2052),test_fdb_500(500),28
5.0,0.7354466858789627,0.6867599569429494,0.7915632754342432,0.47770700636942676,0.6578947368421053,0.375,incel-bert_uncased_L-12_H-768_A-12_italian_alb3rt0-627k_italian,4785,df_evalita20_train(4785),df_evalita20_dev(2052),test_fdb_500(500),28
