epoch,val_f1,val_prec,val_rec,test_f1,test_prec,test_rec,model,train_len,train_set(s),dev_set(s),test_set(s),run_id
1.0,0.733998825601879,0.6967670011148273,0.7754342431761787,0.5198776758409785,0.6692913385826772,0.425,incel-bert_uncased_L-12_H-768_A-12_italian_alb3rt0-627k_italian,4785,df_evalita20_train(4785),df_evalita20_dev(2052),test_fdb_500(500),28
2.0,0.7396271797955501,0.7176196032672112,0.7630272952853598,0.47297297297297297,0.7291666666666666,0.35,incel-bert_uncased_L-12_H-768_A-12_italian_alb3rt0-627k_italian,4785,df_evalita20_train(4785),df_evalita20_dev(2052),test_fdb_500(500),28
3.0,0.7399770904925543,0.6872340425531915,0.8014888337468983,0.5706051873198847,0.673469387755102,0.495,incel-bert_uncased_L-12_H-768_A-12_italian_alb3rt0-627k_italian,4785,df_evalita20_train(4785),df_evalita20_dev(2052),test_fdb_500(500),28
4.0,0.7324766355140188,0.6920529801324503,0.7779156327543424,0.5459940652818991,0.6715328467153284,0.46,incel-bert_uncased_L-12_H-768_A-12_italian_alb3rt0-627k_italian,4785,df_evalita20_train(4785),df_evalita20_dev(2052),test_fdb_500(500),28
5.0,0.7324766355140188,0.6920529801324503,0.7779156327543424,0.5272727272727273,0.6692307692307692,0.435,incel-bert_uncased_L-12_H-768_A-12_italian_alb3rt0-627k_italian,4785,df_evalita20_train(4785),df_evalita20_dev(2052),test_fdb_500(500),28
