epoch,val_f1,val_prec,val_rec,test_f1,test_prec,test_rec,model,train_len,train_set(s),dev_set(s),test_set(s),run_id
1.0,0.7241172950329144,0.6994219653179191,0.750620347394541,0.5308641975308642,0.6935483870967742,0.43,incel-bert_uncased_L-12_H-768_A-12_italian_alb3rt0-627k_italian,4785,df_evalita20_train(4785),df_evalita20_dev(2052),test_fdb_500(500),28
2.0,0.7395459976105137,0.7131336405529954,0.7679900744416873,0.5501618122977345,0.7798165137614679,0.425,incel-bert_uncased_L-12_H-768_A-12_italian_alb3rt0-627k_italian,4785,df_evalita20_train(4785),df_evalita20_dev(2052),test_fdb_500(500),28
3.0,0.7443997702469844,0.6930481283422459,0.8039702233250621,0.5395894428152493,0.6524822695035462,0.46,incel-bert_uncased_L-12_H-768_A-12_italian_alb3rt0-627k_italian,4785,df_evalita20_train(4785),df_evalita20_dev(2052),test_fdb_500(500),28
4.0,0.7341176470588234,0.697986577181208,0.7741935483870968,0.5415384615384615,0.704,0.44,incel-bert_uncased_L-12_H-768_A-12_italian_alb3rt0-627k_italian,4785,df_evalita20_train(4785),df_evalita20_dev(2052),test_fdb_500(500),28
5.0,0.7293710328909405,0.6817691477885652,0.7841191066997518,0.5386996904024768,0.7073170731707317,0.435,incel-bert_uncased_L-12_H-768_A-12_italian_alb3rt0-627k_italian,4785,df_evalita20_train(4785),df_evalita20_dev(2052),test_fdb_500(500),28
