epoch,val_f1,val_prec,val_rec,test_f1,test_prec,test_rec,model,train_len,train_set(s),dev_set(s),test_set(s),run_id
1.0,0.7336089781453041,0.7001127395715896,0.7704714640198511,0.5542168674698795,0.696969696969697,0.46,incel-bert_uncased_L-12_H-768_A-12_italian_alb3rt0-627k_italian,4785,df_evalita20_train(4785),df_evalita20_dev(2052),test_fdb_500(500),28
2.0,0.7432198499711483,0.6947141316073355,0.7990074441687345,0.5958702064896756,0.7266187050359713,0.505,incel-bert_uncased_L-12_H-768_A-12_italian_alb3rt0-627k_italian,4785,df_evalita20_train(4785),df_evalita20_dev(2052),test_fdb_500(500),28
3.0,0.7394766780432309,0.6827731092436975,0.8064516129032258,0.5698005698005698,0.6622516556291391,0.5,incel-bert_uncased_L-12_H-768_A-12_italian_alb3rt0-627k_italian,4785,df_evalita20_train(4785),df_evalita20_dev(2052),test_fdb_500(500),28
4.0,0.7332185886402754,0.6819637139807898,0.792803970223325,0.582857142857143,0.68,0.51,incel-bert_uncased_L-12_H-768_A-12_italian_alb3rt0-627k_italian,4785,df_evalita20_train(4785),df_evalita20_dev(2052),test_fdb_500(500),28
5.0,0.724824355971897,0.6862527716186253,0.7679900744416873,0.5476190476190477,0.6764705882352942,0.46,incel-bert_uncased_L-12_H-768_A-12_italian_alb3rt0-627k_italian,4785,df_evalita20_train(4785),df_evalita20_dev(2052),test_fdb_500(500),28
