epoch,val_f1,val_prec,val_rec,test_f1,test_prec,test_rec,model,train_len,train_set(s),dev_set(s),test_set(s),run_id
1.0,0.9036065573770491,0.86125,0.9503448275862069,0.6419213973799126,0.5697674418604651,0.735,incel-bert_uncased_L-12_H-768_A-12_italian_alb3rt0-627k_italian,3500,df_ami20_train(3500),df_ami20_dev(1500),test_fdb_500(500),29
2.0,0.9121621621621622,0.8940397350993378,0.9310344827586207,0.5128205128205129,0.7142857142857143,0.4,incel-bert_uncased_L-12_H-768_A-12_italian_alb3rt0-627k_italian,3500,df_ami20_train(3500),df_ami20_dev(1500),test_fdb_500(500),29
3.0,0.910702113156101,0.9002695417789758,0.9213793103448276,0.6204986149584488,0.6956521739130435,0.56,incel-bert_uncased_L-12_H-768_A-12_italian_alb3rt0-627k_italian,3500,df_ami20_train(3500),df_ami20_dev(1500),test_fdb_500(500),29
4.0,0.9142091152815013,0.8891786179921773,0.9406896551724138,0.6350974930362117,0.7169811320754716,0.57,incel-bert_uncased_L-12_H-768_A-12_italian_alb3rt0-627k_italian,3500,df_ami20_train(3500),df_ami20_dev(1500),test_fdb_500(500),29
5.0,0.9172320217096337,0.9025367156208278,0.9324137931034483,0.5899705014749262,0.7194244604316546,0.5,incel-bert_uncased_L-12_H-768_A-12_italian_alb3rt0-627k_italian,3500,df_ami20_train(3500),df_ami20_dev(1500),test_fdb_500(500),29
