epoch,val_f1,val_prec,val_rec,test_f1,test_prec,test_rec,model,train_len,train_set(s),dev_set(s),test_set(s),run_id
1.0,0.8961038961038961,0.8466257668711656,0.9517241379310345,0.6450216450216449,0.5687022900763359,0.745,incel-bert_uncased_L-12_H-768_A-12_italian_alb3rt0-627k_italian,3500,df_ami20_train(3500),df_ami20_dev(1500),test_fdb_500(500),29
2.0,0.9078498293515358,0.8986486486486487,0.9172413793103448,0.5259938837920489,0.6771653543307087,0.43,incel-bert_uncased_L-12_H-768_A-12_italian_alb3rt0-627k_italian,3500,df_ami20_train(3500),df_ami20_dev(1500),test_fdb_500(500),29
3.0,0.9110658520027156,0.8970588235294118,0.9255172413793104,0.5885714285714286,0.6866666666666666,0.515,incel-bert_uncased_L-12_H-768_A-12_italian_alb3rt0-627k_italian,3500,df_ami20_train(3500),df_ami20_dev(1500),test_fdb_500(500),29
4.0,0.9092131809011432,0.8871391076115486,0.9324137931034483,0.6118980169971672,0.7058823529411765,0.54,incel-bert_uncased_L-12_H-768_A-12_italian_alb3rt0-627k_italian,3500,df_ami20_train(3500),df_ami20_dev(1500),test_fdb_500(500),29
5.0,0.9130434782608696,0.8995983935742972,0.926896551724138,0.6057142857142856,0.7066666666666667,0.53,incel-bert_uncased_L-12_H-768_A-12_italian_alb3rt0-627k_italian,3500,df_ami20_train(3500),df_ami20_dev(1500),test_fdb_500(500),29
