epoch,val_f1,val_prec,val_rec,test_f1,test_prec,test_rec,model,train_len,train_set(s),dev_set(s),test_set(s),run_id
1.0,0.821566110397946,0.8421052631578947,0.8020050125313283,0.6994106090373281,0.5760517799352751,0.89,umberto-commoncrawl-cased-v1,2099,df_evalita18facebook_train(2099),df_evalita18facebook_dev(900),test_fdb_500(500),27
2.0,0.848341232227488,0.8044943820224719,0.8972431077694235,0.6775956284153006,0.5329512893982808,0.93,umberto-commoncrawl-cased-v1,2099,df_evalita18facebook_train(2099),df_evalita18facebook_dev(900),test_fdb_500(500),27
3.0,0.8507638072855465,0.8008849557522124,0.9072681704260651,0.6714542190305207,0.5238095238095238,0.935,umberto-commoncrawl-cased-v1,2099,df_evalita18facebook_train(2099),df_evalita18facebook_dev(900),test_fdb_500(500),27
4.0,0.8581907090464548,0.837708830548926,0.8796992481203008,0.6939571150097464,0.5686900958466453,0.89,umberto-commoncrawl-cased-v1,2099,df_evalita18facebook_train(2099),df_evalita18facebook_dev(900),test_fdb_500(500),27
5.0,0.8581997533908754,0.8446601941747572,0.8721804511278195,0.7096774193548386,0.5945945945945946,0.88,umberto-commoncrawl-cased-v1,2099,df_evalita18facebook_train(2099),df_evalita18facebook_dev(900),test_fdb_500(500),27
