epoch,val_f1,val_prec,val_rec,test_f1,test_prec,test_rec,model,train_len,train_set(s),dev_set(s),test_set(s),run_id
1.0,0.8236744759556104,0.8106796116504854,0.8370927318295739,0.6829268292682926,0.5465465465465466,0.91,umberto-commoncrawl-cased-v1,2099,df_evalita18facebook_train(2099),df_evalita18facebook_dev(900),test_fdb_500(500),27
2.0,0.8511685116851168,0.8357487922705314,0.8671679197994987,0.6866791744840525,0.5495495495495496,0.915,umberto-commoncrawl-cased-v1,2099,df_evalita18facebook_train(2099),df_evalita18facebook_dev(900),test_fdb_500(500),27
3.0,0.858173076923077,0.8244803695150116,0.8947368421052632,0.6751824817518248,0.5316091954022989,0.925,umberto-commoncrawl-cased-v1,2099,df_evalita18facebook_train(2099),df_evalita18facebook_dev(900),test_fdb_500(500),27
4.0,0.8543451652386781,0.8349282296650717,0.87468671679198,0.6818181818181819,0.5487804878048781,0.9,umberto-commoncrawl-cased-v1,2099,df_evalita18facebook_train(2099),df_evalita18facebook_dev(900),test_fdb_500(500),27
5.0,0.8578553615960098,0.8535980148883374,0.8621553884711779,0.6980392156862745,0.5741935483870968,0.89,umberto-commoncrawl-cased-v1,2099,df_evalita18facebook_train(2099),df_evalita18facebook_dev(900),test_fdb_500(500),27
