epoch,val_f1,val_prec,val_rec,test_f1,test_prec,test_rec,model,train_len,train_set(s),dev_set(s),test_set(s),run_id
1.0,0.7495642068564788,0.7049180327868853,0.8002481389578163,0.6263736263736263,0.6951219512195121,0.57,umberto-commoncrawl-cased-v1,4785,df_evalita20_train(4785),df_evalita20_dev(2052),test_fdb_500(500),28
2.0,0.7373674360573924,0.7415307402760352,0.7332506203473945,0.366412213740458,0.7741935483870968,0.24,umberto-commoncrawl-cased-v1,4785,df_evalita20_train(4785),df_evalita20_dev(2052),test_fdb_500(500),28
3.0,0.7534883720930232,0.7089715536105032,0.8039702233250621,0.5061728395061729,0.6612903225806451,0.41,umberto-commoncrawl-cased-v1,4785,df_evalita20_train(4785),df_evalita20_dev(2052),test_fdb_500(500),28
4.0,0.7521865889212828,0.7095709570957096,0.8002481389578163,0.4097222222222222,0.6704545454545454,0.295,umberto-commoncrawl-cased-v1,4785,df_evalita20_train(4785),df_evalita20_dev(2052),test_fdb_500(500),28
5.0,0.74802671523983,0.7324613555291319,0.7642679900744417,0.3481481481481481,0.6714285714285714,0.235,umberto-commoncrawl-cased-v1,4785,df_evalita20_train(4785),df_evalita20_dev(2052),test_fdb_500(500),28
