epoch,val_f1,val_prec,val_rec,test_f1,test_prec,test_rec,model,train_len,train_set(s),dev_set(s),test_set(s),run_id
1.0,0.7399999999999999,0.703579418344519,0.7803970223325062,0.6256684491978609,0.6724137931034483,0.585,umberto-commoncrawl-cased-v1,4785,df_evalita20_train(4785),df_evalita20_dev(2052),test_fdb_500(500),28
2.0,0.739102969046115,0.752895752895753,0.7258064516129032,0.48135593220338974,0.7473684210526316,0.355,umberto-commoncrawl-cased-v1,4785,df_evalita20_train(4785),df_evalita20_dev(2052),test_fdb_500(500),28
3.0,0.7518710420264825,0.7013963480128894,0.8101736972704715,0.565597667638484,0.6783216783216783,0.485,umberto-commoncrawl-cased-v1,4785,df_evalita20_train(4785),df_evalita20_dev(2052),test_fdb_500(500),28
4.0,0.7602070155261643,0.7084673097534834,0.8200992555831266,0.5246913580246914,0.6854838709677419,0.425,umberto-commoncrawl-cased-v1,4785,df_evalita20_train(4785),df_evalita20_dev(2052),test_fdb_500(500),28
5.0,0.7537993920972644,0.7389749702026222,0.7692307692307693,0.44594594594594594,0.6875,0.33,umberto-commoncrawl-cased-v1,4785,df_evalita20_train(4785),df_evalita20_dev(2052),test_fdb_500(500),28
