epoch,val_f1,val_prec,val_rec,test_f1,test_prec,test_rec,model,train_len,train_set(s),dev_set(s),test_set(s),run_id
1.0,0.8847736625514403,0.8799454297407913,0.8896551724137931,0.47477744807121663,0.583941605839416,0.4,umberto-commoncrawl-cased-v1,3500,df_ami20_train(3500),df_ami20_dev(1500),test_fdb_500(500),29
2.0,0.9057873485868102,0.8843626806833115,0.9282758620689655,0.4424242424242424,0.5615384615384615,0.365,umberto-commoncrawl-cased-v1,3500,df_ami20_train(3500),df_ami20_dev(1500),test_fdb_500(500),29
3.0,0.9077441077441077,0.8868421052631579,0.9296551724137931,0.6121372031662268,0.6480446927374302,0.58,umberto-commoncrawl-cased-v1,3500,df_ami20_train(3500),df_ami20_dev(1500),test_fdb_500(500),29
4.0,0.9205479452054794,0.9142857142857143,0.926896551724138,0.5944444444444446,0.66875,0.535,umberto-commoncrawl-cased-v1,3500,df_ami20_train(3500),df_ami20_dev(1500),test_fdb_500(500),29
5.0,0.9166110740493661,0.8875968992248062,0.9475862068965517,0.6483790523690773,0.6467661691542289,0.65,umberto-commoncrawl-cased-v1,3500,df_ami20_train(3500),df_ami20_dev(1500),test_fdb_500(500),29
