epoch,val_f1,val_prec,val_rec,test_f1,test_prec,test_rec,model,train_len,train_set(s),dev_set(s),test_set(s),run_id
1.0,0.8656716417910447,0.8929618768328446,0.84,0.3098591549295775,0.5238095238095238,0.22,umberto-commoncrawl-cased-v1,3500,df_ami20_train(3500),df_ami20_dev(1500),test_fdb_500(500),29
2.0,0.8962655601659753,0.8987517337031901,0.8937931034482759,0.32996632996632996,0.5051546391752577,0.245,umberto-commoncrawl-cased-v1,3500,df_ami20_train(3500),df_ami20_dev(1500),test_fdb_500(500),29
3.0,0.9097080787508487,0.8957219251336899,0.9241379310344827,0.5155807365439095,0.5947712418300654,0.455,umberto-commoncrawl-cased-v1,3500,df_ami20_train(3500),df_ami20_dev(1500),test_fdb_500(500),29
4.0,0.9105691056910571,0.8948069241011984,0.926896551724138,0.5580110497237569,0.6234567901234568,0.505,umberto-commoncrawl-cased-v1,3500,df_ami20_train(3500),df_ami20_dev(1500),test_fdb_500(500),29
5.0,0.9100671140939597,0.8862745098039215,0.9351724137931035,0.6109660574412532,0.639344262295082,0.585,umberto-commoncrawl-cased-v1,3500,df_ami20_train(3500),df_ami20_dev(1500),test_fdb_500(500),29
