epoch,val_f1,val_prec,val_rec,test_f1,test_prec,test_rec,model,train_len,train_set(s),dev_set(s),test_set(s),run_id
1.0,0.8701206529453513,0.8961988304093568,0.8455172413793104,0.32394366197183105,0.5476190476190477,0.23,umberto-commoncrawl-cased-v1,3500,df_ami20_train(3500),df_ami20_dev(1500),test_fdb_500(500),29
2.0,0.9090909090909091,0.8881578947368421,0.9310344827586207,0.45871559633027525,0.5905511811023622,0.375,umberto-commoncrawl-cased-v1,3500,df_ami20_train(3500),df_ami20_dev(1500),test_fdb_500(500),29
3.0,0.9094594594594594,0.8913907284768212,0.9282758620689655,0.5973333333333334,0.64,0.56,umberto-commoncrawl-cased-v1,3500,df_ami20_train(3500),df_ami20_dev(1500),test_fdb_500(500),29
4.0,0.9119453924914676,0.9027027027027027,0.9213793103448276,0.5397727272727272,0.625,0.475,umberto-commoncrawl-cased-v1,3500,df_ami20_train(3500),df_ami20_dev(1500),test_fdb_500(500),29
5.0,0.913364674278039,0.8900523560209425,0.9379310344827586,0.5984251968503936,0.6298342541436464,0.57,umberto-commoncrawl-cased-v1,3500,df_ami20_train(3500),df_ami20_dev(1500),test_fdb_500(500),29
