epoch,val_f1,val_prec,val_rec,test_f1,test_prec,test_rec,model,train_len,train_set(s),dev_set(s),test_set(s),run_id
1.0,0.8884381338742393,0.8713527851458885,0.9062068965517242,0.5028571428571429,0.5866666666666667,0.44,umberto-commoncrawl-cased-v1,3500,df_ami20_train(3500),df_ami20_dev(1500),test_fdb_500(500),29
2.0,0.9078860172299537,0.8737244897959183,0.9448275862068966,0.5641025641025641,0.5789473684210527,0.55,umberto-commoncrawl-cased-v1,3500,df_ami20_train(3500),df_ami20_dev(1500),test_fdb_500(500),29
3.0,0.9110367892976589,0.8844155844155844,0.9393103448275862,0.6467661691542289,0.6435643564356436,0.65,umberto-commoncrawl-cased-v1,3500,df_ami20_train(3500),df_ami20_dev(1500),test_fdb_500(500),29
4.0,0.9133333333333333,0.8838709677419355,0.9448275862068966,0.6091370558375634,0.6185567010309279,0.6,umberto-commoncrawl-cased-v1,3500,df_ami20_train(3500),df_ami20_dev(1500),test_fdb_500(500),29
5.0,0.9127248500999334,0.8827319587628866,0.9448275862068966,0.6439024390243901,0.6285714285714286,0.66,umberto-commoncrawl-cased-v1,3500,df_ami20_train(3500),df_ami20_dev(1500),test_fdb_500(500),29
