epoch,val_f1,val_prec,val_rec,test_f1,test_prec,test_rec,model,train_len,train_set(s),dev_set(s),test_set(s),run_id
1.0,0.7592440427280198,0.7518307567127747,0.7668049792531121,0.691358024691358,0.5874125874125874,0.84,umberto-commoncrawl-cased-v1,6884,"df_evalita20_train(4785)
df_evalita18facebook_train(2099)","df_evalita20_dev(2052)
df_evalita18facebook_dev(900)",test_fdb_500(500),30
2.0,0.7794632438739789,0.7335285505124451,0.8315352697095436,0.7025948103792415,0.584717607973422,0.88,umberto-commoncrawl-cased-v1,6884,"df_evalita20_train(4785)
df_evalita18facebook_train(2099)","df_evalita20_dev(2052)
df_evalita18facebook_dev(900)",test_fdb_500(500),30
3.0,0.7829298317603611,0.7743506493506493,0.791701244813278,0.6606334841628959,0.6033057851239669,0.73,umberto-commoncrawl-cased-v1,6884,"df_evalita20_train(4785)
df_evalita18facebook_train(2099)","df_evalita20_dev(2052)
df_evalita18facebook_dev(900)",test_fdb_500(500),30
4.0,0.7814251401120896,0.7548337200309359,0.8099585062240664,0.6822033898305084,0.5919117647058824,0.805,umberto-commoncrawl-cased-v1,6884,"df_evalita20_train(4785)
df_evalita18facebook_train(2099)","df_evalita20_dev(2052)
df_evalita18facebook_dev(900)",test_fdb_500(500),30
5.0,0.7843456991439055,0.7708333333333334,0.7983402489626557,0.6809421841541756,0.5955056179775281,0.795,umberto-commoncrawl-cased-v1,6884,"df_evalita20_train(4785)
df_evalita18facebook_train(2099)","df_evalita20_dev(2052)
df_evalita18facebook_dev(900)",test_fdb_500(500),30
