epoch,val_f1,val_prec,val_rec,test_f1,test_prec,test_rec,model,train_len,train_set(s),dev_set(s),test_set(s),run_id
1.0,0.8060295790671216,0.7138539042821158,0.9255388634879164,0.7124463519313304,0.6240601503759399,0.83,umberto-commoncrawl-cased-v1,8285,"df_evalita20_train(4785)
df_ami20_train(3500)","df_evalita20_dev(2052)
df_ami20_dev(1500)",test_fdb_500(500),32
2.0,0.8161405792385291,0.8132295719844358,0.8190725016329197,0.5755813953488372,0.6875,0.495,umberto-commoncrawl-cased-v1,8285,"df_evalita20_train(4785)
df_ami20_train(3500)","df_evalita20_dev(2052)
df_ami20_dev(1500)",test_fdb_500(500),32
3.0,0.8241143567433188,0.7860106698280972,0.8661005878510777,0.5795454545454546,0.6710526315789473,0.51,umberto-commoncrawl-cased-v1,8285,"df_evalita20_train(4785)
df_ami20_train(3500)","df_evalita20_dev(2052)
df_ami20_dev(1500)",test_fdb_500(500),32
4.0,0.8285987871050112,0.8102372034956304,0.8478118876551274,0.6206896551724138,0.6610169491525424,0.585,umberto-commoncrawl-cased-v1,8285,"df_evalita20_train(4785)
df_ami20_train(3500)","df_evalita20_dev(2052)
df_ami20_dev(1500)",test_fdb_500(500),32
5.0,0.8276539973787681,0.8303747534516766,0.8249510124101894,0.5795454545454546,0.6710526315789473,0.51,umberto-commoncrawl-cased-v1,8285,"df_evalita20_train(4785)
df_ami20_train(3500)","df_evalita20_dev(2052)
df_ami20_dev(1500)",test_fdb_500(500),32
