epoch,val_f1,val_prec,val_rec,test_f1,test_prec,test_rec,model,train_len,train_set(s),dev_set(s),test_set(s),run_id
1.0,0.8145114101813926,0.7376788553259142,0.9092096668843893,0.7064676616915423,0.7029702970297029,0.71,umberto-commoncrawl-cased-v1,8285,"df_evalita20_train(4785)
df_ami20_train(3500)","df_evalita20_dev(2052)
df_ami20_dev(1500)",test_fdb_500(500),32
2.0,0.8307984790874524,0.8067692307692308,0.8563030698889614,0.5808383233532934,0.7238805970149254,0.485,umberto-commoncrawl-cased-v1,8285,"df_evalita20_train(4785)
df_ami20_train(3500)","df_evalita20_dev(2052)
df_ami20_dev(1500)",test_fdb_500(500),32
3.0,0.8270390352269121,0.804320987654321,0.8510777269758328,0.6096866096866097,0.7086092715231788,0.535,umberto-commoncrawl-cased-v1,8285,"df_evalita20_train(4785)
df_ami20_train(3500)","df_evalita20_dev(2052)
df_ami20_dev(1500)",test_fdb_500(500),32
4.0,0.8215794605134872,0.8175937904269082,0.8256041802743305,0.6256983240223464,0.7088607594936709,0.56,umberto-commoncrawl-cased-v1,8285,"df_evalita20_train(4785)
df_ami20_train(3500)","df_evalita20_dev(2052)
df_ami20_dev(1500)",test_fdb_500(500),32
5.0,0.826170622193714,0.8115942028985508,0.8412802090137165,0.5949008498583569,0.6862745098039216,0.525,umberto-commoncrawl-cased-v1,8285,"df_evalita20_train(4785)
df_ami20_train(3500)","df_evalita20_dev(2052)
df_ami20_dev(1500)",test_fdb_500(500),32
