epoch,val_f1,val_prec,val_rec,test_f1,test_prec,test_rec,model,train_len,train_set(s),dev_set(s),test_set(s),run_id
1.0,0.8159763313609467,0.7458085451595458,0.9007184846505552,0.7182044887780548,0.7164179104477612,0.72,umberto-commoncrawl-cased-v1,8285,"df_evalita20_train(4785)
df_ami20_train(3500)","df_evalita20_dev(2052)
df_ami20_dev(1500)",test_fdb_500(500),32
2.0,0.8215931533903884,0.8281353682813537,0.8151534944480732,0.5714285714285714,0.782608695652174,0.45,umberto-commoncrawl-cased-v1,8285,"df_evalita20_train(4785)
df_ami20_train(3500)","df_evalita20_dev(2052)
df_ami20_dev(1500)",test_fdb_500(500),32
3.0,0.8309119010819165,0.7887323943661971,0.8778576094056172,0.6420454545454545,0.743421052631579,0.565,umberto-commoncrawl-cased-v1,8285,"df_evalita20_train(4785)
df_ami20_train(3500)","df_evalita20_dev(2052)
df_ami20_dev(1500)",test_fdb_500(500),32
4.0,0.8208955223880596,0.8156028368794326,0.8262573481384716,0.6210826210826211,0.7218543046357616,0.545,umberto-commoncrawl-cased-v1,8285,"df_evalita20_train(4785)
df_ami20_train(3500)","df_evalita20_dev(2052)
df_ami20_dev(1500)",test_fdb_500(500),32
5.0,0.826861871419478,0.8063314711359404,0.8484650555192684,0.6131805157593124,0.7181208053691275,0.535,umberto-commoncrawl-cased-v1,8285,"df_evalita20_train(4785)
df_ami20_train(3500)","df_evalita20_dev(2052)
df_ami20_dev(1500)",test_fdb_500(500),32
