epoch,val_f1,val_prec,val_rec,test_f1,test_prec,test_rec,model,train_len,train_set(s),dev_set(s),test_set(s),run_id
1.0,0.8135990621336459,0.7379053694843168,0.9065969954278249,0.7136150234741785,0.672566371681416,0.76,umberto-commoncrawl-cased-v1,8285,"df_evalita20_train(4785)
df_ami20_train(3500)","df_evalita20_dev(2052)
df_ami20_dev(1500)",test_fdb_500(500),32
2.0,0.8245954692556634,0.8171905067350866,0.8321358589157414,0.5636363636363637,0.7153846153846154,0.465,umberto-commoncrawl-cased-v1,8285,"df_evalita20_train(4785)
df_ami20_train(3500)","df_evalita20_dev(2052)
df_ami20_dev(1500)",test_fdb_500(500),32
3.0,0.8315029808597428,0.8001207729468599,0.8654474199869366,0.6051873198847262,0.7142857142857143,0.525,umberto-commoncrawl-cased-v1,8285,"df_evalita20_train(4785)
df_ami20_train(3500)","df_evalita20_dev(2052)
df_ami20_dev(1500)",test_fdb_500(500),32
4.0,0.827384815055159,0.8220502901353965,0.8327890267798824,0.5892351274787535,0.6797385620915033,0.52,umberto-commoncrawl-cased-v1,8285,"df_evalita20_train(4785)
df_ami20_train(3500)","df_evalita20_dev(2052)
df_ami20_dev(1500)",test_fdb_500(500),32
5.0,0.827652733118971,0.8150728309056364,0.8406270411495754,0.5795454545454546,0.6710526315789473,0.51,umberto-commoncrawl-cased-v1,8285,"df_evalita20_train(4785)
df_ami20_train(3500)","df_evalita20_dev(2052)
df_ami20_dev(1500)",test_fdb_500(500),32
