epoch,val_f1,val_prec,val_rec,test_f1,test_prec,test_rec,model,train_len,train_set(s),dev_set(s),test_set(s),run_id
1.0,0.8180894308943089,0.80259222333001,0.8341968911917098,0.6778042959427206,0.6484018264840182,0.71,umberto-commoncrawl-cased-v1,10384,"df_evalita20_train(4785)
df_ami20_train(3500)
df_evalita18facebook_train(2099)","df_evalita20_dev(2052)
df_ami20_dev(1500)
df_evalita18facebook_dev(900)",test_fdb_500(500),33
2.0,0.8033191298497421,0.708185053380783,0.927979274611399,0.7087576374745417,0.5979381443298969,0.87,umberto-commoncrawl-cased-v1,10384,"df_evalita20_train(4785)
df_ami20_train(3500)
df_evalita18facebook_train(2099)","df_evalita20_dev(2052)
df_ami20_dev(1500)
df_evalita18facebook_dev(900)",test_fdb_500(500),33
3.0,0.8232348522784175,0.7965116279069767,0.8518134715025907,0.7146171693735499,0.6666666666666666,0.77,umberto-commoncrawl-cased-v1,10384,"df_evalita20_train(4785)
df_ami20_train(3500)
df_evalita18facebook_train(2099)","df_evalita20_dev(2052)
df_ami20_dev(1500)
df_evalita18facebook_dev(900)",test_fdb_500(500),33
4.0,0.8193515182707154,0.8139059304703476,0.8248704663212435,0.6945812807881774,0.6844660194174758,0.705,umberto-commoncrawl-cased-v1,10384,"df_evalita20_train(4785)
df_ami20_train(3500)
df_evalita18facebook_train(2099)","df_evalita20_dev(2052)
df_ami20_dev(1500)
df_evalita18facebook_dev(900)",test_fdb_500(500),33
5.0,0.8195221148957804,0.8043912175648703,0.8352331606217617,0.6831683168316831,0.6764705882352942,0.69,umberto-commoncrawl-cased-v1,10384,"df_evalita20_train(4785)
df_ami20_train(3500)
df_evalita18facebook_train(2099)","df_evalita20_dev(2052)
df_ami20_dev(1500)
df_evalita18facebook_dev(900)",test_fdb_500(500),33
