epoch,val_f1,val_prec,val_rec,test_f1,test_prec,test_rec,model,train_len,train_set(s),dev_set(s),test_set(s),run_id
1.0,0.8173493975903613,0.7639639639639639,0.8787564766839379,0.7064017660044151,0.6324110671936759,0.8,umberto-commoncrawl-cased-v1,10384,"df_evalita20_train(4785)
df_ami20_train(3500)
df_evalita18facebook_train(2099)","df_evalita20_dev(2052)
df_ami20_dev(1500)
df_evalita18facebook_dev(900)",test_fdb_500(500),33
2.0,0.821917808219178,0.7784986098239111,0.8704663212435233,0.7264770240700219,0.6459143968871596,0.83,umberto-commoncrawl-cased-v1,10384,"df_evalita20_train(4785)
df_ami20_train(3500)
df_evalita18facebook_train(2099)","df_evalita20_dev(2052)
df_ami20_dev(1500)
df_evalita18facebook_dev(900)",test_fdb_500(500),33
3.0,0.8211444701052091,0.813421453990849,0.8290155440414507,0.6917293233082705,0.6934673366834171,0.69,umberto-commoncrawl-cased-v1,10384,"df_evalita20_train(4785)
df_ami20_train(3500)
df_evalita18facebook_train(2099)","df_evalita20_dev(2052)
df_ami20_dev(1500)
df_evalita18facebook_dev(900)",test_fdb_500(500),33
4.0,0.8206809583858764,0.7995085995085995,0.8430051813471503,0.7142857142857142,0.6451612903225806,0.8,umberto-commoncrawl-cased-v1,10384,"df_evalita20_train(4785)
df_ami20_train(3500)
df_evalita18facebook_train(2099)","df_evalita20_dev(2052)
df_ami20_dev(1500)
df_evalita18facebook_dev(900)",test_fdb_500(500),33
5.0,0.8180428134556574,0.804914744232698,0.8316062176165803,0.6988505747126437,0.6468085106382979,0.76,umberto-commoncrawl-cased-v1,10384,"df_evalita20_train(4785)
df_ami20_train(3500)
df_evalita18facebook_train(2099)","df_evalita20_dev(2052)
df_ami20_dev(1500)
df_evalita18facebook_dev(900)",test_fdb_500(500),33
