epoch,val_f1,val_prec,val_rec,test_f1,test_prec,test_rec,model,train_len,train_set(s),dev_set(s),test_set(s),run_id
1.0,0.812957157784744,0.8198103266596417,0.8062176165803109,0.6927083333333334,0.7228260869565217,0.665,umberto-commoncrawl-cased-v1,10384,"df_evalita20_train(4785)
df_ami20_train(3500)
df_evalita18facebook_train(2099)","df_evalita20_dev(2052)
df_ami20_dev(1500)
df_evalita18facebook_dev(900)",test_fdb_500(500),33
2.0,0.8164287503130477,0.7901114881240912,0.844559585492228,0.693877551020408,0.6348547717842323,0.765,umberto-commoncrawl-cased-v1,10384,"df_evalita20_train(4785)
df_ami20_train(3500)
df_evalita18facebook_train(2099)","df_evalita20_dev(2052)
df_ami20_dev(1500)
df_evalita18facebook_dev(900)",test_fdb_500(500),33
3.0,0.8098386670193071,0.8271204754186926,0.7932642487046632,0.625,0.6845238095238095,0.575,umberto-commoncrawl-cased-v1,10384,"df_evalita20_train(4785)
df_ami20_train(3500)
df_evalita18facebook_train(2099)","df_evalita20_dev(2052)
df_ami20_dev(1500)
df_evalita18facebook_dev(900)",test_fdb_500(500),33
4.0,0.8194479615092428,0.8013868251609708,0.8383419689119171,0.6908212560386473,0.6682242990654206,0.715,umberto-commoncrawl-cased-v1,10384,"df_evalita20_train(4785)
df_ami20_train(3500)
df_evalita18facebook_train(2099)","df_evalita20_dev(2052)
df_ami20_dev(1500)
df_evalita18facebook_dev(900)",test_fdb_500(500),33
5.0,0.8247474747474748,0.8044334975369458,0.8461139896373057,0.6875,0.6620370370370371,0.715,umberto-commoncrawl-cased-v1,10384,"df_evalita20_train(4785)
df_ami20_train(3500)
df_evalita18facebook_train(2099)","df_evalita20_dev(2052)
df_ami20_dev(1500)
df_evalita18facebook_dev(900)",test_fdb_500(500),33
