epoch,val_f1,val_prec,val_rec,test_f1,test_prec,test_rec,model,train_len,train_set(s),dev_set(s),test_set(s),run_id
1.0,0.8089536699635607,0.8127615062761506,0.805181347150259,0.6338797814207651,0.6987951807228916,0.58,umberto-commoncrawl-cased-v1,10384,"df_evalita20_train(4785)
df_ami20_train(3500)
df_evalita18facebook_train(2099)","df_evalita20_dev(2052)
df_ami20_dev(1500)
df_evalita18facebook_dev(900)",test_fdb_500(500),33
2.0,0.822073744122742,0.7868308858360966,0.8606217616580311,0.7130044843049328,0.6463414634146342,0.795,umberto-commoncrawl-cased-v1,10384,"df_evalita20_train(4785)
df_ami20_train(3500)
df_evalita18facebook_train(2099)","df_evalita20_dev(2052)
df_ami20_dev(1500)
df_evalita18facebook_dev(900)",test_fdb_500(500),33
3.0,0.827037773359841,0.7946513849092646,0.8621761658031089,0.6649874055415618,0.6700507614213198,0.66,umberto-commoncrawl-cased-v1,10384,"df_evalita20_train(4785)
df_ami20_train(3500)
df_evalita18facebook_train(2099)","df_evalita20_dev(2052)
df_ami20_dev(1500)
df_evalita18facebook_dev(900)",test_fdb_500(500),33
4.0,0.8244116886475303,0.8229220443985544,0.8259067357512954,0.6733167082294265,0.6716417910447762,0.675,umberto-commoncrawl-cased-v1,10384,"df_evalita20_train(4785)
df_ami20_train(3500)
df_evalita18facebook_train(2099)","df_evalita20_dev(2052)
df_ami20_dev(1500)
df_evalita18facebook_dev(900)",test_fdb_500(500),33
5.0,0.8255102040816326,0.8130653266331658,0.8383419689119171,0.6564102564102564,0.6736842105263158,0.64,umberto-commoncrawl-cased-v1,10384,"df_evalita20_train(4785)
df_ami20_train(3500)
df_evalita18facebook_train(2099)","df_evalita20_dev(2052)
df_ami20_dev(1500)
df_evalita18facebook_dev(900)",test_fdb_500(500),33
