,f1_score_pos_val,acc_val,prec_val,recall_val,f1_score_pos_test,acc_test,prec_test,recall_test,model,train_len,train_set,evaluation_set
0,0.7652173913043478,0.8269230769230769,0.8494208494208494,0.6962025316455697,0.7706422018348623,0.8399487836107554,0.8300395256916996,0.7191780821917808,CNN,23641,incelsis+hatexplain_binary_train+hateval_train,incelsis
1,0.7803992740471869,0.8448717948717949,0.9148936170212766,0.680379746835443,0.7504835589941974,0.8348271446862996,0.8622222222222222,0.6643835616438356,CNN,23641,incelsis+hatexplain_binary_train+hateval_train,incelsis
2,0.8012820512820513,0.841025641025641,0.8116883116883117,0.7911392405063291,0.7892074198988196,0.8399487836107554,0.7774086378737541,0.8013698630136986,CNN,23641,incelsis+hatexplain_binary_train+hateval_train,incelsis
3,0.80248833592535,0.8371794871794872,0.7889908256880734,0.8164556962025317,0.8113522537562605,0.8553137003841229,0.7915309446254072,0.8321917808219178,CNN,23641,incelsis+hatexplain_binary_train+hateval_train,incelsis
4,0.8137931034482758,0.8615384615384616,0.8939393939393939,0.7468354430379747,0.7885304659498208,0.8489116517285531,0.8270676691729323,0.7534246575342466,CNN,23641,incelsis+hatexplain_binary_train+hateval_train,incelsis
Average,0.7926360312014423,0.8423076923076923,0.8517865995515811,0.7462025316455696,0.7820431800867921,0.8437900128040973,0.817653799917203,0.7541095890410958,CNN,23641,incelsis+hatexplain_binary_train+hateval_train,incelsis
