epoch,train_loss,dev_loss,dev_f1,dev_precision,dev_recall,test_loss,test_f1,test_precision,test_recall,model,train_len,train_set(s),dev_set(s),test_set(s),run_id
3.0,0.47850510478019714,0.6902415156364441,0.30243902439024395,0.6595744680851063,0.1962025316455696,0.6288456320762634,0.37659033078880405,0.7326732673267327,0.2534246575342466,CNN,4500,train_hateval_2019_english(4500),dev_incelsis(780),test_incelsis(781),4
3.0,0.48473379015922546,0.5921856164932251,0.5263157894736842,0.6852791878172588,0.4272151898734177,0.5493929982185364,0.5737373737373738,0.6995073891625616,0.4863013698630137,CNN,4500,train_hateval_2019_english(4500),dev_incelsis(780),test_incelsis(781),4
3.0,0.4752765893936157,0.8532946705818176,0.27930174563591026,0.6588235294117647,0.17721518987341772,0.7891342639923096,0.2611111111111111,0.6911764705882353,0.16095890410958905,CNN,4500,train_hateval_2019_english(4500),dev_incelsis(780),test_incelsis(781),4
3.0,0.4859079420566559,0.7338681817054749,0.37674418604651155,0.7105263157894737,0.2563291139240506,0.7023300528526306,0.3853658536585366,0.6694915254237288,0.2705479452054795,CNN,4500,train_hateval_2019_english(4500),dev_incelsis(780),test_incelsis(781),4
3.0,0.4926409423351288,0.5712706446647644,0.5345794392523364,0.6529680365296804,0.4525316455696203,0.5485172271728516,0.568702290076336,0.6422413793103449,0.5102739726027398,CNN,4500,train_hateval_2019_english(4500),dev_incelsis(780),test_incelsis(781),4
