epoch,train_loss,dev_loss,dev_f1,dev_precision,dev_recall,test_loss,test_f1,test_precision,test_recall,model,train_len,train_set(s),dev_set(s),test_set(s),run_id
3.0,0.265010267496109,0.8045860528945923,0.5639810426540285,0.6432432432432432,0.5021097046413502,1.1190029382705688,0.6201146430432517,0.4615981380915438,0.9444444444444444,CNN,3642,train_incelsis(3642),dev_hateval_2019_english(500),test_hateval_2019_english(1500),6
3.0,0.2829939126968384,0.8213445544242859,0.5375854214123007,0.5841584158415841,0.4978902953586498,1.3096528053283691,0.5979680696661829,0.430062630480167,0.9809523809523809,CNN,3642,train_incelsis(3642),dev_hateval_2019_english(500),test_hateval_2019_english(1500),6
3.0,0.3103858232498169,0.7835880517959595,0.623134328358209,0.5585284280936454,0.7046413502109705,1.2618398666381836,0.6009615384615384,0.43103448275862066,0.9920634920634921,CNN,3642,train_incelsis(3642),dev_hateval_2019_english(500),test_hateval_2019_english(1500),6
3.0,0.27847498655319214,0.7650023698806763,0.6470588235294118,0.6043956043956044,0.6962025316455697,1.5899205207824707,0.5929078014184397,0.4222222222222222,0.9952380952380953,CNN,3642,train_incelsis(3642),dev_hateval_2019_english(500),test_hateval_2019_english(1500),6
3.0,0.2662857472896576,0.7647911906242371,0.6237816764132553,0.5797101449275363,0.6751054852320675,1.422823190689087,0.5918173168411037,0.422554347826087,0.9873015873015873,CNN,3642,train_incelsis(3642),dev_hateval_2019_english(500),test_hateval_2019_english(1500),6
