epoch,val_f1,val_prec,val_rec,test_f1,test_prec,test_rec,test_incels_f1,test_incels_prec,test_incels_rec,model,train_len,train_set(s),dev_set(s),test_set(s),run_id
1.0,0.8313609467455622,0.7805555555555556,0.8892405063291139,0.5460122699386504,0.7063492063492064,0.445,0.7981366459627329,0.7301136363636364,0.8801369863013698,incel-bert-base-multilingual-cased-10k_english,3642,train_incelsis(3642),dev_incelsis(780),test_fdb_500(500),17
2.0,0.8486739469578783,0.8369230769230769,0.8607594936708861,0.2270742358078603,0.896551724137931,0.13,0.8426395939086295,0.8327759197324415,0.8527397260273972,incel-bert-base-multilingual-cased-10k_english,3642,train_incelsis(3642),dev_incelsis(780),test_fdb_500(500),17
3.0,0.8397626112759643,0.7905027932960894,0.8955696202531646,0.5286624203821656,0.7280701754385965,0.415,0.8409448818897638,0.7784256559766763,0.9143835616438356,incel-bert-base-multilingual-cased-10k_english,3642,train_incelsis(3642),dev_incelsis(780),test_fdb_500(500),17
4.0,0.852760736196319,0.8273809523809523,0.879746835443038,0.48630136986301364,0.7717391304347826,0.355,0.8440065681444991,0.8107255520504731,0.8801369863013698,incel-bert-base-multilingual-cased-10k_english,3642,train_incelsis(3642),dev_incelsis(780),test_fdb_500(500),17
