epoch,val_f1,val_prec,val_rec,test_f1,test_prec,test_rec,model,train_len,train_set(s),dev_set(s),test_set(s),run_id
1.0,0.8610687022900764,0.831858407079646,0.8924050632911392,0.8547854785478548,0.8248407643312102,0.886986301369863,incel-bert-base-uncased-100k_english,3642,train_incelsis(3642),dev_incelsis(780),test_incelsis(781),0
2.0,0.8704000000000001,0.8802588996763754,0.8607594936708861,0.8630849220103987,0.8736842105263158,0.8527397260273972,incel-bert-base-uncased-100k_english,3642,train_incelsis(3642),dev_incelsis(780),test_incelsis(781),0
3.0,0.8575757575757575,0.8226744186046512,0.8955696202531646,0.8652246256239601,0.8414239482200647,0.8904109589041096,incel-bert-base-uncased-100k_english,3642,train_incelsis(3642),dev_incelsis(780),test_incelsis(781),0
4.0,0.8673946957878316,0.8553846153846154,0.879746835443038,0.8644939965694683,0.865979381443299,0.863013698630137,incel-bert-base-uncased-100k_english,3642,train_incelsis(3642),dev_incelsis(780),test_incelsis(781),0
