epoch,val_f1,val_prec,val_rec,test_f1,test_prec,test_rec,model,train_len,train_set(s),dev_set(s),test_set(s),run_id
1.0,0.8576,0.8673139158576052,0.8481012658227848,0.847750865051903,0.8566433566433567,0.839041095890411,incel-bert-base-uncased-100k_english,3642,train_incelsis(3642),dev_incelsis(780),test_incelsis(781),0
2.0,0.863849765258216,0.8544891640866873,0.8734177215189873,0.867595818815331,0.8829787234042553,0.8527397260273972,incel-bert-base-uncased-100k_english,3642,train_incelsis(3642),dev_incelsis(780),test_incelsis(781),0
3.0,0.8643533123028392,0.8616352201257862,0.8670886075949367,0.8730434782608695,0.8869257950530035,0.8595890410958904,incel-bert-base-uncased-100k_english,3642,train_incelsis(3642),dev_incelsis(780),test_incelsis(781),0
4.0,0.86875,0.8580246913580247,0.879746835443038,0.8732876712328768,0.8732876712328768,0.8732876712328768,incel-bert-base-uncased-100k_english,3642,train_incelsis(3642),dev_incelsis(780),test_incelsis(781),0
