epoch,val_f1,val_prec,val_rec,test_f1,test_prec,test_rec,model,train_len,train_set(s),dev_set(s),test_set(s),run_id
1.0,0.8507223113964688,0.8631921824104235,0.8386075949367089,0.853195164075993,0.8606271777003485,0.8458904109589042,incel-bert-base-uncased-100k_english,3642,train_incelsis(3642),dev_incelsis(780),test_incelsis(781),0
2.0,0.8731942215088282,0.8859934853420195,0.8607594936708861,0.8617021276595744,0.8933823529411765,0.8321917808219178,incel-bert-base-uncased-100k_english,3642,train_incelsis(3642),dev_incelsis(780),test_incelsis(781),0
3.0,0.8657187993680885,0.8643533123028391,0.8670886075949367,0.8762886597938144,0.8793103448275862,0.8732876712328768,incel-bert-base-uncased-100k_english,3642,train_incelsis(3642),dev_incelsis(780),test_incelsis(781),0
4.0,0.872037914691943,0.8706624605678234,0.8734177215189873,0.8586206896551725,0.8645833333333334,0.8527397260273972,incel-bert-base-uncased-100k_english,3642,train_incelsis(3642),dev_incelsis(780),test_incelsis(781),0
