epoch,val_f1,val_prec,val_rec,test_f1,test_prec,test_rec,model,train_len,train_set(s),dev_set(s),test_set(s),run_id
1.0,0.8497576736672051,0.8679867986798679,0.8322784810126582,0.8502581755593804,0.8546712802768166,0.8458904109589042,incel-bert-base-uncased-100k_english,3642,train_incelsis(3642),dev_incelsis(780),test_incelsis(781),0
2.0,0.853035143769968,0.8612903225806452,0.8449367088607594,0.8566433566433566,0.875,0.839041095890411,incel-bert-base-uncased-100k_english,3642,train_incelsis(3642),dev_incelsis(780),test_incelsis(781),0
3.0,0.8624999999999999,0.8518518518518519,0.8734177215189873,0.8697123519458545,0.8595317725752508,0.8801369863013698,incel-bert-base-uncased-100k_english,3642,train_incelsis(3642),dev_incelsis(780),test_incelsis(781),0
4.0,0.8553846153846154,0.8323353293413174,0.879746835443038,0.863406408094435,0.8504983388704319,0.8767123287671232,incel-bert-base-uncased-100k_english,3642,train_incelsis(3642),dev_incelsis(780),test_incelsis(781),0
