epoch,val_f1,val_prec,val_rec,test_f1,test_prec,test_rec,model,train_len,train_set(s),dev_set(s),test_set(s),run_id
1.0,0.8593508500772797,0.8398791540785498,0.879746835443038,0.8489932885906041,0.8322368421052632,0.8664383561643836,incel-bert-base-uncased-100k_english,3642,train_incelsis(3642),dev_incelsis(780),test_incelsis(781),0
2.0,0.8668831168831169,0.89,0.8449367088607594,0.847750865051903,0.8566433566433567,0.839041095890411,incel-bert-base-uncased-100k_english,3642,train_incelsis(3642),dev_incelsis(780),test_incelsis(781),0
3.0,0.8549848942598187,0.8179190751445087,0.8955696202531646,0.8618421052631579,0.8291139240506329,0.8972602739726028,incel-bert-base-uncased-100k_english,3642,train_incelsis(3642),dev_incelsis(780),test_incelsis(781),0
4.0,0.8593508500772797,0.8398791540785498,0.879746835443038,0.8676716917922948,0.8491803278688524,0.886986301369863,incel-bert-base-uncased-100k_english,3642,train_incelsis(3642),dev_incelsis(780),test_incelsis(781),0
