epoch,val_f1,val_prec,val_rec,test_f1,test_prec,test_rec,model,train_len,train_set(s),dev_set(s),test_set(s),run_id
1.0,0.8628099173553719,0.903114186851211,0.8259493670886076,0.8439716312056739,0.875,0.815068493150685,incel-bert-base-uncased-100k_english,3642,train_incelsis(3642),dev_incelsis(780),test_incelsis(781),0
2.0,0.86875,0.8580246913580247,0.879746835443038,0.8674698795180723,0.8719723183391004,0.863013698630137,incel-bert-base-uncased-100k_english,3642,train_incelsis(3642),dev_incelsis(780),test_incelsis(781),0
3.0,0.8767550702028081,0.8646153846153846,0.8892405063291139,0.8749999999999999,0.8633333333333333,0.886986301369863,incel-bert-base-uncased-100k_english,3642,train_incelsis(3642),dev_incelsis(780),test_incelsis(781),0
4.0,0.8718750000000001,0.8611111111111112,0.8829113924050633,0.8672268907563024,0.8514851485148515,0.8835616438356164,incel-bert-base-uncased-100k_english,3642,train_incelsis(3642),dev_incelsis(780),test_incelsis(781),0
