epoch,val_f1,val_prec,val_rec,test_f1,test_prec,test_rec,test_incels_f1,test_incels_prec,test_incels_rec,model,train_len,train_set(s),dev_set(s),test_set(s),run_id
1.0,0.8370702541106128,0.7932011331444759,0.8860759493670886,0.3984674329501916,0.8524590163934426,0.26,0.8242612752721618,0.7549857549857549,0.9075342465753424,incel-bert-base-multilingual-cased-1000k_multi,3642,train_incelsis(3642),dev_incelsis(780),test_fdb_500(500),17
2.0,0.8522550544323484,0.8379204892966361,0.8670886075949367,0.37007874015748027,0.8703703703703703,0.235,0.8486842105263157,0.8164556962025317,0.8835616438356164,incel-bert-base-multilingual-cased-1000k_multi,3642,train_incelsis(3642),dev_incelsis(780),test_fdb_500(500),17
3.0,0.8558139534883721,0.8389057750759878,0.8734177215189873,0.4615384615384615,0.863013698630137,0.315,0.8516129032258065,0.8048780487804879,0.9041095890410958,incel-bert-base-multilingual-cased-1000k_multi,3642,train_incelsis(3642),dev_incelsis(780),test_fdb_500(500),17
4.0,0.8623853211009175,0.834319526627219,0.8924050632911392,0.49110320284697506,0.8518518518518519,0.345,0.8405797101449275,0.7933130699088146,0.8938356164383562,incel-bert-base-multilingual-cased-1000k_multi,3642,train_incelsis(3642),dev_incelsis(780),test_fdb_500(500),17
