epoch,val_f1,val_prec,val_rec,test_f1,test_prec,test_rec,test_incels_f1,test_incels_prec,test_incels_rec,model,train_len,train_set(s),dev_set(s),test_set(s),run_id
1.0,0.8373493975903613,0.7988505747126436,0.879746835443038,0.430188679245283,0.8769230769230769,0.285,0.8204334365325078,0.748587570621469,0.9075342465753424,incel-bert-base-multilingual-cased-1000k_multi,3642,train_incelsis(3642),dev_incelsis(780),test_fdb_500(500),17
2.0,0.8476621417797888,0.8097982708933718,0.8892405063291139,0.4436090225563909,0.8939393939393939,0.295,0.8372827804107426,0.7771260997067448,0.9075342465753424,incel-bert-base-multilingual-cased-1000k_multi,3642,train_incelsis(3642),dev_incelsis(780),test_fdb_500(500),17
3.0,0.8486739469578783,0.8369230769230769,0.8607594936708861,0.43181818181818177,0.890625,0.285,0.859016393442623,0.8238993710691824,0.8972602739726028,incel-bert-base-multilingual-cased-1000k_multi,3642,train_incelsis(3642),dev_incelsis(780),test_fdb_500(500),17
4.0,0.8536209553158707,0.8318318318318318,0.8765822784810127,0.4909747292418773,0.8831168831168831,0.34,0.8451612903225806,0.7987804878048781,0.8972602739726028,incel-bert-base-multilingual-cased-1000k_multi,3642,train_incelsis(3642),dev_incelsis(780),test_fdb_500(500),17
