epoch,val_f1,val_prec,val_rec,test_f1,test_prec,test_rec,model,train_len,train_set(s),dev_set(s),test_set(s),run_id
1.0,0.7181700474751834,0.7482014388489209,0.6904564315352697,0.515068493150685,0.5696969696969697,0.47,bert-base-multilingual-cased,6884,"df_evalita20_train(4785)
df_evalita18facebook_train(2099)","df_evalita20_dev(2052)
df_evalita18facebook_dev(900)",test_fdb_500(500),30
2.0,0.7334423548650859,0.7228041901692184,0.7443983402489627,0.6177777777777778,0.556,0.695,bert-base-multilingual-cased,6884,"df_evalita20_train(4785)
df_evalita18facebook_train(2099)","df_evalita20_dev(2052)
df_evalita18facebook_dev(900)",test_fdb_500(500),30
3.0,0.7113626469307792,0.7481684981684982,0.6780082987551868,0.5013333333333333,0.5371428571428571,0.47,bert-base-multilingual-cased,6884,"df_evalita20_train(4785)
df_evalita18facebook_train(2099)","df_evalita20_dev(2052)
df_evalita18facebook_dev(900)",test_fdb_500(500),30
4.0,0.7262804366078924,0.7349192863211554,0.7178423236514523,0.5783132530120482,0.5581395348837209,0.6,bert-base-multilingual-cased,6884,"df_evalita20_train(4785)
df_evalita18facebook_train(2099)","df_evalita20_dev(2052)
df_evalita18facebook_dev(900)",test_fdb_500(500),30
5.0,0.7303556658395368,0.7279472382522671,0.7327800829875518,0.6086956521739131,0.5611814345991561,0.665,bert-base-multilingual-cased,6884,"df_evalita20_train(4785)
df_evalita18facebook_train(2099)","df_evalita20_dev(2052)
df_evalita18facebook_dev(900)",test_fdb_500(500),30
