epoch,val_f1,val_prec,val_rec,test_f1,test_prec,test_rec,model,train_len,train_set(s),dev_set(s),test_set(s),run_id
1.0,0.7880059970014993,0.7283813747228381,0.8582625734813847,0.563758389261745,0.5101214574898786,0.63,bert-base-multilingual-cased,8285,"df_evalita20_train(4785)
df_ami20_train(3500)","df_evalita20_dev(2052)
df_ami20_dev(1500)",test_fdb_500(500),32
2.0,0.7769830949284785,0.7734627831715211,0.7805355976485957,0.5390070921985816,0.5112107623318386,0.57,bert-base-multilingual-cased,8285,"df_evalita20_train(4785)
df_ami20_train(3500)","df_evalita20_dev(2052)
df_ami20_dev(1500)",test_fdb_500(500),32
3.0,0.7890897557881383,0.7669543773119606,0.8125408229915089,0.5579196217494089,0.5291479820627802,0.59,bert-base-multilingual-cased,8285,"df_evalita20_train(4785)
df_ami20_train(3500)","df_evalita20_dev(2052)
df_ami20_dev(1500)",test_fdb_500(500),32
4.0,0.7788429752066115,0.7884872824631861,0.7694317439581972,0.531328320802005,0.5326633165829145,0.53,bert-base-multilingual-cased,8285,"df_evalita20_train(4785)
df_ami20_train(3500)","df_evalita20_dev(2052)
df_ami20_dev(1500)",test_fdb_500(500),32
5.0,0.7837051406401552,0.7759282970550576,0.7916394513389942,0.5405405405405406,0.5314009661835749,0.55,bert-base-multilingual-cased,8285,"df_evalita20_train(4785)
df_ami20_train(3500)","df_evalita20_dev(2052)
df_ami20_dev(1500)",test_fdb_500(500),32
