epoch,val_f1,val_prec,val_rec,test_f1,test_prec,test_rec,model,train_len,train_set(s),dev_set(s),test_set(s),run_id
1.0,0.7838268067494429,0.7645962732919255,0.8040496407576747,0.4656084656084656,0.4943820224719101,0.44,bert-base-multilingual-cased,8285,"df_evalita20_train(4785)
df_ami20_train(3500)","df_evalita20_dev(2052)
df_ami20_dev(1500)",test_fdb_500(500),32
2.0,0.7947986045036474,0.7725030826140568,0.8184193337687786,0.5563549160671463,0.5345622119815668,0.58,bert-base-multilingual-cased,8285,"df_evalita20_train(4785)
df_ami20_train(3500)","df_evalita20_dev(2052)
df_ami20_dev(1500)",test_fdb_500(500),32
3.0,0.7946348733233979,0.7308114035087719,0.8706727629000653,0.5936254980079682,0.49337748344370863,0.745,bert-base-multilingual-cased,8285,"df_evalita20_train(4785)
df_ami20_train(3500)","df_evalita20_dev(2052)
df_ami20_dev(1500)",test_fdb_500(500),32
4.0,0.7867481505307172,0.7750316856780735,0.798824297844546,0.541871921182266,0.5339805825242718,0.55,bert-base-multilingual-cased,8285,"df_evalita20_train(4785)
df_ami20_train(3500)","df_evalita20_dev(2052)
df_ami20_dev(1500)",test_fdb_500(500),32
5.0,0.7853642600457367,0.7856209150326797,0.7851077726975833,0.4960835509138381,0.5191256830601093,0.475,bert-base-multilingual-cased,8285,"df_evalita20_train(4785)
df_ami20_train(3500)","df_evalita20_dev(2052)
df_ami20_dev(1500)",test_fdb_500(500),32
