epoch,val_f1,val_prec,val_rec,test_f1,test_prec,test_rec,model,train_len,train_set(s),dev_set(s),test_set(s),run_id
1.0,0.7819354838709678,0.7724665391969407,0.7916394513389942,0.467866323907455,0.48148148148148145,0.455,bert-base-multilingual-cased,8285,"df_evalita20_train(4785)
df_ami20_train(3500)","df_evalita20_dev(2052)
df_ami20_dev(1500)",test_fdb_500(500),32
2.0,0.7522935779816513,0.7839943342776204,0.7230568256041803,0.4444444444444445,0.5,0.4,bert-base-multilingual-cased,8285,"df_evalita20_train(4785)
df_ami20_train(3500)","df_evalita20_dev(2052)
df_ami20_dev(1500)",test_fdb_500(500),32
3.0,0.7895995218170949,0.7278236914600551,0.8628347485303723,0.5598290598290598,0.48880597014925375,0.655,bert-base-multilingual-cased,8285,"df_evalita20_train(4785)
df_ami20_train(3500)","df_evalita20_dev(2052)
df_ami20_dev(1500)",test_fdb_500(500),32
4.0,0.774496644295302,0.7964113181504486,0.7537557152188112,0.5171503957783642,0.547486033519553,0.49,bert-base-multilingual-cased,8285,"df_evalita20_train(4785)
df_ami20_train(3500)","df_evalita20_dev(2052)
df_ami20_dev(1500)",test_fdb_500(500),32
5.0,0.7850225952227242,0.7760051052967454,0.7942521227955585,0.51010101010101,0.5153061224489796,0.505,bert-base-multilingual-cased,8285,"df_evalita20_train(4785)
df_ami20_train(3500)","df_evalita20_dev(2052)
df_ami20_dev(1500)",test_fdb_500(500),32
