epoch,val_f1,val_prec,val_rec,test_f1,test_prec,test_rec,model,train_len,train_set(s),dev_set(s),test_set(s),run_id
1.0,0.7802781289506954,0.7619753086419753,0.7994818652849741,0.5895691609977324,0.5394190871369294,0.65,bert-base-multilingual-cased,10384,"df_evalita20_train(4785)
df_ami20_train(3500)
df_evalita18facebook_train(2099)","df_evalita20_dev(2052)
df_ami20_dev(1500)
df_evalita18facebook_dev(900)",test_fdb_500(500),33
2.0,0.7832524891498597,0.7720181177654756,0.794818652849741,0.5943396226415095,0.5625,0.63,bert-base-multilingual-cased,10384,"df_evalita20_train(4785)
df_ami20_train(3500)
df_evalita18facebook_train(2099)","df_evalita20_dev(2052)
df_ami20_dev(1500)
df_evalita18facebook_dev(900)",test_fdb_500(500),33
3.0,0.7778355879292402,0.7810867293625914,0.7746113989637305,0.5617433414043583,0.5446009389671361,0.58,bert-base-multilingual-cased,10384,"df_evalita20_train(4785)
df_ami20_train(3500)
df_evalita18facebook_train(2099)","df_evalita20_dev(2052)
df_ami20_dev(1500)
df_evalita18facebook_dev(900)",test_fdb_500(500),33
4.0,0.775391142932909,0.7941336230309615,0.7575129533678756,0.558974358974359,0.5736842105263158,0.545,bert-base-multilingual-cased,10384,"df_evalita20_train(4785)
df_ami20_train(3500)
df_evalita18facebook_train(2099)","df_evalita20_dev(2052)
df_ami20_dev(1500)
df_evalita18facebook_dev(900)",test_fdb_500(500),33
5.0,0.7877394636015326,0.7768261964735517,0.7989637305699482,0.5857142857142857,0.5590909090909091,0.615,bert-base-multilingual-cased,10384,"df_evalita20_train(4785)
df_ami20_train(3500)
df_evalita18facebook_train(2099)","df_evalita20_dev(2052)
df_ami20_dev(1500)
df_evalita18facebook_dev(900)",test_fdb_500(500),33
