epoch,val_f1,val_prec,val_rec,test_f1,test_prec,test_rec,model,train_len,train_set(s),dev_set(s),test_set(s),run_id
1.0,0.7858657243816256,0.7205183585313175,0.8642487046632125,0.615678776290631,0.4984520123839009,0.805,bert-base-multilingual-cased,10384,"df_evalita20_train(4785)
df_ami20_train(3500)
df_evalita18facebook_train(2099)","df_evalita20_dev(2052)
df_ami20_dev(1500)
df_evalita18facebook_dev(900)",test_fdb_500(500),33
2.0,0.7784522003034902,0.7603754940711462,0.7974093264248705,0.6136865342163356,0.549407114624506,0.695,bert-base-multilingual-cased,10384,"df_evalita20_train(4785)
df_ami20_train(3500)
df_evalita18facebook_train(2099)","df_evalita20_dev(2052)
df_ami20_dev(1500)
df_evalita18facebook_dev(900)",test_fdb_500(500),33
3.0,0.7806710065097646,0.7553294573643411,0.8077720207253886,0.6135831381733022,0.5770925110132159,0.655,bert-base-multilingual-cased,10384,"df_evalita20_train(4785)
df_ami20_train(3500)
df_evalita18facebook_train(2099)","df_evalita20_dev(2052)
df_ami20_dev(1500)
df_evalita18facebook_dev(900)",test_fdb_500(500),33
4.0,0.760555706891855,0.8018380241240666,0.7233160621761658,0.5040650406504066,0.5502958579881657,0.465,bert-base-multilingual-cased,10384,"df_evalita20_train(4785)
df_ami20_train(3500)
df_evalita18facebook_train(2099)","df_evalita20_dev(2052)
df_ami20_dev(1500)
df_evalita18facebook_dev(900)",test_fdb_500(500),33
5.0,0.7814025173388133,0.7748344370860927,0.7880829015544042,0.5871121718377088,0.5616438356164384,0.615,bert-base-multilingual-cased,10384,"df_evalita20_train(4785)
df_ami20_train(3500)
df_evalita18facebook_train(2099)","df_evalita20_dev(2052)
df_ami20_dev(1500)
df_evalita18facebook_dev(900)",test_fdb_500(500),33
