epoch,val_f1,val_prec,val_rec,test_f1,test_prec,test_rec,model,train_len,train_set(s),dev_set(s),test_set(s),run_id
1.0,0.768516129032258,0.7655526992287918,0.7715025906735752,0.6009174311926605,0.5550847457627118,0.655,bert-base-multilingual-cased,10384,"df_evalita20_train(4785)
df_ami20_train(3500)
df_evalita18facebook_train(2099)","df_evalita20_dev(2052)
df_ami20_dev(1500)
df_evalita18facebook_dev(900)",test_fdb_500(500),33
2.0,0.7793740379681889,0.771849593495935,0.7870466321243523,0.6434782608695652,0.5692307692307692,0.74,bert-base-multilingual-cased,10384,"df_evalita20_train(4785)
df_ami20_train(3500)
df_evalita18facebook_train(2099)","df_evalita20_dev(2052)
df_ami20_dev(1500)
df_evalita18facebook_dev(900)",test_fdb_500(500),33
3.0,0.7766287487073422,0.7750257997936016,0.778238341968912,0.6409090909090909,0.5875,0.705,bert-base-multilingual-cased,10384,"df_evalita20_train(4785)
df_ami20_train(3500)
df_evalita18facebook_train(2099)","df_evalita20_dev(2052)
df_ami20_dev(1500)
df_evalita18facebook_dev(900)",test_fdb_500(500),33
4.0,0.7716955941255008,0.7961432506887053,0.7487046632124352,0.5535248041775457,0.5792349726775956,0.53,bert-base-multilingual-cased,10384,"df_evalita20_train(4785)
df_ami20_train(3500)
df_evalita18facebook_train(2099)","df_evalita20_dev(2052)
df_ami20_dev(1500)
df_evalita18facebook_dev(900)",test_fdb_500(500),33
5.0,0.7828321768182986,0.7766445690973993,0.7891191709844559,0.6193853427895982,0.5874439461883408,0.655,bert-base-multilingual-cased,10384,"df_evalita20_train(4785)
df_ami20_train(3500)
df_evalita18facebook_train(2099)","df_evalita20_dev(2052)
df_ami20_dev(1500)
df_evalita18facebook_dev(900)",test_fdb_500(500),33
