epoch,val_f1,val_prec,val_rec,test_f1,test_prec,test_rec,model,train_len,train_set(s),dev_set(s),test_set(s),run_id
1.0,0.7783109404990403,0.7247542448614834,0.8404145077720208,0.6334661354581673,0.5264900662251656,0.795,bert-base-multilingual-cased,10384,"df_evalita20_train(4785)
df_ami20_train(3500)
df_evalita18facebook_train(2099)","df_evalita20_dev(2052)
df_ami20_dev(1500)
df_evalita18facebook_dev(900)",test_fdb_500(500),33
2.0,0.7555555555555554,0.8143712574850299,0.7046632124352331,0.43148688046647227,0.5174825174825175,0.37,bert-base-multilingual-cased,10384,"df_evalita20_train(4785)
df_ami20_train(3500)
df_evalita18facebook_train(2099)","df_evalita20_dev(2052)
df_ami20_dev(1500)
df_evalita18facebook_dev(900)",test_fdb_500(500),33
3.0,0.7769410542716177,0.7787610619469026,0.7751295336787565,0.535,0.535,0.535,bert-base-multilingual-cased,10384,"df_evalita20_train(4785)
df_ami20_train(3500)
df_evalita18facebook_train(2099)","df_evalita20_dev(2052)
df_ami20_dev(1500)
df_evalita18facebook_dev(900)",test_fdb_500(500),33
4.0,0.7758026001591934,0.7949972811310495,0.7575129533678756,0.5301837270341208,0.5580110497237569,0.505,bert-base-multilingual-cased,10384,"df_evalita20_train(4785)
df_ami20_train(3500)
df_evalita18facebook_train(2099)","df_evalita20_dev(2052)
df_ami20_dev(1500)
df_evalita18facebook_dev(900)",test_fdb_500(500),33
5.0,0.7854044399081398,0.7737556561085973,0.7974093264248705,0.5975903614457831,0.5767441860465117,0.62,bert-base-multilingual-cased,10384,"df_evalita20_train(4785)
df_ami20_train(3500)
df_evalita18facebook_train(2099)","df_evalita20_dev(2052)
df_ami20_dev(1500)
df_evalita18facebook_dev(900)",test_fdb_500(500),33
