epoch,val_f1,val_prec,val_rec,test_f1,test_prec,test_rec,model,train_len,train_set(s),dev_set(s),test_set(s),run_id
1.0,0.7985611510791367,0.925,0.7025316455696202,0.706140350877193,0.62890625,0.805,bert-base-multilingual-cased,5741,"train_incelsis(3642)
df_evalita18facebook_train(2099)",dev_incelsis(780),test_fdb_500(500),34
2.0,0.8320251177394034,0.8255451713395638,0.8386075949367089,0.6925925925925926,0.55,0.935,bert-base-multilingual-cased,5741,"train_incelsis(3642)
df_evalita18facebook_train(2099)",dev_incelsis(780),test_fdb_500(500),34
3.0,0.8439821693907875,0.7955182072829131,0.8987341772151899,0.6786355475763016,0.5294117647058824,0.945,bert-base-multilingual-cased,5741,"train_incelsis(3642)
df_evalita18facebook_train(2099)",dev_incelsis(780),test_fdb_500(500),34
4.0,0.840625,0.8302469135802469,0.8512658227848101,0.6928838951310861,0.5538922155688623,0.925,bert-base-multilingual-cased,5741,"train_incelsis(3642)
df_evalita18facebook_train(2099)",dev_incelsis(780),test_fdb_500(500),34
5.0,0.8310077519379845,0.8145896656534954,0.8481012658227848,0.6902985074626866,0.5505952380952381,0.925,bert-base-multilingual-cased,5741,"train_incelsis(3642)
df_evalita18facebook_train(2099)",dev_incelsis(780),test_fdb_500(500),34
