epoch,val_f1,val_prec,val_rec,test_f1,test_prec,test_rec,model,train_len,train_set(s),dev_set(s),test_set(s),run_id
1.0,0.8181818181818181,0.9140625,0.740506329113924,0.48929663608562685,0.6299212598425197,0.4,bert-base-multilingual-cased,8427,"df_evalita20_train(4785)
train_incelsis(3642)",dev_incelsis(780),test_fdb_500(500),35
2.0,0.8250728862973761,0.7648648648648648,0.8955696202531646,0.6055045871559633,0.559322033898305,0.66,bert-base-multilingual-cased,8427,"df_evalita20_train(4785)
train_incelsis(3642)",dev_incelsis(780),test_fdb_500(500),35
3.0,0.8483920367534457,0.8219584569732937,0.8765822784810127,0.5676392572944297,0.6045197740112994,0.535,bert-base-multilingual-cased,8427,"df_evalita20_train(4785)
train_incelsis(3642)",dev_incelsis(780),test_fdb_500(500),35
4.0,0.8480243161094225,0.8157894736842105,0.8829113924050633,0.5473684210526315,0.5777777777777777,0.52,bert-base-multilingual-cased,8427,"df_evalita20_train(4785)
train_incelsis(3642)",dev_incelsis(780),test_fdb_500(500),35
5.0,0.8433734939759037,0.8045977011494253,0.8860759493670886,0.5691906005221933,0.5956284153005464,0.545,bert-base-multilingual-cased,8427,"df_evalita20_train(4785)
train_incelsis(3642)",dev_incelsis(780),test_fdb_500(500),35
