epoch,val_f1,val_prec,val_rec,test_f1,test_prec,test_rec,model,train_len,train_set(s),dev_set(s),test_set(s),run_id
1.0,0.822950819672131,0.8537414965986394,0.7943037974683544,0.6553398058252428,0.6367924528301887,0.675,bert-base-multilingual-cased,8427,"df_evalita20_train(4785)
train_incelsis(3642)",dev_incelsis(780),test_fdb_500(500),35
2.0,0.8438948995363216,0.824773413897281,0.8639240506329114,0.5587467362924281,0.5846994535519126,0.535,bert-base-multilingual-cased,8427,"df_evalita20_train(4785)
train_incelsis(3642)",dev_incelsis(780),test_fdb_500(500),35
3.0,0.846986089644513,0.8277945619335347,0.8670886075949367,0.5654450261780104,0.5934065934065934,0.54,bert-base-multilingual-cased,8427,"df_evalita20_train(4785)
train_incelsis(3642)",dev_incelsis(780),test_fdb_500(500),35
4.0,0.8458015267175573,0.8171091445427728,0.8765822784810127,0.5300546448087432,0.5843373493975904,0.485,bert-base-multilingual-cased,8427,"df_evalita20_train(4785)
train_incelsis(3642)",dev_incelsis(780),test_fdb_500(500),35
5.0,0.8340943683409436,0.8035190615835777,0.8670886075949367,0.5493333333333333,0.5885714285714285,0.515,bert-base-multilingual-cased,8427,"df_evalita20_train(4785)
train_incelsis(3642)",dev_incelsis(780),test_fdb_500(500),35
