epoch,val_f1,val_prec,val_rec,test_f1,test_prec,test_rec,model,train_len,train_set(s),dev_set(s),test_set(s),run_id
1.0,0.8416,0.8511326860841424,0.8322784810126582,0.6037735849056605,0.5714285714285714,0.64,bert-base-multilingual-cased,8427,"df_evalita20_train(4785)
train_incelsis(3642)",dev_incelsis(780),test_fdb_500(500),35
2.0,0.8336134453781512,0.8888888888888888,0.7848101265822784,0.481994459833795,0.5403726708074534,0.435,bert-base-multilingual-cased,8427,"df_evalita20_train(4785)
train_incelsis(3642)",dev_incelsis(780),test_fdb_500(500),35
3.0,0.848297213622291,0.8303030303030303,0.8670886075949367,0.5307262569832402,0.6012658227848101,0.475,bert-base-multilingual-cased,8427,"df_evalita20_train(4785)
train_incelsis(3642)",dev_incelsis(780),test_fdb_500(500),35
4.0,0.8311306901615271,0.7753424657534247,0.8955696202531646,0.6032482598607889,0.5627705627705628,0.65,bert-base-multilingual-cased,8427,"df_evalita20_train(4785)
train_incelsis(3642)",dev_incelsis(780),test_fdb_500(500),35
5.0,0.8396946564885496,0.8112094395280236,0.870253164556962,0.5435897435897435,0.5578947368421052,0.53,bert-base-multilingual-cased,8427,"df_evalita20_train(4785)
train_incelsis(3642)",dev_incelsis(780),test_fdb_500(500),35
