epoch,val_f1,val_prec,val_rec,test_f1,test_prec,test_rec,model,train_len,train_set(s),dev_set(s),test_set(s),run_id
1.0,0.832807570977918,0.8301886792452831,0.8354430379746836,0.4807121661721069,0.5912408759124088,0.405,bert-base-multilingual-cased,8427,"df_evalita20_train(4785)
train_incelsis(3642)",dev_incelsis(780),test_fdb_500(500),35
2.0,0.8318042813455658,0.8047337278106509,0.8607594936708861,0.5212765957446808,0.5568181818181818,0.49,bert-base-multilingual-cased,8427,"df_evalita20_train(4785)
train_incelsis(3642)",dev_incelsis(780),test_fdb_500(500),35
3.0,0.8445121951219512,0.8147058823529412,0.8765822784810127,0.46760563380281694,0.535483870967742,0.415,bert-base-multilingual-cased,8427,"df_evalita20_train(4785)
train_incelsis(3642)",dev_incelsis(780),test_fdb_500(500),35
4.0,0.8424437299035369,0.8562091503267973,0.8291139240506329,0.411214953271028,0.5454545454545454,0.33,bert-base-multilingual-cased,8427,"df_evalita20_train(4785)
train_incelsis(3642)",dev_incelsis(780),test_fdb_500(500),35
5.0,0.840625,0.8302469135802469,0.8512658227848101,0.4817927170868347,0.5477707006369427,0.43,bert-base-multilingual-cased,8427,"df_evalita20_train(4785)
train_incelsis(3642)",dev_incelsis(780),test_fdb_500(500),35
