epoch,val_f1,val_prec,val_rec,test_f1,test_prec,test_rec,model,train_len,train_set(s),dev_set(s),test_set(s),run_id
1.0,0.8076256499133451,0.89272030651341,0.7373417721518988,0.6442307692307693,0.6203703703703703,0.67,bert-base-multilingual-cased,7142,"train_incelsis(3642)
df_ami20_train(3500)",dev_incelsis(780),test_fdb_500(500),36
2.0,0.8221225710014947,0.7790368271954674,0.870253164556962,0.6054590570719603,0.6009852216748769,0.61,bert-base-multilingual-cased,7142,"train_incelsis(3642)
df_ami20_train(3500)",dev_incelsis(780),test_fdb_500(500),36
3.0,0.835130970724191,0.8138138138138138,0.8575949367088608,0.6026666666666667,0.6457142857142857,0.565,bert-base-multilingual-cased,7142,"train_incelsis(3642)
df_ami20_train(3500)",dev_incelsis(780),test_fdb_500(500),36
4.0,0.840625,0.8302469135802469,0.8512658227848101,0.6569343065693429,0.6398104265402843,0.675,bert-base-multilingual-cased,7142,"train_incelsis(3642)
df_ami20_train(3500)",dev_incelsis(780),test_fdb_500(500),36
5.0,0.8485804416403785,0.8459119496855346,0.8512658227848101,0.6256684491978609,0.6724137931034483,0.585,bert-base-multilingual-cased,7142,"train_incelsis(3642)
df_ami20_train(3500)",dev_incelsis(780),test_fdb_500(500),36
