epoch,val_f1,val_prec,val_rec,test_f1,test_prec,test_rec,model,train_len,train_set(s),dev_set(s),test_set(s),run_id
1.0,0.8438003220611916,0.8590163934426229,0.8291139240506329,0.6493506493506493,0.6756756756756757,0.625,bert-base-multilingual-cased,7142,"train_incelsis(3642)
df_ami20_train(3500)",dev_incelsis(780),test_fdb_500(500),36
2.0,0.8383045525902669,0.8317757009345794,0.8449367088607594,0.567251461988304,0.6830985915492958,0.485,bert-base-multilingual-cased,7142,"train_incelsis(3642)
df_ami20_train(3500)",dev_incelsis(780),test_fdb_500(500),36
3.0,0.8318318318318318,0.7914285714285715,0.8765822784810127,0.6432160804020101,0.6464646464646465,0.64,bert-base-multilingual-cased,7142,"train_incelsis(3642)
df_ami20_train(3500)",dev_incelsis(780),test_fdb_500(500),36
4.0,0.8383045525902669,0.8317757009345794,0.8449367088607594,0.6225895316804407,0.6932515337423313,0.565,bert-base-multilingual-cased,7142,"train_incelsis(3642)
df_ami20_train(3500)",dev_incelsis(780),test_fdb_500(500),36
5.0,0.8341232227488151,0.832807570977918,0.8354430379746836,0.6149584487534626,0.6894409937888198,0.555,bert-base-multilingual-cased,7142,"train_incelsis(3642)
df_ami20_train(3500)",dev_incelsis(780),test_fdb_500(500),36
