epoch,val_f1,val_prec,val_rec,test_f1,test_prec,test_rec,model,train_len,train_set(s),dev_set(s),test_set(s),run_id
1.0,0.7600767754318617,0.9658536585365853,0.6265822784810127,0.37999999999999995,0.57,0.285,bert-base-multilingual-cased,7142,"train_incelsis(3642)
df_ami20_train(3500)",dev_incelsis(780),test_fdb_500(500),36
2.0,0.8472440944881889,0.8432601880877743,0.8512658227848101,0.5582822085889572,0.7222222222222222,0.455,bert-base-multilingual-cased,7142,"train_incelsis(3642)
df_ami20_train(3500)",dev_incelsis(780),test_fdb_500(500),36
3.0,0.8392282958199356,0.8529411764705882,0.8259493670886076,0.4904458598726115,0.6754385964912281,0.385,bert-base-multilingual-cased,7142,"train_incelsis(3642)
df_ami20_train(3500)",dev_incelsis(780),test_fdb_500(500),36
4.0,0.8492307692307692,0.8263473053892215,0.8734177215189873,0.6736842105263158,0.7111111111111111,0.64,bert-base-multilingual-cased,7142,"train_incelsis(3642)
df_ami20_train(3500)",dev_incelsis(780),test_fdb_500(500),36
5.0,0.8385093167701863,0.823170731707317,0.8544303797468354,0.6666666666666666,0.7142857142857143,0.625,bert-base-multilingual-cased,7142,"train_incelsis(3642)
df_ami20_train(3500)",dev_incelsis(780),test_fdb_500(500),36
