epoch,val_f1,val_prec,val_rec,test_f1,test_prec,test_rec,model,train_len,train_set(s),dev_set(s),test_set(s),run_id
1.0,0.836248012718601,0.8402555910543131,0.8322784810126582,0.655421686746988,0.6325581395348837,0.68,bert-base-multilingual-cased,7142,"train_incelsis(3642)
df_ami20_train(3500)",dev_incelsis(780),test_fdb_500(500),36
2.0,0.8603531300160514,0.8729641693811075,0.8481012658227848,0.5938375350140056,0.6751592356687898,0.53,bert-base-multilingual-cased,7142,"train_incelsis(3642)
df_ami20_train(3500)",dev_incelsis(780),test_fdb_500(500),36
3.0,0.8344370860927153,0.875,0.7974683544303798,0.5420560747663551,0.71900826446281,0.435,bert-base-multilingual-cased,7142,"train_incelsis(3642)
df_ami20_train(3500)",dev_incelsis(780),test_fdb_500(500),36
4.0,0.8512658227848101,0.8512658227848101,0.8512658227848101,0.6294416243654821,0.6391752577319587,0.62,bert-base-multilingual-cased,7142,"train_incelsis(3642)
df_ami20_train(3500)",dev_incelsis(780),test_fdb_500(500),36
5.0,0.8476190476190476,0.8503184713375797,0.8449367088607594,0.6153846153846153,0.7152317880794702,0.54,bert-base-multilingual-cased,7142,"train_incelsis(3642)
df_ami20_train(3500)",dev_incelsis(780),test_fdb_500(500),36
