epoch,val_f1,val_prec,val_rec,test_f1,test_prec,test_rec,model,train_len,train_set(s),dev_set(s),test_set(s),run_id
1.0,0.8520325203252033,0.8762541806020067,0.8291139240506329,0.6301369863013698,0.696969696969697,0.575,bert-base-multilingual-cased,7142,"train_incelsis(3642)
df_ami20_train(3500)",dev_incelsis(780),test_fdb_500(500),36
2.0,0.8382126348228044,0.8168168168168168,0.8607594936708861,0.6434316353887399,0.6936416184971098,0.6,bert-base-multilingual-cased,7142,"train_incelsis(3642)
df_ami20_train(3500)",dev_incelsis(780),test_fdb_500(500),36
3.0,0.8391167192429022,0.8364779874213837,0.8417721518987342,0.6889460154241646,0.708994708994709,0.67,bert-base-multilingual-cased,7142,"train_incelsis(3642)
df_ami20_train(3500)",dev_incelsis(780),test_fdb_500(500),36
4.0,0.8376327769347496,0.8046647230320699,0.8734177215189873,0.636604774535809,0.6779661016949152,0.6,bert-base-multilingual-cased,7142,"train_incelsis(3642)
df_ami20_train(3500)",dev_incelsis(780),test_fdb_500(500),36
5.0,0.8500000000000001,0.8395061728395061,0.8607594936708861,0.6494845360824743,0.6702127659574468,0.63,bert-base-multilingual-cased,7142,"train_incelsis(3642)
df_ami20_train(3500)",dev_incelsis(780),test_fdb_500(500),36
