epoch,val_f1,val_prec,val_rec,test_f1,test_prec,test_rec,model,train_len,train_set(s),dev_set(s),test_set(s),run_id
1.0,0.8372827804107426,0.8359621451104101,0.8386075949367089,0.6042154566744731,0.5682819383259912,0.645,bert-base-multilingual-cased,10526,"df_evalita20_train(4785)
train_incelsis(3642)
df_evalita18facebook_train(2099)",dev_incelsis(780),test_fdb_500(500),37
2.0,0.8301886792452831,0.7667560321715817,0.9050632911392406,0.6452991452991452,0.5634328358208955,0.755,bert-base-multilingual-cased,10526,"df_evalita20_train(4785)
train_incelsis(3642)
df_evalita18facebook_train(2099)",dev_incelsis(780),test_fdb_500(500),37
3.0,0.8348909657320872,0.8220858895705522,0.8481012658227848,0.6164079822616408,0.5537848605577689,0.695,bert-base-multilingual-cased,10526,"df_evalita20_train(4785)
train_incelsis(3642)
df_evalita18facebook_train(2099)",dev_incelsis(780),test_fdb_500(500),37
4.0,0.8504672897196263,0.8374233128834356,0.8639240506329114,0.5742092457420924,0.5592417061611374,0.59,bert-base-multilingual-cased,10526,"df_evalita20_train(4785)
train_incelsis(3642)
df_evalita18facebook_train(2099)",dev_incelsis(780),test_fdb_500(500),37
5.0,0.8512658227848101,0.8512658227848101,0.8512658227848101,0.6077097505668934,0.5560165975103735,0.67,bert-base-multilingual-cased,10526,"df_evalita20_train(4785)
train_incelsis(3642)
df_evalita18facebook_train(2099)",dev_incelsis(780),test_fdb_500(500),37
