epoch,val_f1,val_prec,val_rec,test_f1,test_prec,test_rec,model,train_len,train_set(s),dev_set(s),test_set(s),run_id
1.0,0.8359240069084629,0.9201520912547528,0.7658227848101266,0.6119402985074628,0.6089108910891089,0.615,bert-base-multilingual-cased,10526,"df_evalita20_train(4785)
train_incelsis(3642)
df_evalita18facebook_train(2099)",dev_incelsis(780),test_fdb_500(500),37
2.0,0.8397435897435898,0.8506493506493507,0.8291139240506329,0.5520833333333334,0.5760869565217391,0.53,bert-base-multilingual-cased,10526,"df_evalita20_train(4785)
train_incelsis(3642)
df_evalita18facebook_train(2099)",dev_incelsis(780),test_fdb_500(500),37
3.0,0.8200312989045383,0.8111455108359134,0.8291139240506329,0.6361746361746362,0.5444839857651246,0.765,bert-base-multilingual-cased,10526,"df_evalita20_train(4785)
train_incelsis(3642)
df_evalita18facebook_train(2099)",dev_incelsis(780),test_fdb_500(500),37
4.0,0.8385093167701863,0.823170731707317,0.8544303797468354,0.6361556064073227,0.5864978902953587,0.695,bert-base-multilingual-cased,10526,"df_evalita20_train(4785)
train_incelsis(3642)
df_evalita18facebook_train(2099)",dev_incelsis(780),test_fdb_500(500),37
5.0,0.8390092879256966,0.8212121212121212,0.8575949367088608,0.6228070175438596,0.5546875,0.71,bert-base-multilingual-cased,10526,"df_evalita20_train(4785)
train_incelsis(3642)
df_evalita18facebook_train(2099)",dev_incelsis(780),test_fdb_500(500),37
