epoch,val_f1,val_prec,val_rec,test_f1,test_prec,test_rec,model,train_len,train_set(s),dev_set(s),test_set(s),run_id
1.0,0.8434108527131783,0.8267477203647416,0.8607594936708861,0.6762886597938145,0.5754385964912281,0.82,bert-base-multilingual-cased,9241,"train_incelsis(3642)
df_ami20_train(3500)
df_evalita18facebook_train(2099)",dev_incelsis(780),test_fdb_500(500),38
2.0,0.8256880733944953,0.7988165680473372,0.8544303797468354,0.658682634730539,0.5481727574750831,0.825,bert-base-multilingual-cased,9241,"train_incelsis(3642)
df_ami20_train(3500)
df_evalita18facebook_train(2099)",dev_incelsis(780),test_fdb_500(500),38
3.0,0.8412438625204582,0.8711864406779661,0.8132911392405063,0.6220095693779903,0.5963302752293578,0.65,bert-base-multilingual-cased,9241,"train_incelsis(3642)
df_ami20_train(3500)
df_evalita18facebook_train(2099)",dev_incelsis(780),test_fdb_500(500),38
4.0,0.8233532934131736,0.78125,0.870253164556962,0.6825396825396826,0.5657894736842105,0.86,bert-base-multilingual-cased,9241,"train_incelsis(3642)
df_ami20_train(3500)
df_evalita18facebook_train(2099)",dev_incelsis(780),test_fdb_500(500),38
5.0,0.8377125193199382,0.8187311178247734,0.8575949367088608,0.6761710794297352,0.570446735395189,0.83,bert-base-multilingual-cased,9241,"train_incelsis(3642)
df_ami20_train(3500)
df_evalita18facebook_train(2099)",dev_incelsis(780),test_fdb_500(500),38
