epoch,val_f1,val_prec,val_rec,test_f1,test_prec,test_rec,model,train_len,train_set(s),dev_set(s),test_set(s),run_id
1.0,0.8450704225352113,0.8359133126934984,0.8544303797468354,0.6082474226804124,0.6276595744680851,0.59,bert-base-multilingual-cased,11927,"df_evalita20_train(4785)
train_incelsis(3642)
df_ami20_train(3500)",dev_incelsis(780),test_fdb_500(500),39
2.0,0.8500772797527048,0.8308157099697885,0.870253164556962,0.5077399380804953,0.6666666666666666,0.41,bert-base-multilingual-cased,11927,"df_evalita20_train(4785)
train_incelsis(3642)
df_ami20_train(3500)",dev_incelsis(780),test_fdb_500(500),39
3.0,0.8393135725429018,0.8276923076923077,0.8512658227848101,0.5843828715365238,0.5888324873096447,0.58,bert-base-multilingual-cased,11927,"df_evalita20_train(4785)
train_incelsis(3642)
df_ami20_train(3500)",dev_incelsis(780),test_fdb_500(500),39
4.0,0.8553259141494435,0.8594249201277955,0.8512658227848101,0.5321637426900584,0.6408450704225352,0.455,bert-base-multilingual-cased,11927,"df_evalita20_train(4785)
train_incelsis(3642)
df_ami20_train(3500)",dev_incelsis(780),test_fdb_500(500),39
5.0,0.8566929133858268,0.8526645768025078,0.8607594936708861,0.5614973262032086,0.603448275862069,0.525,bert-base-multilingual-cased,11927,"df_evalita20_train(4785)
train_incelsis(3642)
df_ami20_train(3500)",dev_incelsis(780),test_fdb_500(500),39
