epoch,val_f1,val_prec,val_rec,test_f1,test_prec,test_rec,model,train_len,train_set(s),dev_set(s),test_set(s),run_id
1.0,0.8369747899159664,0.8924731182795699,0.7879746835443038,0.5000000000000001,0.6810344827586207,0.395,bert-base-multilingual-cased,14026,"df_evalita20_train(4785)
train_incelsis(3642)
df_ami20_train(3500)
df_evalita18facebook_train(2099)",dev_incelsis(780),test_fdb_500(500),40
2.0,0.8396694214876033,0.8788927335640139,0.8037974683544303,0.5433526011560693,0.6438356164383562,0.47,bert-base-multilingual-cased,14026,"df_evalita20_train(4785)
train_incelsis(3642)
df_ami20_train(3500)
df_evalita18facebook_train(2099)",dev_incelsis(780),test_fdb_500(500),40
3.0,0.8528925619834712,0.8927335640138409,0.8164556962025317,0.6288416075650118,0.5964125560538116,0.665,bert-base-multilingual-cased,14026,"df_evalita20_train(4785)
train_incelsis(3642)
df_ami20_train(3500)
df_evalita18facebook_train(2099)",dev_incelsis(780),test_fdb_500(500),40
4.0,0.84080370942813,0.8217522658610272,0.8607594936708861,0.6221198156682027,0.5769230769230769,0.675,bert-base-multilingual-cased,14026,"df_evalita20_train(4785)
train_incelsis(3642)
df_ami20_train(3500)
df_evalita18facebook_train(2099)",dev_incelsis(780),test_fdb_500(500),40
5.0,0.8354430379746836,0.8354430379746836,0.8354430379746836,0.5980861244019139,0.573394495412844,0.625,bert-base-multilingual-cased,14026,"df_evalita20_train(4785)
train_incelsis(3642)
df_ami20_train(3500)
df_evalita18facebook_train(2099)",dev_incelsis(780),test_fdb_500(500),40
