epoch,val_f1,val_prec,val_rec,test_f1,test_prec,test_rec,model,train_len,train_set(s),dev_set(s),test_set(s),run_id
1.0,0.8382838283828382,0.8758620689655172,0.8037974683544303,0.6244343891402714,0.5702479338842975,0.69,bert-base-multilingual-cased,14026,"df_evalita20_train(4785)
train_incelsis(3642)
df_ami20_train(3500)
df_evalita18facebook_train(2099)",dev_incelsis(780),test_fdb_500(500),40
2.0,0.8128,0.8220064724919094,0.8037974683544303,0.6575342465753424,0.6050420168067226,0.72,bert-base-multilingual-cased,14026,"df_evalita20_train(4785)
train_incelsis(3642)
df_ami20_train(3500)
df_evalita18facebook_train(2099)",dev_incelsis(780),test_fdb_500(500),40
3.0,0.8178807947019867,0.8576388888888888,0.7816455696202531,0.6142506142506142,0.6038647342995169,0.625,bert-base-multilingual-cased,14026,"df_evalita20_train(4785)
train_incelsis(3642)
df_ami20_train(3500)
df_evalita18facebook_train(2099)",dev_incelsis(780),test_fdb_500(500),40
4.0,0.8196721311475409,0.8503401360544217,0.7911392405063291,0.6009615384615384,0.5787037037037037,0.625,bert-base-multilingual-cased,14026,"df_evalita20_train(4785)
train_incelsis(3642)
df_ami20_train(3500)
df_evalita18facebook_train(2099)",dev_incelsis(780),test_fdb_500(500),40
5.0,0.825242718446602,0.8443708609271523,0.8069620253164557,0.6448598130841122,0.6052631578947368,0.69,bert-base-multilingual-cased,14026,"df_evalita20_train(4785)
train_incelsis(3642)
df_ami20_train(3500)
df_evalita18facebook_train(2099)",dev_incelsis(780),test_fdb_500(500),40
