epoch,val_f1,val_prec,val_rec,test_f1,test_prec,test_rec,model,train_len,train_set(s),dev_set(s),test_set(s),run_id
1.0,0.8214285714285714,0.8433333333333334,0.8006329113924051,0.5912596401028276,0.6084656084656085,0.575,bert-base-multilingual-cased,14026,"df_evalita20_train(4785)
train_incelsis(3642)
df_ami20_train(3500)
df_evalita18facebook_train(2099)",dev_incelsis(780),test_fdb_500(500),40
2.0,0.827922077922078,0.85,0.8069620253164557,0.6409090909090909,0.5875,0.705,bert-base-multilingual-cased,14026,"df_evalita20_train(4785)
train_incelsis(3642)
df_ami20_train(3500)
df_evalita18facebook_train(2099)",dev_incelsis(780),test_fdb_500(500),40
3.0,0.835725677830941,0.842443729903537,0.8291139240506329,0.6428571428571429,0.6136363636363636,0.675,bert-base-multilingual-cased,14026,"df_evalita20_train(4785)
train_incelsis(3642)
df_ami20_train(3500)
df_evalita18facebook_train(2099)",dev_incelsis(780),test_fdb_500(500),40
4.0,0.8400000000000001,0.8173652694610778,0.8639240506329114,0.6171693735498841,0.5757575757575758,0.665,bert-base-multilingual-cased,14026,"df_evalita20_train(4785)
train_incelsis(3642)
df_ami20_train(3500)
df_evalita18facebook_train(2099)",dev_incelsis(780),test_fdb_500(500),40
5.0,0.8370607028753995,0.8451612903225807,0.8291139240506329,0.6103286384976525,0.5752212389380531,0.65,bert-base-multilingual-cased,14026,"df_evalita20_train(4785)
train_incelsis(3642)
df_ami20_train(3500)
df_evalita18facebook_train(2099)",dev_incelsis(780),test_fdb_500(500),40
