epoch,val_f1,val_prec,val_rec,test_f1,test_prec,test_rec,model,train_len,train_set(s),dev_set(s),test_set(s),run_id
1.0,0.8276972624798712,0.8426229508196721,0.8132911392405063,0.6406926406926408,0.5648854961832062,0.74,bert-base-multilingual-cased,14026,"df_evalita20_train(4785)
train_incelsis(3642)
df_ami20_train(3500)
df_evalita18facebook_train(2099)",dev_incelsis(780),test_fdb_500(500),40
2.0,0.831081081081081,0.8913043478260869,0.7784810126582279,0.5015105740181269,0.6335877862595419,0.415,bert-base-multilingual-cased,14026,"df_evalita20_train(4785)
train_incelsis(3642)
df_ami20_train(3500)
df_evalita18facebook_train(2099)",dev_incelsis(780),test_fdb_500(500),40
3.0,0.8310077519379845,0.8145896656534954,0.8481012658227848,0.630669546436285,0.5551330798479087,0.73,bert-base-multilingual-cased,14026,"df_evalita20_train(4785)
train_incelsis(3642)
df_ami20_train(3500)
df_evalita18facebook_train(2099)",dev_incelsis(780),test_fdb_500(500),40
4.0,0.835725677830941,0.842443729903537,0.8291139240506329,0.6298850574712643,0.5829787234042553,0.685,bert-base-multilingual-cased,14026,"df_evalita20_train(4785)
train_incelsis(3642)
df_ami20_train(3500)
df_evalita18facebook_train(2099)",dev_incelsis(780),test_fdb_500(500),40
5.0,0.8444444444444446,0.8471337579617835,0.8417721518987342,0.61,0.61,0.61,bert-base-multilingual-cased,14026,"df_evalita20_train(4785)
train_incelsis(3642)
df_ami20_train(3500)
df_evalita18facebook_train(2099)",dev_incelsis(780),test_fdb_500(500),40
