epoch,val_f1,val_prec,val_rec,test_f1,test_prec,test_rec,model,train_len,train_set(s),dev_set(s),test_set(s),run_id
1.0,0.8425655976676385,0.7810810810810811,0.9145569620253164,0.5035971223021583,0.8974358974358975,0.35,incel-bert-base-multilingual-cased-1000k_multi,3642,train_incelsis(3642),dev_incelsis(780),test_fdb_500(500),17
2.0,0.8492706645056726,0.8704318936877077,0.8291139240506329,0.301255230125523,0.9230769230769231,0.18,incel-bert-base-multilingual-cased-1000k_multi,3642,train_incelsis(3642),dev_incelsis(780),test_fdb_500(500),17
3.0,0.8545994065281899,0.8044692737430168,0.9113924050632911,0.5704697986577181,0.8673469387755102,0.425,incel-bert-base-multilingual-cased-1000k_multi,3642,train_incelsis(3642),dev_incelsis(780),test_fdb_500(500),17
4.0,0.8575899843505477,0.848297213622291,0.8670886075949367,0.4723247232472325,0.9014084507042254,0.32,incel-bert-base-multilingual-cased-1000k_multi,3642,train_incelsis(3642),dev_incelsis(780),test_fdb_500(500),17
