epoch,val_f1,val_prec,val_rec,test_f1,test_prec,test_rec,model,train_len,train_set(s),dev_set(s),test_set(s),run_id
1.0,0.8507936507936509,0.8535031847133758,0.8481012658227848,0.6725146198830408,0.8098591549295775,0.575,incel-bert-base-multilingual-cased-1000k_multi,12642,"train_hateval_2019_spanish(4500)
train_hateval_2019_english(4500)
train_incelsis(3642)",dev_incelsis(780),test_fdb_500(500),20
2.0,0.8576051779935276,0.8774834437086093,0.8386075949367089,0.5478547854785479,0.8058252427184466,0.415,incel-bert-base-multilingual-cased-1000k_multi,12642,"train_hateval_2019_spanish(4500)
train_hateval_2019_english(4500)
train_incelsis(3642)",dev_incelsis(780),test_fdb_500(500),20
3.0,0.8629921259842519,0.8589341692789969,0.8670886075949367,0.6371681415929203,0.7769784172661871,0.54,incel-bert-base-multilingual-cased-1000k_multi,12642,"train_hateval_2019_spanish(4500)
train_hateval_2019_english(4500)
train_incelsis(3642)",dev_incelsis(780),test_fdb_500(500),20
4.0,0.8639240506329114,0.8639240506329114,0.8639240506329114,0.625368731563422,0.762589928057554,0.53,incel-bert-base-multilingual-cased-1000k_multi,12642,"train_hateval_2019_spanish(4500)
train_hateval_2019_english(4500)
train_incelsis(3642)",dev_incelsis(780),test_fdb_500(500),20
