epoch,val_f1,val_prec,val_rec,test_f1,test_prec,test_rec,model,train_len,train_set(s),dev_set(s),test_set(s),run_id
1.0,0.858433734939759,0.8189655172413793,0.9018987341772152,0.6953405017921146,0.5418994413407822,0.97,incel-bert-base-multilingual-cased-1000k_multi,6642,"train_incelsis(3642)
train_evalita18facebook(3000)",dev_incelsis(780),test_fdb_500(500),21
2.0,0.8436578171091446,0.7900552486187845,0.9050632911392406,0.7042253521126761,0.5892255892255892,0.875,incel-bert-base-multilingual-cased-1000k_multi,6642,"train_incelsis(3642)
train_evalita18facebook(3000)",dev_incelsis(780),test_fdb_500(500),21
3.0,0.8721109399075502,0.8498498498498499,0.8955696202531646,0.7093023255813954,0.5791139240506329,0.915,incel-bert-base-multilingual-cased-1000k_multi,6642,"train_incelsis(3642)
train_evalita18facebook(3000)",dev_incelsis(780),test_fdb_500(500),21
4.0,0.8616852146263911,0.865814696485623,0.8575949367088608,0.7068273092369478,0.5906040268456376,0.88,incel-bert-base-multilingual-cased-1000k_multi,6642,"train_incelsis(3642)
train_evalita18facebook(3000)",dev_incelsis(780),test_fdb_500(500),21
