epoch,val_f1,val_prec,val_rec,test_f1,test_prec,test_rec,model,train_len,train_set(s),dev_set(s),test_set(s),run_id
1.0,0.8632218844984803,0.8304093567251462,0.8987341772151899,0.7281795511221945,0.7263681592039801,0.73,incel-bert-base-multilingual-cased-1000k_multi,6642,"train_incelsis(3642)
train_evalita18twitter(3000)",dev_incelsis(780),test_fdb_500(500),22
2.0,0.8597285067873304,0.8213256484149856,0.9018987341772152,0.6595174262734584,0.7109826589595376,0.615,incel-bert-base-multilingual-cased-1000k_multi,6642,"train_incelsis(3642)
train_evalita18twitter(3000)",dev_incelsis(780),test_fdb_500(500),22
3.0,0.8686244204018547,0.8489425981873112,0.8892405063291139,0.6410256410256411,0.6578947368421053,0.625,incel-bert-base-multilingual-cased-1000k_multi,6642,"train_incelsis(3642)
train_evalita18twitter(3000)",dev_incelsis(780),test_fdb_500(500),22
4.0,0.8669796557120502,0.8575851393188855,0.8765822784810127,0.6434316353887399,0.6936416184971098,0.6,incel-bert-base-multilingual-cased-1000k_multi,6642,"train_incelsis(3642)
train_evalita18twitter(3000)",dev_incelsis(780),test_fdb_500(500),22
