epoch,val_f1,val_prec,val_rec,test_f1,test_prec,test_rec,model,train_len,train_set(s),dev_set(s),test_set(s),run_id
1.0,0.8599348534201955,0.8859060402684564,0.8354430379746836,0.7114967462039047,0.6283524904214559,0.82,incel-bert-base-multilingual-cased-1000k_multi,9642,"train_incelsis(3642)
train_evalita18facebook(3000)
train_evalita18twitter(3000)",dev_incelsis(780),test_fdb_500(500),23
2.0,0.8613376835236541,0.8888888888888888,0.8354430379746836,0.702258726899384,0.5958188153310104,0.855,incel-bert-base-multilingual-cased-1000k_multi,9642,"train_incelsis(3642)
train_evalita18facebook(3000)
train_evalita18twitter(3000)",dev_incelsis(780),test_fdb_500(500),23
3.0,0.8515742128935532,0.8091168091168092,0.8987341772151899,0.6838709677419355,0.6,0.795,incel-bert-base-multilingual-cased-1000k_multi,9642,"train_incelsis(3642)
train_evalita18facebook(3000)
train_evalita18twitter(3000)",dev_incelsis(780),test_fdb_500(500),23
4.0,0.8624999999999999,0.8518518518518519,0.8734177215189873,0.687089715536105,0.6108949416342413,0.785,incel-bert-base-multilingual-cased-1000k_multi,9642,"train_incelsis(3642)
train_evalita18facebook(3000)
train_evalita18twitter(3000)",dev_incelsis(780),test_fdb_500(500),23
