epoch,val_f1,val_prec,val_rec,test_f1,test_prec,test_rec,model,train_len,train_set(s),dev_set(s),test_set(s),run_id
1.0,0.8717156105100463,0.851963746223565,0.8924050632911392,0.917705735660848,0.8975609756097561,0.9387755102040817,incel-bert-base-uncased-1000k_english,3642,train_incelsis(3642),dev_incelsis(780),test_incelsis(300),RANLP_review_metrics_incel_terms
2.0,0.8746177370030582,0.8461538461538461,0.9050632911392406,0.9349999999999999,0.9166666666666666,0.9540816326530612,incel-bert-base-uncased-1000k_english,3642,train_incelsis(3642),dev_incelsis(780),test_incelsis(300),RANLP_review_metrics_incel_terms
3.0,0.8764044943820224,0.8892508143322475,0.8639240506329114,0.9390862944162437,0.9343434343434344,0.9438775510204082,incel-bert-base-uncased-1000k_english,3642,train_incelsis(3642),dev_incelsis(780),test_incelsis(300),RANLP_review_metrics_incel_terms
4.0,0.8821656050955414,0.8878205128205128,0.8765822784810127,0.9417721518987343,0.9346733668341709,0.9489795918367347,incel-bert-base-uncased-1000k_english,3642,train_incelsis(3642),dev_incelsis(780),test_incelsis(300),RANLP_review_metrics_incel_terms
