epoch,val_f1,val_prec,val_rec,test_f1,test_prec,test_rec,test_incels_f1,test_incels_prec,test_incels_rec,model,train_len,train_set(s),dev_set(s),test_set(s),run_id
1.0,0.8277945619335346,0.791907514450867,0.8670886075949367,0.40293040293040294,0.7534246575342466,0.275,0.8165869218500797,0.764179104477612,0.8767123287671232,incel-bert-base-multilingual-cased-100k_english,3642,train_incelsis(3642),dev_incelsis(780),test_fdb_500(500),17
2.0,0.849612403100775,0.8328267477203647,0.8670886075949367,0.3294117647058824,0.7636363636363637,0.21,0.8440065681444991,0.8107255520504731,0.8801369863013698,incel-bert-base-multilingual-cased-100k_english,3642,train_incelsis(3642),dev_incelsis(780),test_fdb_500(500),17
3.0,0.8417910447761193,0.7966101694915254,0.8924050632911392,0.49342105263157887,0.7211538461538461,0.375,0.8370607028753995,0.7844311377245509,0.8972602739726028,incel-bert-base-multilingual-cased-100k_english,3642,train_incelsis(3642),dev_incelsis(780),test_fdb_500(500),17
4.0,0.8562596599690881,0.8368580060422961,0.8765822784810127,0.46689895470383275,0.7701149425287356,0.335,0.8472906403940886,0.8138801261829653,0.8835616438356164,incel-bert-base-multilingual-cased-100k_english,3642,train_incelsis(3642),dev_incelsis(780),test_fdb_500(500),17
