epoch,val_f1,val_prec,val_rec,test_f1,test_prec,test_rec,test_incels_f1,test_incels_prec,test_incels_rec,model,train_len,train_set(s),dev_set(s),test_set(s),run_id
1.0,0.8166409861325116,0.7957957957957958,0.8386075949367089,0.3609022556390977,0.7272727272727273,0.24,0.8221859706362153,0.7850467289719626,0.863013698630137,incel-bert-base-multilingual-cased-100k_english,3642,train_incelsis(3642),dev_incelsis(780),test_fdb_500(500),17
2.0,0.8486739469578783,0.8369230769230769,0.8607594936708861,0.31275720164609055,0.8837209302325582,0.19,0.8391376451077944,0.8135048231511254,0.8664383561643836,incel-bert-base-multilingual-cased-100k_english,3642,train_incelsis(3642),dev_incelsis(780),test_fdb_500(500),17
3.0,0.8325925925925924,0.7827298050139275,0.8892405063291139,0.4818481848184819,0.7087378640776699,0.365,0.8317757009345794,0.7628571428571429,0.9143835616438356,incel-bert-base-multilingual-cased-100k_english,3642,train_incelsis(3642),dev_incelsis(780),test_fdb_500(500),17
4.0,0.8445121951219512,0.8147058823529412,0.8765822784810127,0.4372759856630824,0.7721518987341772,0.305,0.8412438625204582,0.8056426332288401,0.8801369863013698,incel-bert-base-multilingual-cased-100k_english,3642,train_incelsis(3642),dev_incelsis(780),test_fdb_500(500),17
