epoch,val_f1,val_prec,val_rec,test_f1,test_prec,test_rec,test_incels_f1,test_incels_prec,test_incels_rec,model,train_len,train_set(s),dev_set(s),test_set(s),run_id
1.0,0.829268292682927,0.8,0.8607594936708861,0.3826714801444044,0.6883116883116883,0.265,0.8102893890675242,0.7636363636363637,0.863013698630137,incel-bert-base-multilingual-cased-100k_english,3642,train_incelsis(3642),dev_incelsis(780),test_fdb_500(500),17
2.0,0.8522550544323484,0.8379204892966361,0.8670886075949367,0.2869198312236287,0.918918918918919,0.17,0.8283828382838284,0.7993630573248408,0.8595890410958904,incel-bert-base-multilingual-cased-100k_english,3642,train_incelsis(3642),dev_incelsis(780),test_fdb_500(500),17
3.0,0.8454545454545455,0.811046511627907,0.8829113924050633,0.4529616724738676,0.7471264367816092,0.325,0.8295819935691318,0.7818181818181819,0.8835616438356164,incel-bert-base-multilingual-cased-100k_english,3642,train_incelsis(3642),dev_incelsis(780),test_fdb_500(500),17
4.0,0.8536209553158707,0.8318318318318318,0.8765822784810127,0.4412811387900356,0.7654320987654321,0.31,0.8448844884488449,0.8152866242038217,0.8767123287671232,incel-bert-base-multilingual-cased-100k_english,3642,train_incelsis(3642),dev_incelsis(780),test_fdb_500(500),17
