epoch,val_f1,val_prec,val_rec,test_f1,test_prec,test_rec,test_incels_f1,test_incels_prec,test_incels_rec,model,train_len,train_set(s),dev_set(s),test_set(s),run_id
1.0,0.8202080237741456,0.773109243697479,0.8734177215189873,0.4899328859060403,0.7448979591836735,0.365,0.8107255520504733,0.7514619883040936,0.8801369863013698,incel-bert-base-multilingual-cased-100k_english,3642,train_incelsis(3642),dev_incelsis(780),test_fdb_500(500),17
2.0,0.8593272171253823,0.8313609467455622,0.8892405063291139,0.5412541254125411,0.7961165048543689,0.41,0.8227642276422765,0.7832817337461301,0.8664383561643836,incel-bert-base-multilingual-cased-100k_english,3642,train_incelsis(3642),dev_incelsis(780),test_fdb_500(500),17
3.0,0.8506787330316743,0.8126801152737753,0.8924050632911392,0.5286624203821656,0.7280701754385965,0.415,0.832,0.7807807807807807,0.8904109589041096,incel-bert-base-multilingual-cased-100k_english,3642,train_incelsis(3642),dev_incelsis(780),test_fdb_500(500),17
4.0,0.8505392912172572,0.8288288288288288,0.8734177215189873,0.5150501672240803,0.7777777777777778,0.385,0.8314238952536824,0.7962382445141066,0.8698630136986302,incel-bert-base-multilingual-cased-100k_english,3642,train_incelsis(3642),dev_incelsis(780),test_fdb_500(500),17
