epoch,train_loss,val_loss,val_f1,val_prec,val_rec,test_loss,test_f1,test_prec,test_rec,model,train_len,train_set(s),dev_set(s),test_set(s),run_id
3.0,0.4288928806781769,0.33187392354011536,0.7928221859706363,0.8181818181818182,0.7689873417721519,0.3577912449836731,0.7942754919499107,0.8314606741573034,0.7602739726027398,CNN,17766,"hatexplain_binary_train(9624)
train_hateval_2019_english(4500)
train_incelsis(3642)",dev_incelsis(780),test_incelsis(781),14
3.0,0.4341811239719391,0.3676711618900299,0.7956318252730109,0.7846153846153846,0.8069620253164557,0.38358962535858154,0.7933333333333332,0.7727272727272727,0.815068493150685,CNN,17766,"hatexplain_binary_train(9624)
train_hateval_2019_english(4500)
train_incelsis(3642)",dev_incelsis(780),test_incelsis(781),14
3.0,0.42671799659729004,0.32805371284484863,0.8021015761821365,0.8980392156862745,0.7246835443037974,0.35280823707580566,0.7771428571428571,0.8755364806866953,0.6986301369863014,CNN,17766,"hatexplain_binary_train(9624)
train_hateval_2019_english(4500)
train_incelsis(3642)",dev_incelsis(780),test_incelsis(781),14
3.0,0.43252289295196533,0.3514350950717926,0.7932773109243697,0.8458781362007168,0.7468354430379747,0.36964020133018494,0.7824497257769653,0.8392156862745098,0.7328767123287672,CNN,17766,"hatexplain_binary_train(9624)
train_hateval_2019_english(4500)
train_incelsis(3642)",dev_incelsis(780),test_incelsis(781),14
3.0,0.4370228350162506,0.3339862525463104,0.8109028960817716,0.8782287822878229,0.7531645569620253,0.35023233294487,0.7964285714285714,0.832089552238806,0.7636986301369864,CNN,17766,"hatexplain_binary_train(9624)
train_hateval_2019_english(4500)
train_incelsis(3642)",dev_incelsis(780),test_incelsis(781),14
