epoch,val_f1,val_prec,val_rec,test_f1,test_prec,test_rec,model,train_len,train_set(s),dev_set(s),test_set(s),run_id
1.0,0.7954173486088381,0.823728813559322,0.7689873417721519,0.4071428571428571,0.7125,0.285,bert-base-multilingual-cased,3642,train_incelsis(3642),dev_incelsis(780),test_fdb_500(500),17
2.0,0.8548387096774195,0.8717105263157895,0.8386075949367089,0.367816091954023,0.7868852459016393,0.24,bert-base-multilingual-cased,3642,train_incelsis(3642),dev_incelsis(780),test_fdb_500(500),17
3.0,0.8379204892966361,0.8106508875739645,0.8670886075949367,0.4726027397260274,0.75,0.345,bert-base-multilingual-cased,3642,train_incelsis(3642),dev_incelsis(780),test_fdb_500(500),17
4.0,0.8264208909370199,0.8029850746268656,0.8512658227848101,0.4604810996563574,0.7362637362637363,0.335,bert-base-multilingual-cased,3642,train_incelsis(3642),dev_incelsis(780),test_fdb_500(500),17
