epoch,val_f1,val_prec,val_rec,test_f1,test_prec,test_rec,model,train_len,train_set(s),dev_set(s),test_set(s),run_id
1.0,0.8188302425106989,0.7454545454545455,0.9082278481012658,0.5403726708074533,0.7131147540983607,0.435,bert-base-multilingual-cased,3642,train_incelsis(3642),dev_incelsis(780),test_fdb_500(500),17
2.0,0.8620689655172414,0.8540372670807453,0.870253164556962,0.30081300813008127,0.8043478260869565,0.185,bert-base-multilingual-cased,3642,train_incelsis(3642),dev_incelsis(780),test_fdb_500(500),17
3.0,0.8718750000000001,0.8611111111111112,0.8829113924050633,0.24680851063829787,0.8285714285714286,0.145,bert-base-multilingual-cased,3642,train_incelsis(3642),dev_incelsis(780),test_fdb_500(500),17
4.0,0.8624420401854714,0.8429003021148036,0.8829113924050633,0.296,0.74,0.185,bert-base-multilingual-cased,3642,train_incelsis(3642),dev_incelsis(780),test_fdb_500(500),17
