epoch,val_f1,val_prec,val_rec,test_f1,test_prec,test_rec,model,train_len,train_set(s),dev_set(s),test_set(s),run_id
1.0,0.8223999999999999,0.8317152103559871,0.8132911392405063,0.573170731707317,0.734375,0.47,bert-base-multilingual-cased,12642,"train_hateval_2019_spanish(4500)
train_hateval_2019_english(4500)
train_incelsis(3642)",dev_incelsis(780),test_fdb_500(500),20
2.0,0.8584070796460177,0.8038674033149171,0.9208860759493671,0.6253521126760564,0.7161290322580646,0.555,bert-base-multilingual-cased,12642,"train_hateval_2019_spanish(4500)
train_hateval_2019_english(4500)
train_incelsis(3642)",dev_incelsis(780),test_fdb_500(500),20
3.0,0.8367670364500792,0.8380952380952381,0.8354430379746836,0.5731343283582089,0.7111111111111111,0.48,bert-base-multilingual-cased,12642,"train_hateval_2019_spanish(4500)
train_hateval_2019_english(4500)
train_incelsis(3642)",dev_incelsis(780),test_fdb_500(500),20
4.0,0.8460342146189737,0.8318042813455657,0.8607594936708861,0.5821325648414986,0.6870748299319728,0.505,bert-base-multilingual-cased,12642,"train_hateval_2019_spanish(4500)
train_hateval_2019_english(4500)
train_incelsis(3642)",dev_incelsis(780),test_fdb_500(500),20
