epoch,val_f1,val_prec,val_rec,test_f1,test_prec,test_rec,model,train_len,train_set(s),dev_set(s),test_set(s),run_id
1.0,0.8566775244299675,0.8825503355704698,0.8322784810126582,0.6442307692307693,0.6203703703703703,0.67,bert-base-multilingual-cased,16479,"train_evalita20(6837)
train_incelsis(3642)
train_evalita18facebook(3000)
train_evalita18twitter(3000)",dev_incelsis(780),test_fdb_500(500),25
2.0,0.8404907975460123,0.8154761904761905,0.8670886075949367,0.6711409395973154,0.6072874493927125,0.75,bert-base-multilingual-cased,16479,"train_evalita20(6837)
train_incelsis(3642)
train_evalita18facebook(3000)
train_evalita18twitter(3000)",dev_incelsis(780),test_fdb_500(500),25
3.0,0.8499210110584519,0.8485804416403786,0.8512658227848101,0.6608695652173914,0.5846153846153846,0.76,bert-base-multilingual-cased,16479,"train_evalita20(6837)
train_incelsis(3642)
train_evalita18facebook(3000)
train_evalita18twitter(3000)",dev_incelsis(780),test_fdb_500(500),25
4.0,0.8454258675078865,0.8427672955974843,0.8481012658227848,0.6388888888888888,0.5948275862068966,0.69,bert-base-multilingual-cased,16479,"train_evalita20(6837)
train_incelsis(3642)
train_evalita18facebook(3000)
train_evalita18twitter(3000)",dev_incelsis(780),test_fdb_500(500),25
