epoch,val_f1,val_prec,val_rec,test_f1,test_prec,test_rec,model,train_len,train_set(s),dev_set(s),test_set(s),run_id
1.0,0.8457711442786069,0.8395061728395061,0.8521303258145363,0.7117903930131004,0.6317829457364341,0.815,incel-bert_uncased_L-12_H-768_A-12_italian_alb3rt0-627k_italian,2099,df_evalita18facebook_train(2099),df_evalita18facebook_dev(900),test_fdb_500(500),27
2.0,0.8453865336658354,0.8411910669975186,0.849624060150376,0.6995515695067266,0.6341463414634146,0.78,incel-bert_uncased_L-12_H-768_A-12_italian_alb3rt0-627k_italian,2099,df_evalita18facebook_train(2099),df_evalita18facebook_dev(900),test_fdb_500(500),27
3.0,0.8429951690821256,0.8135198135198135,0.87468671679198,0.708695652173913,0.6269230769230769,0.815,incel-bert_uncased_L-12_H-768_A-12_italian_alb3rt0-627k_italian,2099,df_evalita18facebook_train(2099),df_evalita18facebook_dev(900),test_fdb_500(500),27
4.0,0.8422330097087378,0.8164705882352942,0.8696741854636592,0.7125,0.6107142857142858,0.855,incel-bert_uncased_L-12_H-768_A-12_italian_alb3rt0-627k_italian,2099,df_evalita18facebook_train(2099),df_evalita18facebook_dev(900),test_fdb_500(500),27
5.0,0.8419753086419752,0.829683698296837,0.8546365914786967,0.7152317880794703,0.6403162055335968,0.81,incel-bert_uncased_L-12_H-768_A-12_italian_alb3rt0-627k_italian,2099,df_evalita18facebook_train(2099),df_evalita18facebook_dev(900),test_fdb_500(500),27
