epoch,val_f1,val_prec,val_rec,test_f1,test_prec,test_rec,model,train_len,train_set(s),dev_set(s),test_set(s),run_id
1.0,0.8409090909090909,0.8473282442748091,0.8345864661654135,0.7089715536105032,0.6303501945525292,0.81,incel-bert_uncased_L-12_H-768_A-12_italian_alb3rt0-627k_italian,2099,df_evalita18facebook_train(2099),df_evalita18facebook_dev(900),test_fdb_500(500),27
2.0,0.84004884004884,0.819047619047619,0.8621553884711779,0.70995670995671,0.6259541984732825,0.82,incel-bert_uncased_L-12_H-768_A-12_italian_alb3rt0-627k_italian,2099,df_evalita18facebook_train(2099),df_evalita18facebook_dev(900),test_fdb_500(500),27
3.0,0.8437884378843787,0.8285024154589372,0.8596491228070176,0.6997742663656885,0.6378600823045267,0.775,incel-bert_uncased_L-12_H-768_A-12_italian_alb3rt0-627k_italian,2099,df_evalita18facebook_train(2099),df_evalita18facebook_dev(900),test_fdb_500(500),27
4.0,0.8467153284671532,0.8226950354609929,0.8721804511278195,0.7008547008547008,0.6119402985074627,0.82,incel-bert_uncased_L-12_H-768_A-12_italian_alb3rt0-627k_italian,2099,df_evalita18facebook_train(2099),df_evalita18facebook_dev(900),test_fdb_500(500),27
5.0,0.8539877300613498,0.8365384615384616,0.8721804511278195,0.7130044843049328,0.6463414634146342,0.795,incel-bert_uncased_L-12_H-768_A-12_italian_alb3rt0-627k_italian,2099,df_evalita18facebook_train(2099),df_evalita18facebook_dev(900),test_fdb_500(500),27
