epoch,val_f1,val_prec,val_rec,test_f1,test_prec,test_rec,model,train_len,train_set(s),dev_set(s),test_set(s),run_id
1.0,0.8465346534653466,0.8361858190709046,0.8571428571428571,0.7154811715481171,0.6151079136690647,0.855,incel-bert_uncased_L-12_H-768_A-12_italian_alb3rt0-627k_italian,2099,df_evalita18facebook_train(2099),df_evalita18facebook_dev(900),test_fdb_500(500),27
2.0,0.844059405940594,0.8337408312958435,0.8546365914786967,0.7028199566160522,0.6206896551724138,0.81,incel-bert_uncased_L-12_H-768_A-12_italian_alb3rt0-627k_italian,2099,df_evalita18facebook_train(2099),df_evalita18facebook_dev(900),test_fdb_500(500),27
3.0,0.842737094837935,0.8087557603686636,0.8796992481203008,0.711864406779661,0.6176470588235294,0.84,incel-bert_uncased_L-12_H-768_A-12_italian_alb3rt0-627k_italian,2099,df_evalita18facebook_train(2099),df_evalita18facebook_dev(900),test_fdb_500(500),27
4.0,0.8452088452088452,0.8289156626506025,0.8621553884711779,0.7089715536105032,0.6303501945525292,0.81,incel-bert_uncased_L-12_H-768_A-12_italian_alb3rt0-627k_italian,2099,df_evalita18facebook_train(2099),df_evalita18facebook_dev(900),test_fdb_500(500),27
5.0,0.8472906403940886,0.8329297820823245,0.8621553884711779,0.6977777777777778,0.628,0.785,incel-bert_uncased_L-12_H-768_A-12_italian_alb3rt0-627k_italian,2099,df_evalita18facebook_train(2099),df_evalita18facebook_dev(900),test_fdb_500(500),27
