epoch,val_f1,val_prec,val_rec,test_f1,test_prec,test_rec,model,train_len,train_set(s),dev_set(s),test_set(s),run_id
1.0,0.7489663319551093,0.7147688838782412,0.7866004962779156,0.4587813620071685,0.810126582278481,0.32,incel-bert_uncased_L-12_H-768_A-12_italian_alb3rt0-627k_italian,4785,df_evalita20_train(4785),df_evalita20_dev(2052),test_fdb_500(500),28
2.0,0.720709309689677,0.7360931435963778,0.705955334987593,0.4249084249084249,0.7945205479452054,0.29,incel-bert_uncased_L-12_H-768_A-12_italian_alb3rt0-627k_italian,4785,df_evalita20_train(4785),df_evalita20_dev(2052),test_fdb_500(500),28
3.0,0.7324766355140188,0.6920529801324503,0.7779156327543424,0.501628664495114,0.719626168224299,0.385,incel-bert_uncased_L-12_H-768_A-12_italian_alb3rt0-627k_italian,4785,df_evalita20_train(4785),df_evalita20_dev(2052),test_fdb_500(500),28
4.0,0.7215265354800239,0.6946039035591275,0.750620347394541,0.5096774193548387,0.7181818181818181,0.395,incel-bert_uncased_L-12_H-768_A-12_italian_alb3rt0-627k_italian,4785,df_evalita20_train(4785),df_evalita20_dev(2052),test_fdb_500(500),28
5.0,0.72094395280236,0.6872890888638921,0.7580645161290323,0.5016077170418006,0.7027027027027027,0.39,incel-bert_uncased_L-12_H-768_A-12_italian_alb3rt0-627k_italian,4785,df_evalita20_train(4785),df_evalita20_dev(2052),test_fdb_500(500),28
