epoch,val_f1,val_prec,val_rec,test_f1,test_prec,test_rec,model,train_len,train_set(s),dev_set(s),test_set(s),run_id
1.0,0.7492519449431477,0.7236994219653179,0.7766749379652605,0.5170068027210885,0.8085106382978723,0.38,incel-bert_uncased_L-12_H-768_A-12_italian_alb3rt0-627k_italian,4785,df_evalita20_train(4785),df_evalita20_dev(2052),test_fdb_500(500),28
2.0,0.7106466361854997,0.7503448275862069,0.674937965260546,0.46099290780141844,0.7926829268292683,0.325,incel-bert_uncased_L-12_H-768_A-12_italian_alb3rt0-627k_italian,4785,df_evalita20_train(4785),df_evalita20_dev(2052),test_fdb_500(500),28
3.0,0.7409909909909911,0.6783505154639176,0.8163771712158809,0.5493827160493827,0.717741935483871,0.445,incel-bert_uncased_L-12_H-768_A-12_italian_alb3rt0-627k_italian,4785,df_evalita20_train(4785),df_evalita20_dev(2052),test_fdb_500(500),28
4.0,0.7270545890821836,0.7038327526132404,0.7518610421836228,0.5146579804560261,0.7383177570093458,0.395,incel-bert_uncased_L-12_H-768_A-12_italian_alb3rt0-627k_italian,4785,df_evalita20_train(4785),df_evalita20_dev(2052),test_fdb_500(500),28
5.0,0.726525821596244,0.6893095768374164,0.7679900744416873,0.5096774193548387,0.7181818181818181,0.395,incel-bert_uncased_L-12_H-768_A-12_italian_alb3rt0-627k_italian,4785,df_evalita20_train(4785),df_evalita20_dev(2052),test_fdb_500(500),28
