epoch,val_f1,val_prec,val_rec,test_f1,test_prec,test_rec,model,train_len,train_set(s),dev_set(s),test_set(s),run_id
1.0,0.7473435655253836,0.7128378378378378,0.7853598014888338,0.543046357615894,0.803921568627451,0.41,incel-bert_uncased_L-12_H-768_A-12_italian_alb3rt0-627k_italian,4785,df_evalita20_train(4785),df_evalita20_dev(2052),test_fdb_500(500),28
2.0,0.7010443864229765,0.7396694214876033,0.6662531017369727,0.46043165467625896,0.8205128205128205,0.32,incel-bert_uncased_L-12_H-768_A-12_italian_alb3rt0-627k_italian,4785,df_evalita20_train(4785),df_evalita20_dev(2052),test_fdb_500(500),28
3.0,0.7344300822561692,0.6975446428571429,0.7754342431761787,0.5324675324675325,0.7592592592592593,0.41,incel-bert_uncased_L-12_H-768_A-12_italian_alb3rt0-627k_italian,4785,df_evalita20_train(4785),df_evalita20_dev(2052),test_fdb_500(500),28
4.0,0.7322467986030268,0.6896929824561403,0.7803970223325062,0.5379746835443038,0.7327586206896551,0.425,incel-bert_uncased_L-12_H-768_A-12_italian_alb3rt0-627k_italian,4785,df_evalita20_train(4785),df_evalita20_dev(2052),test_fdb_500(500),28
5.0,0.7309941520467836,0.6913716814159292,0.7754342431761787,0.5128205128205129,0.7142857142857143,0.4,incel-bert_uncased_L-12_H-768_A-12_italian_alb3rt0-627k_italian,4785,df_evalita20_train(4785),df_evalita20_dev(2052),test_fdb_500(500),28
