epoch,val_f1,val_prec,val_rec,test_f1,test_prec,test_rec,model,train_len,train_set(s),dev_set(s),test_set(s),run_id
1.0,0.7499999999999999,0.7115812917594655,0.792803970223325,0.5298013245033113,0.7843137254901961,0.4,incel-bert_uncased_L-12_H-768_A-12_italian_alb3rt0-627k_italian,4785,df_evalita20_train(4785),df_evalita20_dev(2052),test_fdb_500(500),28
2.0,0.7097608274078862,0.7408906882591093,0.6811414392059554,0.45652173913043487,0.8289473684210527,0.315,incel-bert_uncased_L-12_H-768_A-12_italian_alb3rt0-627k_italian,4785,df_evalita20_train(4785),df_evalita20_dev(2052),test_fdb_500(500),28
3.0,0.7381370826010545,0.6992230854605993,0.7816377171215881,0.512987012987013,0.7314814814814815,0.395,incel-bert_uncased_L-12_H-768_A-12_italian_alb3rt0-627k_italian,4785,df_evalita20_train(4785),df_evalita20_dev(2052),test_fdb_500(500),28
4.0,0.7205428747686613,0.7165644171779141,0.7245657568238213,0.47457627118644063,0.7368421052631579,0.35,incel-bert_uncased_L-12_H-768_A-12_italian_alb3rt0-627k_italian,4785,df_evalita20_train(4785),df_evalita20_dev(2052),test_fdb_500(500),28
5.0,0.7261904761904762,0.6979405034324943,0.7568238213399504,0.4850498338870432,0.7227722772277227,0.365,incel-bert_uncased_L-12_H-768_A-12_italian_alb3rt0-627k_italian,4785,df_evalita20_train(4785),df_evalita20_dev(2052),test_fdb_500(500),28
