epoch,val_f1,val_prec,val_rec,test_f1,test_prec,test_rec,model,train_len,train_set(s),dev_set(s),test_set(s),run_id
1.0,0.9081153588195842,0.8838120104438643,0.9337931034482758,0.5525525525525526,0.6917293233082706,0.46,incel-bert_uncased_L-12_H-768_A-12_italian_alb3rt0-627k_italian,3500,df_ami20_train(3500),df_ami20_dev(1500),test_fdb_500(500),29
2.0,0.911745189117452,0.8785166240409207,0.9475862068965517,0.5371428571428571,0.6266666666666667,0.47,incel-bert_uncased_L-12_H-768_A-12_italian_alb3rt0-627k_italian,3500,df_ami20_train(3500),df_ami20_dev(1500),test_fdb_500(500),29
3.0,0.9104477611940298,0.8958611481975968,0.9255172413793104,0.625,0.6845238095238095,0.575,incel-bert_uncased_L-12_H-768_A-12_italian_alb3rt0-627k_italian,3500,df_ami20_train(3500),df_ami20_dev(1500),test_fdb_500(500),29
4.0,0.909690177982861,0.8712121212121212,0.9517241379310345,0.640625,0.6684782608695652,0.615,incel-bert_uncased_L-12_H-768_A-12_italian_alb3rt0-627k_italian,3500,df_ami20_train(3500),df_ami20_dev(1500),test_fdb_500(500),29
5.0,0.9089673913043478,0.8955823293172691,0.9227586206896552,0.6301369863013698,0.696969696969697,0.575,incel-bert_uncased_L-12_H-768_A-12_italian_alb3rt0-627k_italian,3500,df_ami20_train(3500),df_ami20_dev(1500),test_fdb_500(500),29
