epoch,val_f1,val_prec,val_rec,test_f1,test_prec,test_rec,model,train_len,train_set(s),dev_set(s),test_set(s),run_id
1.0,0.9059139784946236,0.8833551769331586,0.9296551724137931,0.5654761904761906,0.6985294117647058,0.475,incel-bert_uncased_L-12_H-768_A-12_italian_alb3rt0-627k_italian,3500,df_ami20_train(3500),df_ami20_dev(1500),test_fdb_500(500),29
2.0,0.9065420560747663,0.8783958602846055,0.9365517241379311,0.4716417910447761,0.5851851851851851,0.395,incel-bert_uncased_L-12_H-768_A-12_italian_alb3rt0-627k_italian,3500,df_ami20_train(3500),df_ami20_dev(1500),test_fdb_500(500),29
3.0,0.9074949358541525,0.8888888888888888,0.926896551724138,0.6358695652173912,0.6964285714285714,0.585,incel-bert_uncased_L-12_H-768_A-12_italian_alb3rt0-627k_italian,3500,df_ami20_train(3500),df_ami20_dev(1500),test_fdb_500(500),29
4.0,0.9100459619172685,0.868421052631579,0.9558620689655173,0.6511627906976745,0.6737967914438503,0.63,incel-bert_uncased_L-12_H-768_A-12_italian_alb3rt0-627k_italian,3500,df_ami20_train(3500),df_ami20_dev(1500),test_fdb_500(500),29
5.0,0.9094594594594594,0.8913907284768212,0.9282758620689655,0.6111111111111112,0.6875,0.55,incel-bert_uncased_L-12_H-768_A-12_italian_alb3rt0-627k_italian,3500,df_ami20_train(3500),df_ami20_dev(1500),test_fdb_500(500),29
