epoch,val_f1,val_prec,val_rec,test_f1,test_prec,test_rec,model,train_len,train_set(s),dev_set(s),test_set(s),run_id
1.0,0.9065232010759919,0.884514435695538,0.9296551724137931,0.5869565217391305,0.6428571428571429,0.54,incel-bert_uncased_L-12_H-768_A-12_italian_alb3rt0-627k_italian,3500,df_ami20_train(3500),df_ami20_dev(1500),test_fdb_500(500),29
2.0,0.9089692101740294,0.88296488946684,0.9365517241379311,0.5043478260869566,0.6,0.435,incel-bert_uncased_L-12_H-768_A-12_italian_alb3rt0-627k_italian,3500,df_ami20_train(3500),df_ami20_dev(1500),test_fdb_500(500),29
3.0,0.9114266396213657,0.8938992042440318,0.9296551724137931,0.6426735218508998,0.6613756613756614,0.625,incel-bert_uncased_L-12_H-768_A-12_italian_alb3rt0-627k_italian,3500,df_ami20_train(3500),df_ami20_dev(1500),test_fdb_500(500),29
4.0,0.9107856191744341,0.8803088803088803,0.9434482758620689,0.6368421052631579,0.6722222222222223,0.605,incel-bert_uncased_L-12_H-768_A-12_italian_alb3rt0-627k_italian,3500,df_ami20_train(3500),df_ami20_dev(1500),test_fdb_500(500),29
5.0,0.9146341463414634,0.8988015978695073,0.9310344827586207,0.6382978723404256,0.6818181818181818,0.6,incel-bert_uncased_L-12_H-768_A-12_italian_alb3rt0-627k_italian,3500,df_ami20_train(3500),df_ami20_dev(1500),test_fdb_500(500),29
