epoch,val_f1,val_prec,val_rec,test_f1,test_prec,test_rec,model,train_len,train_set(s),dev_set(s),test_set(s),run_id
1.0,0.711194731890875,0.8208469055374593,0.6273858921161826,0.6179775280898877,0.7051282051282052,0.55,incel-bert_uncased_L-12_H-768_A-12_italian_alb3rt0-627k_italian,6884,"df_evalita20_train(4785)
df_evalita18facebook_train(2099)","df_evalita20_dev(2052)
df_evalita18facebook_dev(900)",test_fdb_500(500),30
2.0,0.7689210950080516,0.746677091477717,0.7925311203319502,0.6729411764705882,0.6355555555555555,0.715,incel-bert_uncased_L-12_H-768_A-12_italian_alb3rt0-627k_italian,6884,"df_evalita20_train(4785)
df_evalita18facebook_train(2099)","df_evalita20_dev(2052)
df_evalita18facebook_dev(900)",test_fdb_500(500),30
3.0,0.7694145758661888,0.7396630934150077,0.8016597510373444,0.6878048780487804,0.6714285714285714,0.705,incel-bert_uncased_L-12_H-768_A-12_italian_alb3rt0-627k_italian,6884,"df_evalita20_train(4785)
df_evalita18facebook_train(2099)","df_evalita20_dev(2052)
df_evalita18facebook_dev(900)",test_fdb_500(500),30
4.0,0.7675840978593271,0.7115520907158044,0.833195020746888,0.6905829596412556,0.6260162601626016,0.77,incel-bert_uncased_L-12_H-768_A-12_italian_alb3rt0-627k_italian,6884,"df_evalita20_train(4785)
df_evalita18facebook_train(2099)","df_evalita20_dev(2052)
df_evalita18facebook_dev(900)",test_fdb_500(500),30
5.0,0.7630744849445324,0.730098559514784,0.7991701244813278,0.6744730679156908,0.6343612334801763,0.72,incel-bert_uncased_L-12_H-768_A-12_italian_alb3rt0-627k_italian,6884,"df_evalita20_train(4785)
df_evalita18facebook_train(2099)","df_evalita20_dev(2052)
df_evalita18facebook_dev(900)",test_fdb_500(500),30
