epoch,val_f1,val_prec,val_rec,test_f1,test_prec,test_rec,model,train_len,train_set(s),dev_set(s),test_set(s),run_id
1.0,0.8641328090869375,0.8489270386266095,0.8798932384341637,0.6312997347480107,0.672316384180791,0.595,incel-bert_uncased_L-12_H-768_A-12_italian_alb3rt0-627k_italian,5599,"df_ami20_train(3500)
df_evalita18facebook_train(2099)","df_ami20_dev(1500)
df_evalita18facebook_dev(900)",test_fdb_500(500),31
2.0,0.8621151271753681,0.864816472694718,0.8594306049822064,0.6000000000000001,0.675,0.54,incel-bert_uncased_L-12_H-768_A-12_italian_alb3rt0-627k_italian,5599,"df_ami20_train(3500)
df_evalita18facebook_train(2099)","df_ami20_dev(1500)
df_evalita18facebook_dev(900)",test_fdb_500(500),31
3.0,0.8733850129198968,0.8464106844741235,0.902135231316726,0.6894865525672371,0.6746411483253588,0.705,incel-bert_uncased_L-12_H-768_A-12_italian_alb3rt0-627k_italian,5599,"df_ami20_train(3500)
df_evalita18facebook_train(2099)","df_ami20_dev(1500)
df_evalita18facebook_dev(900)",test_fdb_500(500),31
4.0,0.8675324675324676,0.8448566610455311,0.891459074733096,0.683046683046683,0.6714975845410628,0.695,incel-bert_uncased_L-12_H-768_A-12_italian_alb3rt0-627k_italian,5599,"df_ami20_train(3500)
df_evalita18facebook_train(2099)","df_ami20_dev(1500)
df_evalita18facebook_dev(900)",test_fdb_500(500),31
5.0,0.8718173836698858,0.8604852686308492,0.8834519572953736,0.6716791979949875,0.6733668341708543,0.67,incel-bert_uncased_L-12_H-768_A-12_italian_alb3rt0-627k_italian,5599,"df_ami20_train(3500)
df_evalita18facebook_train(2099)","df_ami20_dev(1500)
df_evalita18facebook_dev(900)",test_fdb_500(500),31
