epoch,val_f1,val_prec,val_rec,test_f1,test_prec,test_rec,model,train_len,train_set(s),dev_set(s),test_set(s),run_id
1.0,0.8171446191797719,0.7739485981308412,0.8654474199869366,0.6629834254143647,0.7407407407407407,0.6,incel-bert_uncased_L-12_H-768_A-12_italian_alb3rt0-627k_italian,8285,"df_evalita20_train(4785)
df_ami20_train(3500)","df_evalita20_dev(2052)
df_ami20_dev(1500)",test_fdb_500(500),32
2.0,0.8135277691591685,0.774822695035461,0.8563030698889614,0.5892857142857142,0.7279411764705882,0.495,incel-bert_uncased_L-12_H-768_A-12_italian_alb3rt0-627k_italian,8285,"df_evalita20_train(4785)
df_ami20_train(3500)","df_evalita20_dev(2052)
df_ami20_dev(1500)",test_fdb_500(500),32
3.0,0.8140547263681593,0.7768545994065282,0.8549967341606793,0.6666666666666666,0.7209302325581395,0.62,incel-bert_uncased_L-12_H-768_A-12_italian_alb3rt0-627k_italian,8285,"df_evalita20_train(4785)
df_ami20_train(3500)","df_evalita20_dev(2052)
df_ami20_dev(1500)",test_fdb_500(500),32
4.0,0.8097622027534418,0.7771771771771772,0.8451992161985631,0.6963350785340313,0.7307692307692307,0.665,incel-bert_uncased_L-12_H-768_A-12_italian_alb3rt0-627k_italian,8285,"df_evalita20_train(4785)
df_ami20_train(3500)","df_evalita20_dev(2052)
df_ami20_dev(1500)",test_fdb_500(500),32
5.0,0.8074814575943243,0.7974522292993631,0.8177661659046375,0.6588921282798834,0.7902097902097902,0.565,incel-bert_uncased_L-12_H-768_A-12_italian_alb3rt0-627k_italian,8285,"df_evalita20_train(4785)
df_ami20_train(3500)","df_evalita20_dev(2052)
df_ami20_dev(1500)",test_fdb_500(500),32
