epoch,val_f1,val_prec,val_rec,test_f1,test_prec,test_rec,model,train_len,train_set(s),dev_set(s),test_set(s),run_id
1.0,0.8113734450368114,0.7954206072672971,0.827979274611399,0.6304909560723515,0.6524064171122995,0.61,incel-bert_uncased_L-12_H-768_A-12_italian_alb3rt0-627k_italian,10384,"df_evalita20_train(4785)
df_ami20_train(3500)
df_evalita18facebook_train(2099)","df_evalita20_dev(2052)
df_ami20_dev(1500)
df_evalita18facebook_dev(900)",test_fdb_500(500),33
2.0,0.7948717948717948,0.733567046450482,0.8673575129533678,0.6808510638297872,0.6457399103139013,0.72,incel-bert_uncased_L-12_H-768_A-12_italian_alb3rt0-627k_italian,10384,"df_evalita20_train(4785)
df_ami20_train(3500)
df_evalita18facebook_train(2099)","df_evalita20_dev(2052)
df_ami20_dev(1500)
df_evalita18facebook_dev(900)",test_fdb_500(500),33
3.0,0.8014760147601475,0.7629976580796253,0.844041450777202,0.7093821510297482,0.6540084388185654,0.775,incel-bert_uncased_L-12_H-768_A-12_italian_alb3rt0-627k_italian,10384,"df_evalita20_train(4785)
df_ami20_train(3500)
df_evalita18facebook_train(2099)","df_evalita20_dev(2052)
df_ami20_dev(1500)
df_evalita18facebook_dev(900)",test_fdb_500(500),33
4.0,0.8081153752138841,0.7649236464599722,0.8564766839378238,0.6919642857142858,0.625,0.775,incel-bert_uncased_L-12_H-768_A-12_italian_alb3rt0-627k_italian,10384,"df_evalita20_train(4785)
df_ami20_train(3500)
df_evalita18facebook_train(2099)","df_evalita20_dev(2052)
df_ami20_dev(1500)
df_evalita18facebook_dev(900)",test_fdb_500(500),33
5.0,0.8042381432896063,0.783677482792527,0.8259067357512954,0.6977886977886979,0.6859903381642513,0.71,incel-bert_uncased_L-12_H-768_A-12_italian_alb3rt0-627k_italian,10384,"df_evalita20_train(4785)
df_ami20_train(3500)
df_evalita18facebook_train(2099)","df_evalita20_dev(2052)
df_ami20_dev(1500)
df_evalita18facebook_dev(900)",test_fdb_500(500),33
