epoch,val_f1,val_prec,val_rec,test_f1,test_prec,test_rec,model,train_len,train_set(s),dev_set(s),test_set(s),run_id
1.0,0.7862488306828811,0.716538789428815,0.8709844559585492,0.6772009029345372,0.6172839506172839,0.75,incel-bert_uncased_L-12_H-768_A-12_italian_alb3rt0-627k_italian,10384,"df_evalita20_train(4785)
df_ami20_train(3500)
df_evalita18facebook_train(2099)","df_evalita20_dev(2052)
df_ami20_dev(1500)
df_evalita18facebook_dev(900)",test_fdb_500(500),33
2.0,0.7882161911389468,0.7135657286854263,0.8803108808290155,0.6681614349775785,0.6056910569105691,0.745,incel-bert_uncased_L-12_H-768_A-12_italian_alb3rt0-627k_italian,10384,"df_evalita20_train(4785)
df_ami20_train(3500)
df_evalita18facebook_train(2099)","df_evalita20_dev(2052)
df_ami20_dev(1500)
df_evalita18facebook_dev(900)",test_fdb_500(500),33
3.0,0.7870280735721201,0.7384196185286104,0.8424870466321244,0.7119341563786008,0.6048951048951049,0.865,incel-bert_uncased_L-12_H-768_A-12_italian_alb3rt0-627k_italian,10384,"df_evalita20_train(4785)
df_ami20_train(3500)
df_evalita18facebook_train(2099)","df_evalita20_dev(2052)
df_ami20_dev(1500)
df_evalita18facebook_dev(900)",test_fdb_500(500),33
4.0,0.7895944912012243,0.7774987443495731,0.8020725388601037,0.6681922196796339,0.6160337552742616,0.73,incel-bert_uncased_L-12_H-768_A-12_italian_alb3rt0-627k_italian,10384,"df_evalita20_train(4785)
df_ami20_train(3500)
df_evalita18facebook_train(2099)","df_evalita20_dev(2052)
df_ami20_dev(1500)
df_evalita18facebook_dev(900)",test_fdb_500(500),33
5.0,0.7913197072924553,0.7712739793408756,0.8124352331606217,0.6635730858468678,0.6190476190476191,0.715,incel-bert_uncased_L-12_H-768_A-12_italian_alb3rt0-627k_italian,10384,"df_evalita20_train(4785)
df_ami20_train(3500)
df_evalita18facebook_train(2099)","df_evalita20_dev(2052)
df_ami20_dev(1500)
df_evalita18facebook_dev(900)",test_fdb_500(500),33
