epoch,val_f1,val_prec,val_rec,test_f1,test_prec,test_rec,model,train_len,train_set(s),dev_set(s),test_set(s),run_id
1.0,0.7997165800661312,0.7348090277777778,0.8772020725388601,0.6855895196506551,0.6085271317829457,0.785,incel-bert_uncased_L-12_H-768_A-12_italian_alb3rt0-627k_italian,10384,"df_evalita20_train(4785)
df_ami20_train(3500)
df_evalita18facebook_train(2099)","df_evalita20_dev(2052)
df_ami20_dev(1500)
df_evalita18facebook_dev(900)",test_fdb_500(500),33
2.0,0.7988436521320164,0.7465105808194507,0.8590673575129534,0.6995884773662552,0.5944055944055944,0.85,incel-bert_uncased_L-12_H-768_A-12_italian_alb3rt0-627k_italian,10384,"df_evalita20_train(4785)
df_ami20_train(3500)
df_evalita18facebook_train(2099)","df_evalita20_dev(2052)
df_ami20_dev(1500)
df_evalita18facebook_dev(900)",test_fdb_500(500),33
3.0,0.805748502994012,0.7492204899777283,0.8715025906735752,0.6923076923076923,0.6322314049586777,0.765,incel-bert_uncased_L-12_H-768_A-12_italian_alb3rt0-627k_italian,10384,"df_evalita20_train(4785)
df_ami20_train(3500)
df_evalita18facebook_train(2099)","df_evalita20_dev(2052)
df_ami20_dev(1500)
df_evalita18facebook_dev(900)",test_fdb_500(500),33
4.0,0.7977642276422764,0.7826520438683948,0.8134715025906736,0.7084337349397589,0.6837209302325581,0.735,incel-bert_uncased_L-12_H-768_A-12_italian_alb3rt0-627k_italian,10384,"df_evalita20_train(4785)
df_ami20_train(3500)
df_evalita18facebook_train(2099)","df_evalita20_dev(2052)
df_ami20_dev(1500)
df_evalita18facebook_dev(900)",test_fdb_500(500),33
5.0,0.8009049773755657,0.77783203125,0.8253886010362694,0.7078384798099763,0.6742081447963801,0.745,incel-bert_uncased_L-12_H-768_A-12_italian_alb3rt0-627k_italian,10384,"df_evalita20_train(4785)
df_ami20_train(3500)
df_evalita18facebook_train(2099)","df_evalita20_dev(2052)
df_ami20_dev(1500)
df_evalita18facebook_dev(900)",test_fdb_500(500),33
