epoch,val_f1,val_prec,val_rec,test_f1,test_prec,test_rec,test_incels_f1,test_incels_prec,test_incels_rec,model,train_len,train_set(s),dev_set(s),test_set(s),run_id
1.0,0.826151560178306,0.7787114845938375,0.879746835443038,0.12844036697247707,0.7777777777777778,0.07,0.8136645962732918,0.7443181818181818,0.8972602739726028,incel-bert-base-multilingual-cased-1000k_english,3642,train_incelsis(3642),dev_incelsis(780),test_fdb_500(500),17
2.0,0.8540706605222733,0.8298507462686567,0.879746835443038,0.09478672985781991,0.9090909090909091,0.05,0.8338658146964856,0.781437125748503,0.8938356164383562,incel-bert-base-multilingual-cased-1000k_english,3642,train_incelsis(3642),dev_incelsis(780),test_fdb_500(500),17
3.0,0.8598425196850393,0.8557993730407524,0.8639240506329114,0.12093023255813955,0.8666666666666667,0.065,0.8477905073649754,0.8119122257053292,0.886986301369863,incel-bert-base-multilingual-cased-1000k_english,3642,train_incelsis(3642),dev_incelsis(780),test_fdb_500(500),17
4.0,0.8514548238897396,0.8249258160237388,0.879746835443038,0.12093023255813955,0.8666666666666667,0.065,0.8378812199036917,0.7885196374622356,0.8938356164383562,incel-bert-base-multilingual-cased-1000k_english,3642,train_incelsis(3642),dev_incelsis(780),test_fdb_500(500),17
