epoch,val_f1,val_prec,val_rec,test_f1,test_prec,test_rec,test_incels_f1,test_incels_prec,test_incels_rec,model,train_len,train_set(s),dev_set(s),test_set(s),run_id
1.0,0.8365817091454273,0.7948717948717948,0.8829113924050633,0.06666666666666667,0.7,0.035,0.8169014084507041,0.7521613832853026,0.8938356164383562,incel-bert-base-multilingual-cased-1000k_english,3642,train_incelsis(3642),dev_incelsis(780),test_fdb_500(500),17
2.0,0.8536209553158707,0.8318318318318318,0.8765822784810127,0.08571428571428572,0.9,0.045,0.8387096774193549,0.7926829268292683,0.8904109589041096,incel-bert-base-multilingual-cased-1000k_english,3642,train_incelsis(3642),dev_incelsis(780),test_fdb_500(500),17
3.0,0.860248447204969,0.8445121951219512,0.8765822784810127,0.10328638497652581,0.8461538461538461,0.055,0.8336025848142165,0.7889908256880734,0.8835616438356164,incel-bert-base-multilingual-cased-1000k_english,3642,train_incelsis(3642),dev_incelsis(780),test_fdb_500(500),17
4.0,0.8672839506172839,0.8463855421686747,0.8892405063291139,0.08530805687203791,0.8181818181818182,0.045,0.8327974276527331,0.7848484848484848,0.886986301369863,incel-bert-base-multilingual-cased-1000k_english,3642,train_incelsis(3642),dev_incelsis(780),test_fdb_500(500),17
