epoch,val_f1,val_prec,val_rec,test_f1,test_prec,test_rec,test_incels_f1,test_incels_prec,test_incels_rec,model,train_len,train_set(s),dev_set(s),test_set(s),run_id
1.0,0.829268292682927,0.8,0.8607594936708861,0.09345794392523366,0.7142857142857143,0.05,0.8325358851674641,0.7791044776119403,0.8938356164383562,incel-bert-base-multilingual-cased-1000k_english,3642,train_incelsis(3642),dev_incelsis(780),test_fdb_500(500),17
2.0,0.849144634525661,0.8348623853211009,0.8639240506329114,0.07655502392344497,0.8888888888888888,0.04,0.8371335504885993,0.7981366459627329,0.8801369863013698,incel-bert-base-multilingual-cased-1000k_english,3642,train_incelsis(3642),dev_incelsis(780),test_fdb_500(500),17
3.0,0.8742331288343559,0.8482142857142857,0.9018987341772152,0.13761467889908258,0.8333333333333334,0.075,0.8365384615384617,0.786144578313253,0.8938356164383562,incel-bert-base-multilingual-cased-1000k_english,3642,train_incelsis(3642),dev_incelsis(780),test_fdb_500(500),17
4.0,0.8650306748466258,0.8392857142857143,0.8924050632911392,0.08530805687203791,0.8181818181818182,0.045,0.840064620355412,0.7951070336391437,0.8904109589041096,incel-bert-base-multilingual-cased-1000k_english,3642,train_incelsis(3642),dev_incelsis(780),test_fdb_500(500),17
