epoch,val_f1,val_prec,val_rec,test_f1,test_prec,test_rec,test_incels_f1,test_incels_prec,test_incels_rec,model,train_len,train_set(s),dev_set(s),test_set(s),run_id
1.0,0.8283132530120482,0.7902298850574713,0.870253164556962,0.09389671361502347,0.7692307692307693,0.05,0.8233438485804417,0.7631578947368421,0.8938356164383562,incel-bert-base-multilingual-cased-1000k_english,3642,train_incelsis(3642),dev_incelsis(780),test_fdb_500(500),17
2.0,0.8549382716049384,0.8343373493975904,0.8765822784810127,0.09478672985781991,0.9090909090909091,0.05,0.8378812199036917,0.7885196374622356,0.8938356164383562,incel-bert-base-multilingual-cased-1000k_english,3642,train_incelsis(3642),dev_incelsis(780),test_fdb_500(500),17
3.0,0.8580246913580247,0.8373493975903614,0.879746835443038,0.10232558139534884,0.7333333333333333,0.055,0.8397435897435899,0.7891566265060241,0.8972602739726028,incel-bert-base-multilingual-cased-1000k_english,3642,train_incelsis(3642),dev_incelsis(780),test_fdb_500(500),17
4.0,0.862015503875969,0.8449848024316109,0.879746835443038,0.06730769230769232,0.875,0.035,0.8378812199036917,0.7885196374622356,0.8938356164383562,incel-bert-base-multilingual-cased-1000k_english,3642,train_incelsis(3642),dev_incelsis(780),test_fdb_500(500),17
