epoch,val_f1,val_prec,val_rec,test_f1,test_prec,test_rec,test_incels_f1,test_incels_prec,test_incels_rec,model,train_len,train_set(s),dev_set(s),test_set(s),run_id
1.0,0.84080370942813,0.8217522658610272,0.8607594936708861,0.09433962264150944,0.8333333333333334,0.05,0.8363047001620746,0.7938461538461539,0.8835616438356164,incel-bert-base-multilingual-cased-1000k_english,3642,train_incelsis(3642),dev_incelsis(780),test_fdb_500(500),17
2.0,0.8462709284627093,0.8152492668621701,0.879746835443038,0.12149532710280375,0.9285714285714286,0.065,0.8346456692913387,0.7725947521865889,0.9075342465753424,incel-bert-base-multilingual-cased-1000k_english,3642,train_incelsis(3642),dev_incelsis(780),test_fdb_500(500),17
3.0,0.8527131782945736,0.8358662613981763,0.870253164556962,0.12037037037037038,0.8125,0.065,0.8306709265175719,0.7784431137724551,0.8904109589041096,incel-bert-base-multilingual-cased-1000k_english,3642,train_incelsis(3642),dev_incelsis(780),test_fdb_500(500),17
4.0,0.862015503875969,0.8449848024316109,0.879746835443038,0.10328638497652581,0.8461538461538461,0.055,0.8336025848142165,0.7889908256880734,0.8835616438356164,incel-bert-base-multilingual-cased-1000k_english,3642,train_incelsis(3642),dev_incelsis(780),test_fdb_500(500),17
