epoch,val_f1,val_prec,val_rec,test_f1,test_prec,test_rec,test_incels_f1,test_incels_prec,test_incels_rec,model,train_len,train_set(s),dev_set(s),test_set(s),run_id
1.0,0.8106508875739644,0.7611111111111111,0.8670886075949367,0.4697986577181208,0.7142857142857143,0.35,0.809968847352025,0.7428571428571429,0.8904109589041096,incel-bert-base-multilingual-cased-10k_english,3642,train_incelsis(3642),dev_incelsis(780),test_fdb_500(500),17
2.0,0.8399366085578446,0.8412698412698413,0.8386075949367089,0.2183406113537118,0.8620689655172413,0.125,0.832764505119454,0.8299319727891157,0.8356164383561644,incel-bert-base-multilingual-cased-10k_english,3642,train_incelsis(3642),dev_incelsis(780),test_fdb_500(500),17
3.0,0.8333333333333334,0.7744565217391305,0.9018987341772152,0.5572755417956657,0.7317073170731707,0.45,0.8338461538461539,0.7569832402234636,0.928082191780822,incel-bert-base-multilingual-cased-10k_english,3642,train_incelsis(3642),dev_incelsis(780),test_fdb_500(500),17
4.0,0.8480243161094225,0.8157894736842105,0.8829113924050633,0.4689655172413793,0.7555555555555555,0.34,0.8352,0.7837837837837838,0.8938356164383562,incel-bert-base-multilingual-cased-10k_english,3642,train_incelsis(3642),dev_incelsis(780),test_fdb_500(500),17
