epoch,val_f1,val_prec,val_rec,test_f1,test_prec,test_rec,test_incels_f1,test_incels_prec,test_incels_rec,model,train_len,train_set(s),dev_set(s),test_set(s),run_id
1.0,0.8169440242057489,0.782608695652174,0.8544303797468354,0.5534591194968553,0.7457627118644068,0.44,0.8063492063492064,0.7514792899408284,0.8698630136986302,incel-bert-base-multilingual-cased-10k_english,3642,train_incelsis(3642),dev_incelsis(780),test_fdb_500(500),17
2.0,0.8534621578099839,0.8688524590163934,0.8386075949367089,0.2833333333333334,0.85,0.17,0.8243478260869566,0.8374558303886925,0.8116438356164384,incel-bert-base-multilingual-cased-10k_english,3642,train_incelsis(3642),dev_incelsis(780),test_fdb_500(500),17
3.0,0.8506097560975611,0.8205882352941176,0.8829113924050633,0.573170731707317,0.734375,0.47,0.8293460925039873,0.7761194029850746,0.8904109589041096,incel-bert-base-multilingual-cased-10k_english,3642,train_incelsis(3642),dev_incelsis(780),test_fdb_500(500),17
4.0,0.8615384615384616,0.8383233532934131,0.8860759493670886,0.5579937304075235,0.7478991596638656,0.445,0.840064620355412,0.7951070336391437,0.8904109589041096,incel-bert-base-multilingual-cased-10k_english,3642,train_incelsis(3642),dev_incelsis(780),test_fdb_500(500),17
