epoch,val_f1,val_prec,val_rec,test_f1,test_prec,test_rec,test_incels_f1,test_incels_prec,test_incels_rec,model,train_len,train_set(s),dev_set(s),test_set(s),run_id
1.0,0.799410029498525,0.7486187845303868,0.8575949367088608,0.6017191977077364,0.7046979865771812,0.525,0.8081123244929797,0.7421203438395415,0.886986301369863,incel-bert-base-multilingual-cased-10k_english,3642,train_incelsis(3642),dev_incelsis(780),test_fdb_500(500),17
2.0,0.8509316770186336,0.8353658536585366,0.8670886075949367,0.3228346456692913,0.7592592592592593,0.205,0.8369747899159663,0.8217821782178217,0.8527397260273972,incel-bert-base-multilingual-cased-10k_english,3642,train_incelsis(3642),dev_incelsis(780),test_fdb_500(500),17
3.0,0.8360413589364846,0.7839335180055401,0.8955696202531646,0.5320512820512819,0.7410714285714286,0.415,0.8503184713375797,0.7946428571428571,0.9143835616438356,incel-bert-base-multilingual-cased-10k_english,3642,train_incelsis(3642),dev_incelsis(780),test_fdb_500(500),17
4.0,0.8416289592760181,0.8040345821325648,0.8829113924050633,0.5098039215686275,0.7358490566037735,0.39,0.8436482084690553,0.8043478260869565,0.886986301369863,incel-bert-base-multilingual-cased-10k_english,3642,train_incelsis(3642),dev_incelsis(780),test_fdb_500(500),17
