epoch,val_f1,val_prec,val_rec,test_f1,test_prec,test_rec,test_incels_f1,test_incels_prec,test_incels_rec,model,train_len,train_set(s),dev_set(s),test_set(s),run_id
1.0,0.8141321044546852,0.7910447761194029,0.8386075949367089,0.5740181268882175,0.7251908396946565,0.475,0.8237179487179487,0.7740963855421686,0.8801369863013698,incel-bert-base-multilingual-cased-10k_english,3642,train_incelsis(3642),dev_incelsis(780),test_fdb_500(500),17
2.0,0.8503937007874016,0.8463949843260188,0.8544303797468354,0.42696629213483145,0.8507462686567164,0.285,0.835314091680815,0.8282828282828283,0.8424657534246576,incel-bert-base-multilingual-cased-10k_english,3642,train_incelsis(3642),dev_incelsis(780),test_fdb_500(500),17
3.0,0.8459214501510574,0.8092485549132948,0.8860759493670886,0.5941176470588235,0.7214285714285714,0.505,0.8352,0.7837837837837838,0.8938356164383562,incel-bert-base-multilingual-cased-10k_english,3642,train_incelsis(3642),dev_incelsis(780),test_fdb_500(500),17
4.0,0.8571428571428572,0.8328358208955224,0.8829113924050633,0.6064139941690962,0.7272727272727273,0.52,0.8314238952536824,0.7962382445141066,0.8698630136986302,incel-bert-base-multilingual-cased-10k_english,3642,train_incelsis(3642),dev_incelsis(780),test_fdb_500(500),17
