epoch,val_f1,val_prec,val_rec,test_f1,test_prec,test_rec,test_incels_f1,test_incels_prec,test_incels_rec,model,train_len,train_set(s),dev_set(s),test_set(s),run_id
1.0,0.81203007518797,0.7736389684813754,0.8544303797468354,0.5945945945945946,0.7443609022556391,0.495,0.8112324492979719,0.7449856733524355,0.8904109589041096,incel-bert-base-multilingual-cased-10k_english,3642,train_incelsis(3642),dev_incelsis(780),test_fdb_500(500),17
2.0,0.8507223113964688,0.8631921824104235,0.8386075949367089,0.27004219409282704,0.8648648648648649,0.16,0.8318890814558059,0.8421052631578947,0.821917808219178,incel-bert-base-multilingual-cased-10k_english,3642,train_incelsis(3642),dev_incelsis(780),test_fdb_500(500),17
3.0,0.8484848484848485,0.813953488372093,0.8860759493670886,0.4897959183673468,0.7659574468085106,0.36,0.8388157894736843,0.8069620253164557,0.8732876712328768,incel-bert-base-multilingual-cased-10k_english,3642,train_incelsis(3642),dev_incelsis(780),test_fdb_500(500),17
4.0,0.8562596599690881,0.8368580060422961,0.8765822784810127,0.43321299638989164,0.7792207792207793,0.3,0.8363636363636364,0.8083067092651757,0.8664383561643836,incel-bert-base-multilingual-cased-10k_english,3642,train_incelsis(3642),dev_incelsis(780),test_fdb_500(500),17
