epoch,val_f1,val_prec,val_rec,test_f1,test_prec,test_rec,test_incels_f1,test_incels_prec,test_incels_rec,model,train_len,train_set(s),dev_set(s),test_set(s),run_id
1.0,0.8076923076923076,0.7583333333333333,0.8639240506329114,0.608187134502924,0.7323943661971831,0.52,0.8155038759689923,0.7450424929178471,0.9006849315068494,incel-bert-base-multilingual-cased-10k_english,3642,train_incelsis(3642),dev_incelsis(780),test_fdb_500(500),17
2.0,0.8517940717628705,0.84,0.8639240506329114,0.3333333333333333,0.8076923076923077,0.21,0.8280467445742905,0.8078175895765473,0.8493150684931506,incel-bert-base-multilingual-cased-10k_english,3642,train_incelsis(3642),dev_incelsis(780),test_fdb_500(500),17
3.0,0.8431952662721893,0.7916666666666666,0.9018987341772152,0.5644171779141104,0.7301587301587301,0.46,0.8341232227488152,0.7741935483870968,0.9041095890410958,incel-bert-base-multilingual-cased-10k_english,3642,train_incelsis(3642),dev_incelsis(780),test_fdb_500(500),17
4.0,0.8558139534883721,0.8389057750759878,0.8734177215189873,0.47386759581881543,0.7816091954022989,0.34,0.8322368421052633,0.8006329113924051,0.8664383561643836,incel-bert-base-multilingual-cased-10k_english,3642,train_incelsis(3642),dev_incelsis(780),test_fdb_500(500),17
