epoch,val_f1,val_prec,val_rec,test_f1,test_prec,test_rec,test_incels_f1,test_incels_prec,test_incels_rec,model,train_len,train_set(s),dev_set(s),test_set(s),run_id
1.0,0.8148148148148148,0.766016713091922,0.870253164556962,0.5906432748538012,0.7112676056338029,0.505,0.8031007751937984,0.7337110481586402,0.886986301369863,incel-bert-base-multilingual-cased-10k_english,3642,train_incelsis(3642),dev_incelsis(780),test_fdb_500(500),17
2.0,0.8411214953271028,0.8282208588957055,0.8544303797468354,0.2809917355371901,0.8095238095238095,0.17,0.8291032148900169,0.8193979933110368,0.839041095890411,incel-bert-base-multilingual-cased-10k_english,3642,train_incelsis(3642),dev_incelsis(780),test_fdb_500(500),17
3.0,0.838038632986627,0.7899159663865546,0.8924050632911392,0.5818181818181819,0.7384615384615385,0.48,0.826625386996904,0.7542372881355932,0.9143835616438356,incel-bert-base-multilingual-cased-10k_english,3642,train_incelsis(3642),dev_incelsis(780),test_fdb_500(500),17
4.0,0.852760736196319,0.8273809523809523,0.879746835443038,0.5,0.75,0.375,0.8390243902439023,0.7987616099071208,0.8835616438356164,incel-bert-base-multilingual-cased-10k_english,3642,train_incelsis(3642),dev_incelsis(780),test_fdb_500(500),17
