epoch,val_f1,val_prec,val_rec,test_f1,test_prec,test_rec,test_incels_f1,test_incels_prec,test_incels_rec,model,train_len,train_set(s),dev_set(s),test_set(s),run_id
1.0,0.8170347003154574,0.8144654088050315,0.819620253164557,0.4604810996563574,0.7362637362637363,0.335,0.8229508196721312,0.789308176100629,0.8595890410958904,incel-bert-base-multilingual-cased-10k_english,3642,train_incelsis(3642),dev_incelsis(780),test_fdb_500(500),17
2.0,0.83125,0.8209876543209876,0.8417721518987342,0.3373493975903614,0.8571428571428571,0.21,0.8223684210526316,0.7911392405063291,0.8561643835616438,incel-bert-base-multilingual-cased-10k_english,3642,train_incelsis(3642),dev_incelsis(780),test_fdb_500(500),17
3.0,0.8414814814814816,0.7910863509749304,0.8987341772151899,0.4931506849315068,0.782608695652174,0.36,0.8260869565217391,0.7556818181818182,0.910958904109589,incel-bert-base-multilingual-cased-10k_english,3642,train_incelsis(3642),dev_incelsis(780),test_fdb_500(500),17
4.0,0.8549618320610687,0.8259587020648967,0.8860759493670886,0.46643109540636046,0.7951807228915663,0.33,0.8269230769230769,0.7771084337349398,0.8835616438356164,incel-bert-base-multilingual-cased-10k_english,3642,train_incelsis(3642),dev_incelsis(780),test_fdb_500(500),17
