epoch,val_f1,val_prec,val_rec,test_f1,test_prec,test_rec,model,train_len,train_set(s),dev_set(s),test_set(s),run_id
1.0,0.9473684210526315,0.9473684210526315,0.9473684210526315,0.9040404040404041,0.895,0.9132653061224489,incel-bert-base-uncased-1000k_english,1435,train_incelsis(1435),dev_incelsis(312),test_incelsis(300),RANLP_review_metrics_incel_terms
2.0,0.9571428571428572,0.95260663507109,0.9617224880382775,0.9230769230769231,0.8985507246376812,0.9489795918367347,incel-bert-base-uncased-1000k_english,1435,train_incelsis(1435),dev_incelsis(312),test_incelsis(300),RANLP_review_metrics_incel_terms
3.0,0.9598108747044917,0.9485981308411215,0.9712918660287081,0.92,0.9019607843137255,0.9387755102040817,incel-bert-base-uncased-1000k_english,1435,train_incelsis(1435),dev_incelsis(312),test_incelsis(300),RANLP_review_metrics_incel_terms
4.0,0.9620853080568721,0.9530516431924883,0.9712918660287081,0.9223057644110276,0.9064039408866995,0.9387755102040817,incel-bert-base-uncased-1000k_english,1435,train_incelsis(1435),dev_incelsis(312),test_incelsis(300),RANLP_review_metrics_incel_terms
