epoch,val_f1,val_prec,val_rec,test_f1,test_prec,test_rec,model,train_len,train_set(s),dev_set(s),test_set(s),run_id
1.0,0.8511278195488723,0.8108882521489972,0.8955696202531646,0.8557536466774717,0.8123076923076923,0.9041095890410958,incel-bert-base-uncased-1000k_english,3642,train_incelsis(3642),dev_incelsis(780),test_incelsis(781),0
2.0,0.879154078549849,0.8410404624277457,0.9208860759493671,0.8622366288492707,0.8184615384615385,0.910958904109589,incel-bert-base-uncased-1000k_english,3642,train_incelsis(3642),dev_incelsis(780),test_incelsis(781),0
3.0,0.8850393700787402,0.8808777429467085,0.8892405063291139,0.8621291448516579,0.8790035587188612,0.8458904109589042,incel-bert-base-uncased-1000k_english,3642,train_incelsis(3642),dev_incelsis(780),test_incelsis(781),0
4.0,0.8788819875776397,0.8628048780487805,0.8955696202531646,0.8600682593856656,0.8571428571428571,0.863013698630137,incel-bert-base-uncased-1000k_english,3642,train_incelsis(3642),dev_incelsis(780),test_incelsis(781),0
