epoch,val_f1,val_prec,val_rec,test_f1,test_prec,test_rec,model,train_len,train_set(s),dev_set(s),test_set(s),run_id
1.0,0.856269113149847,0.8284023668639053,0.8860759493670886,0.8543371522094927,0.8181818181818182,0.8938356164383562,incel-bert-base-uncased-1000k_english,3642,train_incelsis(3642),dev_incelsis(780),test_incelsis(781),0
2.0,0.8681481481481481,0.8161559888579387,0.9272151898734177,0.8562197092084006,0.8103975535168195,0.9075342465753424,incel-bert-base-uncased-1000k_english,3642,train_incelsis(3642),dev_incelsis(780),test_incelsis(781),0
3.0,0.8788819875776397,0.8628048780487805,0.8955696202531646,0.8649572649572649,0.863481228668942,0.8664383561643836,incel-bert-base-uncased-1000k_english,3642,train_incelsis(3642),dev_incelsis(780),test_incelsis(781),0
4.0,0.8822605965463108,0.8753894080996885,0.8892405063291139,0.8668941979522184,0.8639455782312925,0.8698630136986302,incel-bert-base-uncased-1000k_english,3642,train_incelsis(3642),dev_incelsis(780),test_incelsis(781),0
