epoch,val_f1,val_prec,val_rec,test_f1,test_prec,test_rec,model,train_len,train_set(s),dev_set(s),test_set(s),run_id
1.0,0.8608414239482202,0.8807947019867549,0.8417721518987342,0.8611599297012302,0.8844765342960289,0.839041095890411,incel-bert-base-uncased-1000k_english,3642,train_incelsis(3642),dev_incelsis(780),test_incelsis(781),0
2.0,0.8778135048231511,0.8921568627450981,0.8639240506329114,0.8586387434554973,0.8754448398576512,0.8424657534246576,incel-bert-base-uncased-1000k_english,3642,train_incelsis(3642),dev_incelsis(780),test_incelsis(781),0
3.0,0.8788819875776397,0.8628048780487805,0.8955696202531646,0.8754208754208754,0.8609271523178808,0.8904109589041096,incel-bert-base-uncased-1000k_english,3642,train_incelsis(3642),dev_incelsis(780),test_incelsis(781),0
4.0,0.874806800618238,0.8549848942598187,0.8955696202531646,0.8735244519392917,0.8604651162790697,0.886986301369863,incel-bert-base-uncased-1000k_english,3642,train_incelsis(3642),dev_incelsis(780),test_incelsis(781),0
