epoch,val_f1,val_prec,val_rec,test_f1,test_prec,test_rec,model,train_len,train_set(s),dev_set(s),test_set(s),run_id
1.0,0.8590163934426229,0.891156462585034,0.8291139240506329,0.8490230905861457,0.8819188191881919,0.8184931506849316,incel-bert-base-uncased-1000k_english,3642,train_incelsis(3642),dev_incelsis(780),test_incelsis(781),0
2.0,0.8717948717948718,0.8831168831168831,0.8607594936708861,0.8521126760563381,0.8768115942028986,0.8287671232876712,incel-bert-base-uncased-1000k_english,3642,train_incelsis(3642),dev_incelsis(780),test_incelsis(781),0
3.0,0.8786482334869432,0.8537313432835821,0.9050632911392406,0.8783783783783784,0.8666666666666667,0.8904109589041096,incel-bert-base-uncased-1000k_english,3642,train_incelsis(3642),dev_incelsis(780),test_incelsis(781),0
4.0,0.8730650154798761,0.8545454545454545,0.8924050632911392,0.8743718592964824,0.8557377049180328,0.8938356164383562,incel-bert-base-uncased-1000k_english,3642,train_incelsis(3642),dev_incelsis(780),test_incelsis(781),0
