epoch,val_f1,val_prec,val_rec,test_f1,test_prec,test_rec,model,train_len,train_set(s),dev_set(s),test_set(s),run_id
1.0,0.8619119878603946,0.8279883381924198,0.8987341772151899,0.8538961038961039,0.8117283950617284,0.9006849315068494,incel-bert-base-uncased-1000k_english,3642,train_incelsis(3642),dev_incelsis(780),test_incelsis(781),0
2.0,0.87125748502994,0.8267045454545454,0.9208860759493671,0.8557536466774717,0.8123076923076923,0.9041095890410958,incel-bert-base-uncased-1000k_english,3642,train_incelsis(3642),dev_incelsis(780),test_incelsis(781),0
3.0,0.8771384136858477,0.8623853211009175,0.8924050632911392,0.8692699490662138,0.8619528619528619,0.8767123287671232,incel-bert-base-uncased-1000k_english,3642,train_incelsis(3642),dev_incelsis(780),test_incelsis(781),0
4.0,0.8751926040061633,0.8528528528528528,0.8987341772151899,0.8672268907563024,0.8514851485148515,0.8835616438356164,incel-bert-base-uncased-1000k_english,3642,train_incelsis(3642),dev_incelsis(780),test_incelsis(781),0
