epoch,val_f1,val_prec,val_rec,test_f1,test_prec,test_rec,model,train_len,train_set(s),dev_set(s),test_set(s),run_id
1.0,0.8641571194762684,0.8949152542372881,0.8354430379746836,0.8591549295774648,0.8840579710144928,0.8356164383561644,incel-bert-base-uncased-1000k_english,3642,train_incelsis(3642),dev_incelsis(780),test_incelsis(781),0
2.0,0.8709677419354839,0.8881578947368421,0.8544303797468354,0.8596491228070176,0.8812949640287769,0.839041095890411,incel-bert-base-uncased-1000k_english,3642,train_incelsis(3642),dev_incelsis(780),test_incelsis(781),0
3.0,0.8731117824773416,0.8352601156069365,0.9145569620253164,0.8733333333333334,0.8506493506493507,0.8972602739726028,incel-bert-base-uncased-1000k_english,3642,train_incelsis(3642),dev_incelsis(780),test_incelsis(781),0
4.0,0.8690292758089367,0.8468468468468469,0.8924050632911392,0.8798646362098138,0.8695652173913043,0.8904109589041096,incel-bert-base-uncased-1000k_english,3642,train_incelsis(3642),dev_incelsis(780),test_incelsis(781),0
