epoch,val_f1,val_prec,val_rec,test_f1,test_prec,test_rec,model,train_len,train_set(s),dev_set(s),test_set(s),run_id
1.0,0.8650306748466258,0.8392857142857143,0.8924050632911392,0.8543371522094927,0.8181818181818182,0.8938356164383562,incel-bert-base-uncased-1000k_english,3642,train_incelsis(3642),dev_incelsis(780),test_incelsis(781),0
2.0,0.8704819277108433,0.8304597701149425,0.9145569620253164,0.8520325203252033,0.8111455108359134,0.8972602739726028,incel-bert-base-uncased-1000k_english,3642,train_incelsis(3642),dev_incelsis(780),test_incelsis(781),0
3.0,0.8878648233486943,0.8626865671641791,0.9145569620253164,0.872053872053872,0.8576158940397351,0.886986301369863,incel-bert-base-uncased-1000k_english,3642,train_incelsis(3642),dev_incelsis(780),test_incelsis(781),0
4.0,0.8833592534992225,0.8685015290519877,0.8987341772151899,0.8688245315161841,0.864406779661017,0.8732876712328768,incel-bert-base-uncased-1000k_english,3642,train_incelsis(3642),dev_incelsis(780),test_incelsis(781),0
