epoch,val_f1,val_prec,val_rec,test_f1,test_prec,test_rec,model,train_len,train_set(s),dev_set(s),test_set(s),run_id
1.0,0.8657187993680885,0.8643533123028391,0.8670886075949367,0.8547297297297297,0.8433333333333334,0.8664383561643836,incel-bert-base-uncased-1000k_english,8142,"train_hateval_2019_english(4500)
train_incelsis(3642)",dev_incelsis(780),test_incelsis(781),10
2.0,0.8785607196401799,0.8347578347578347,0.9272151898734177,0.8455284552845529,0.804953560371517,0.8904109589041096,incel-bert-base-uncased-1000k_english,8142,"train_hateval_2019_english(4500)
train_incelsis(3642)",dev_incelsis(780),test_incelsis(781),10
3.0,0.8847926267281105,0.8597014925373134,0.9113924050632911,0.8466666666666668,0.8246753246753247,0.8698630136986302,incel-bert-base-uncased-1000k_english,8142,"train_hateval_2019_english(4500)
train_incelsis(3642)",dev_incelsis(780),test_incelsis(781),10
4.0,0.8794992175273866,0.8699690402476781,0.8892405063291139,0.8522920203735145,0.8451178451178452,0.8595890410958904,incel-bert-base-uncased-1000k_english,8142,"train_hateval_2019_english(4500)
train_incelsis(3642)",dev_incelsis(780),test_incelsis(781),10
