epoch,val_f1,val_prec,val_rec,test_f1,test_prec,test_rec,model,train_len,train_set(s),dev_set(s),test_set(s),run_id
1.0,0.8657187993680885,0.8643533123028391,0.8670886075949367,0.8509933774834436,0.8237179487179487,0.8801369863013698,incel-bert-base-uncased-1000k_english,8142,"train_hateval_2019_english(4500)
train_incelsis(3642)",dev_incelsis(780),test_incelsis(781),10
2.0,0.8725637181409295,0.8290598290598291,0.9208860759493671,0.8415999999999999,0.7897897897897898,0.9006849315068494,incel-bert-base-uncased-1000k_english,8142,"train_hateval_2019_english(4500)
train_incelsis(3642)",dev_incelsis(780),test_incelsis(781),10
3.0,0.8726708074534161,0.8567073170731707,0.8892405063291139,0.8509212730318257,0.8327868852459016,0.8698630136986302,incel-bert-base-uncased-1000k_english,8142,"train_hateval_2019_english(4500)
train_incelsis(3642)",dev_incelsis(780),test_incelsis(781),10
4.0,0.8808777429467084,0.8726708074534162,0.8892405063291139,0.8571428571428572,0.8513513513513513,0.863013698630137,incel-bert-base-uncased-1000k_english,8142,"train_hateval_2019_english(4500)
train_incelsis(3642)",dev_incelsis(780),test_incelsis(781),10
