epoch,val_f1,val_prec,val_rec,test_f1,test_prec,test_rec,model,train_len,train_set(s),dev_set(s),test_set(s),run_id
1.0,0.8711656441717791,0.8452380952380952,0.8987341772151899,0.8585690515806988,0.8349514563106796,0.8835616438356164,incel-bert-base-uncased-1000k_english,8142,"train_hateval_2019_english(4500)
train_incelsis(3642)",dev_incelsis(780),test_incelsis(781),10
2.0,0.8807339449541285,0.8520710059171598,0.9113924050632911,0.8528925619834711,0.8242811501597445,0.8835616438356164,incel-bert-base-uncased-1000k_english,8142,"train_hateval_2019_english(4500)
train_incelsis(3642)",dev_incelsis(780),test_incelsis(781),10
3.0,0.8713178294573644,0.8541033434650456,0.8892405063291139,0.8341708542713568,0.8163934426229508,0.8527397260273972,incel-bert-base-uncased-1000k_english,8142,"train_hateval_2019_english(4500)
train_incelsis(3642)",dev_incelsis(780),test_incelsis(781),10
4.0,0.878740157480315,0.8746081504702194,0.8829113924050633,0.8474576271186441,0.8389261744966443,0.8561643835616438,incel-bert-base-uncased-1000k_english,8142,"train_hateval_2019_english(4500)
train_incelsis(3642)",dev_incelsis(780),test_incelsis(781),10
