epoch,val_f1,val_prec,val_rec,test_f1,test_prec,test_rec,model,train_len,train_set(s),dev_set(s),test_set(s),run_id
1.0,0.40776699029126207,0.875,0.26582278481012656,0.4723618090452261,0.8867924528301887,0.3219178082191781,incel-bert-base-uncased-1000k_english,9624,hatexplain_binary_train(9624),dev_incelsis(780),test_incelsis(781),12
2.0,0.5065502183406114,0.8169014084507042,0.3670886075949367,0.5759637188208616,0.8523489932885906,0.4349315068493151,incel-bert-base-uncased-1000k_english,9624,hatexplain_binary_train(9624),dev_incelsis(780),test_incelsis(781),12
3.0,0.44964871194379397,0.8648648648648649,0.3037974683544304,0.5253012048192771,0.8861788617886179,0.3732876712328767,incel-bert-base-uncased-1000k_english,9624,hatexplain_binary_train(9624),dev_incelsis(780),test_incelsis(781),12
4.0,0.49115044247787615,0.8161764705882353,0.3512658227848101,0.59375,0.8525641025641025,0.4554794520547945,incel-bert-base-uncased-1000k_english,9624,hatexplain_binary_train(9624),dev_incelsis(780),test_incelsis(781),12
