epoch,val_f1,val_prec,val_rec,test_f1,test_prec,test_rec,model,train_len,train_set(s),dev_set(s),test_set(s),run_id
1.0,0.4449648711943794,0.8558558558558559,0.30063291139240506,0.5121951219512195,0.8898305084745762,0.3595890410958904,incel-bert-base-uncased-1000k_english,9624,hatexplain_binary_train(9624),dev_incelsis(780),test_incelsis(781),12
2.0,0.5011086474501109,0.837037037037037,0.3575949367088608,0.5463182897862232,0.8914728682170543,0.3938356164383562,incel-bert-base-uncased-1000k_english,9624,hatexplain_binary_train(9624),dev_incelsis(780),test_incelsis(781),12
3.0,0.4258373205741627,0.8725490196078431,0.28164556962025317,0.5183374083129584,0.905982905982906,0.363013698630137,incel-bert-base-uncased-1000k_english,9624,hatexplain_binary_train(9624),dev_incelsis(780),test_incelsis(781),12
4.0,0.5010989010989011,0.8201438848920863,0.36075949367088606,0.5773672055427251,0.8865248226950354,0.4280821917808219,incel-bert-base-uncased-1000k_english,9624,hatexplain_binary_train(9624),dev_incelsis(780),test_incelsis(781),12
