epoch,val_f1,val_prec,val_rec,test_f1,test_prec,test_rec,model,train_len,train_set(s),dev_set(s),test_set(s),run_id
1.0,0.41247002398081534,0.8514851485148515,0.2721518987341772,0.4568527918781725,0.8823529411764706,0.3082191780821918,incel-bert-base-uncased-1000k_english,9624,hatexplain_binary_train(9624),dev_incelsis(780),test_incelsis(781),12
2.0,0.4657534246575342,0.8360655737704918,0.3227848101265823,0.5390070921985816,0.8702290076335878,0.3904109589041096,incel-bert-base-uncased-1000k_english,9624,hatexplain_binary_train(9624),dev_incelsis(780),test_incelsis(781),12
3.0,0.41545893719806765,0.8775510204081632,0.2721518987341772,0.48,0.8888888888888888,0.3287671232876712,incel-bert-base-uncased-1000k_english,9624,hatexplain_binary_train(9624),dev_incelsis(780),test_incelsis(781),12
4.0,0.47533632286995514,0.8153846153846154,0.33544303797468356,0.5547785547785549,0.8686131386861314,0.4075342465753425,incel-bert-base-uncased-1000k_english,9624,hatexplain_binary_train(9624),dev_incelsis(780),test_incelsis(781),12
