epoch,val_f1,val_prec,val_rec,test_f1,test_prec,test_rec,model,train_len,train_set(s),dev_set(s),test_set(s),run_id
1.0,0.41062801932367143,0.8673469387755102,0.2689873417721519,0.48635235732009924,0.8828828828828829,0.3356164383561644,incel-bert-base-uncased-1000k_english,9624,hatexplain_binary_train(9624),dev_incelsis(780),test_incelsis(781),12
2.0,0.5065502183406114,0.8169014084507042,0.3670886075949367,0.6048565121412803,0.8509316770186336,0.4691780821917808,incel-bert-base-uncased-1000k_english,9624,hatexplain_binary_train(9624),dev_incelsis(780),test_incelsis(781),12
3.0,0.44235294117647056,0.8623853211009175,0.2974683544303797,0.5384615384615385,0.9032258064516129,0.3835616438356164,incel-bert-base-uncased-1000k_english,9624,hatexplain_binary_train(9624),dev_incelsis(780),test_incelsis(781),12
4.0,0.48106904231625836,0.8120300751879699,0.34177215189873417,0.5900900900900901,0.8618421052631579,0.4486301369863014,incel-bert-base-uncased-1000k_english,9624,hatexplain_binary_train(9624),dev_incelsis(780),test_incelsis(781),12
