epoch,val_f1,val_prec,val_rec,test_f1,test_prec,test_rec,model,train_len,train_set(s),dev_set(s),test_set(s),run_id
1.0,0.40677966101694907,0.865979381443299,0.26582278481012656,0.47500000000000003,0.8796296296296297,0.3253424657534247,incel-bert-base-uncased-1000k_english,9624,hatexplain_binary_train(9624),dev_incelsis(780),test_incelsis(781),12
2.0,0.49115044247787615,0.8161764705882353,0.3512658227848101,0.5701149425287356,0.8671328671328671,0.4246575342465753,incel-bert-base-uncased-1000k_english,9624,hatexplain_binary_train(9624),dev_incelsis(780),test_incelsis(781),12
3.0,0.4444444444444444,0.8785046728971962,0.2974683544303797,0.5240384615384616,0.8790322580645161,0.3732876712328767,incel-bert-base-uncased-1000k_english,9624,hatexplain_binary_train(9624),dev_incelsis(780),test_incelsis(781),12
4.0,0.5032822757111598,0.8156028368794326,0.3639240506329114,0.5945945945945946,0.868421052631579,0.4520547945205479,incel-bert-base-uncased-1000k_english,9624,hatexplain_binary_train(9624),dev_incelsis(780),test_incelsis(781),12
