epoch,val_f1,val_prec,val_rec,test_f1,test_prec,test_rec,model,train_len,train_set(s),dev_set(s),test_set(s),run_id
1.0,0.8581314878892734,0.9465648854961832,0.7848101265822784,0.86654478976234,0.9294117647058824,0.8116438356164384,incel-bert-base-uncased-1000k_english,13266,"hatexplain_binary_train(9624)
train_incelsis(3642)",dev_incelsis(780),test_incelsis(781),13
2.0,0.8656250000000001,0.8549382716049383,0.8765822784810127,0.8532883642495783,0.840531561461794,0.8664383561643836,incel-bert-base-uncased-1000k_english,13266,"hatexplain_binary_train(9624)
train_incelsis(3642)",dev_incelsis(780),test_incelsis(781),13
3.0,0.8686244204018547,0.8489425981873112,0.8892405063291139,0.8428093645484949,0.8235294117647058,0.863013698630137,incel-bert-base-uncased-1000k_english,13266,"hatexplain_binary_train(9624)
train_incelsis(3642)",dev_incelsis(780),test_incelsis(781),13
4.0,0.8697017268445839,0.8629283489096573,0.8765822784810127,0.847972972972973,0.8366666666666667,0.8595890410958904,incel-bert-base-uncased-1000k_english,13266,"hatexplain_binary_train(9624)
train_incelsis(3642)",dev_incelsis(780),test_incelsis(781),13
