epoch,val_f1,val_prec,val_rec,test_f1,test_prec,test_rec,model,train_len,train_set(s),dev_set(s),test_set(s),run_id
1.0,0.8580750407830343,0.8855218855218855,0.8322784810126582,0.8511383537653241,0.8709677419354839,0.8321917808219178,incel-bert-base-uncased-1000k_english,17766,"hatexplain_binary_train(9624)
train_hateval_2019_english(4500)
train_incelsis(3642)",dev_incelsis(780),test_incelsis(781),14
2.0,0.8662613981762918,0.8333333333333334,0.9018987341772152,0.8524590163934426,0.8176100628930818,0.8904109589041096,incel-bert-base-uncased-1000k_english,17766,"hatexplain_binary_train(9624)
train_hateval_2019_english(4500)
train_incelsis(3642)",dev_incelsis(780),test_incelsis(781),14
3.0,0.8664596273291926,0.850609756097561,0.8829113924050633,0.8519134775374376,0.8284789644012945,0.8767123287671232,incel-bert-base-uncased-1000k_english,17766,"hatexplain_binary_train(9624)
train_hateval_2019_english(4500)
train_incelsis(3642)",dev_incelsis(780),test_incelsis(781),14
4.0,0.8722741433021807,0.8588957055214724,0.8860759493670886,0.8509933774834436,0.8237179487179487,0.8801369863013698,incel-bert-base-uncased-1000k_english,17766,"hatexplain_binary_train(9624)
train_hateval_2019_english(4500)
train_incelsis(3642)",dev_incelsis(780),test_incelsis(781),14
