epoch,val_f1,val_prec,val_rec,test_f1,test_prec,test_rec,model,train_len,train_set(s),dev_set(s),test_set(s),run_id
1.0,0.8626817447495961,0.8811881188118812,0.8449367088607594,0.8512820512820513,0.8498293515358362,0.8527397260273972,incel-bert-base-uncased-1000k_english,11134,"df_stormfront_train(7492)
train_incelsis(3642)",dev_incelsis(780),test_incelsis(781),15
2.0,0.8614916286149162,0.8299120234604106,0.8955696202531646,0.8585365853658536,0.8173374613003096,0.9041095890410958,incel-bert-base-uncased-1000k_english,11134,"df_stormfront_train(7492)
train_incelsis(3642)",dev_incelsis(780),test_incelsis(781),15
3.0,0.849144634525661,0.8348623853211009,0.8639240506329114,0.8590381426202321,0.8327974276527331,0.886986301369863,incel-bert-base-uncased-1000k_english,11134,"df_stormfront_train(7492)
train_incelsis(3642)",dev_incelsis(780),test_incelsis(781),15
4.0,0.8616852146263911,0.865814696485623,0.8575949367088608,0.8667790893760541,0.8538205980066446,0.8801369863013698,incel-bert-base-uncased-1000k_english,11134,"df_stormfront_train(7492)
train_incelsis(3642)",dev_incelsis(780),test_incelsis(781),15
