epoch,val_f1,val_prec,val_rec,test_f1,test_prec,test_rec,model,train_len,train_set(s),dev_set(s),test_set(s),run_id
1.0,0.8585365853658536,0.882943143812709,0.8354430379746836,0.856152512998267,0.8666666666666667,0.8458904109589042,incel-bert-base-uncased-1000k_english,11134,"df_stormfront_train(7492)
train_incelsis(3642)",dev_incelsis(780),test_incelsis(781),15
2.0,0.8653555219364599,0.8289855072463768,0.9050632911392406,0.8529886914378029,0.8073394495412844,0.9041095890410958,incel-bert-base-uncased-1000k_english,11134,"df_stormfront_train(7492)
train_incelsis(3642)",dev_incelsis(780),test_incelsis(781),15
3.0,0.849144634525661,0.8348623853211009,0.8639240506329114,0.8514851485148515,0.821656050955414,0.8835616438356164,incel-bert-base-uncased-1000k_english,11134,"df_stormfront_train(7492)
train_incelsis(3642)",dev_incelsis(780),test_incelsis(781),15
4.0,0.8639240506329114,0.8639240506329114,0.8639240506329114,0.8638655462184874,0.8481848184818482,0.8801369863013698,incel-bert-base-uncased-1000k_english,11134,"df_stormfront_train(7492)
train_incelsis(3642)",dev_incelsis(780),test_incelsis(781),15
