epoch,val_f1,val_prec,val_rec,test_f1,test_prec,test_rec,model,train_len,train_set(s),dev_set(s),test_set(s),run_id
1.0,0.8576158940397351,0.8993055555555556,0.819620253164557,0.8495575221238938,0.8791208791208791,0.821917808219178,incel-bert-base-uncased-1000k_english,15634,"df_stormfront_train(7492)
train_hateval_2019_english(4500)
train_incelsis(3642)",dev_incelsis(780),test_incelsis(781),16
2.0,0.8653846153846154,0.8766233766233766,0.8544303797468354,0.8626086956521739,0.8763250883392226,0.8493150684931506,incel-bert-base-uncased-1000k_english,15634,"df_stormfront_train(7492)
train_hateval_2019_english(4500)
train_incelsis(3642)",dev_incelsis(780),test_incelsis(781),16
3.0,0.8589147286821706,0.8419452887537994,0.8765822784810127,0.8609715242881071,0.8426229508196721,0.8801369863013698,incel-bert-base-uncased-1000k_english,15634,"df_stormfront_train(7492)
train_hateval_2019_english(4500)
train_incelsis(3642)",dev_incelsis(780),test_incelsis(781),16
4.0,0.862015503875969,0.8449848024316109,0.879746835443038,0.8537815126050421,0.8382838283828383,0.8698630136986302,incel-bert-base-uncased-1000k_english,15634,"df_stormfront_train(7492)
train_hateval_2019_english(4500)
train_incelsis(3642)",dev_incelsis(780),test_incelsis(781),16
