epoch,val_f1,val_prec,val_rec,test_f1,test_prec,test_rec,model,train_len,train_set(s),dev_set(s),test_set(s),run_id
1.0,0.8470209339774558,0.8622950819672132,0.8322784810126582,0.8455008488964345,0.8383838383838383,0.8527397260273972,incel-bert-base-uncased-1000k_english,7284,"train_incelsis(3642)
davidson(3642)",dev_incelsis(780),test_incelsis(781),1
2.0,0.8566929133858268,0.8526645768025078,0.8607594936708861,0.8644939965694683,0.865979381443299,0.863013698630137,incel-bert-base-uncased-1000k_english,7284,"train_incelsis(3642)
davidson(3642)",dev_incelsis(780),test_incelsis(781),1
3.0,0.8571428571428571,0.8089887640449438,0.9113924050632911,0.8447999999999999,0.7927927927927928,0.9041095890410958,incel-bert-base-uncased-1000k_english,7284,"train_incelsis(3642)
davidson(3642)",dev_incelsis(780),test_incelsis(781),1
4.0,0.8522012578616353,0.846875,0.8575949367088608,0.8552188552188552,0.8410596026490066,0.8698630136986302,incel-bert-base-uncased-1000k_english,7284,"train_incelsis(3642)
davidson(3642)",dev_incelsis(780),test_incelsis(781),1
