epoch,val_f1,val_prec,val_rec,test_f1,test_prec,test_rec,model,train_len,train_set(s),dev_set(s),test_set(s),run_id
1.0,0.8438003220611916,0.8590163934426229,0.8291139240506329,0.8566610455311973,0.8438538205980066,0.8698630136986302,incel-bert-base-uncased-1000k_english,7284,"train_incelsis(3642)
davidson(3642)",dev_incelsis(780),test_incelsis(781),1
2.0,0.8633540372670808,0.8475609756097561,0.879746835443038,0.8547854785478548,0.8248407643312102,0.886986301369863,incel-bert-base-uncased-1000k_english,7284,"train_incelsis(3642)
davidson(3642)",dev_incelsis(780),test_incelsis(781),1
3.0,0.8541353383458646,0.8137535816618912,0.8987341772151899,0.8483870967741935,0.801829268292683,0.9006849315068494,incel-bert-base-uncased-1000k_english,7284,"train_incelsis(3642)
davidson(3642)",dev_incelsis(780),test_incelsis(781),1
4.0,0.8566929133858268,0.8526645768025078,0.8607594936708861,0.8543046357615894,0.8269230769230769,0.8835616438356164,incel-bert-base-uncased-1000k_english,7284,"train_incelsis(3642)
davidson(3642)",dev_incelsis(780),test_incelsis(781),1
