epoch,val_f1,val_prec,val_rec,test_f1,test_prec,test_rec,model,train_len,train_set(s),dev_set(s),test_set(s),run_id
1.0,0.8421052631578947,0.8488745980707395,0.8354430379746836,0.8499156829679596,0.8372093023255814,0.863013698630137,incel-bert-base-uncased-1000k_english,7284,"train_incelsis(3642)
davidson(3642)",dev_incelsis(780),test_incelsis(781),1
2.0,0.8697017268445839,0.8629283489096573,0.8765822784810127,0.8557046979865772,0.8388157894736842,0.8732876712328768,incel-bert-base-uncased-1000k_english,7284,"train_incelsis(3642)
davidson(3642)",dev_incelsis(780),test_incelsis(781),1
3.0,0.849925705794948,0.8011204481792717,0.9050632911392406,0.8383045525902668,0.7739130434782608,0.9143835616438356,incel-bert-base-uncased-1000k_english,7284,"train_incelsis(3642)
davidson(3642)",dev_incelsis(780),test_incelsis(781),1
4.0,0.8633540372670808,0.8475609756097561,0.879746835443038,0.8562091503267975,0.81875,0.8972602739726028,incel-bert-base-uncased-1000k_english,7284,"train_incelsis(3642)
davidson(3642)",dev_incelsis(780),test_incelsis(781),1
