epoch,val_f1,val_prec,val_rec,test_f1,test_prec,test_rec,model,train_len,train_set(s),dev_set(s),test_set(s),run_id
1.0,0.8525641025641025,0.8636363636363636,0.8417721518987342,0.8445945945945946,0.8333333333333334,0.8561643835616438,incel-bert-base-uncased-1000k_english,7284,"train_incelsis(3642)
davidson(3642)",dev_incelsis(780),test_incelsis(781),1
2.0,0.8651162790697674,0.8480243161094225,0.8829113924050633,0.8571428571428571,0.832258064516129,0.8835616438356164,incel-bert-base-uncased-1000k_english,7284,"train_incelsis(3642)
davidson(3642)",dev_incelsis(780),test_incelsis(781),1
3.0,0.8528974739970283,0.803921568627451,0.9082278481012658,0.8439490445859872,0.7886904761904762,0.9075342465753424,incel-bert-base-uncased-1000k_english,7284,"train_incelsis(3642)
davidson(3642)",dev_incelsis(780),test_incelsis(781),1
4.0,0.8562596599690881,0.8368580060422961,0.8765822784810127,0.855263157894737,0.8227848101265823,0.8904109589041096,incel-bert-base-uncased-1000k_english,7284,"train_incelsis(3642)
davidson(3642)",dev_incelsis(780),test_incelsis(781),1
