epoch,val_f1,val_prec,val_rec,test_f1,test_prec,test_rec,model,train_len,train_set(s),dev_set(s),test_set(s),run_id
1.0,0.865761689291101,0.8270893371757925,0.9082278481012658,0.8327974276527331,0.7848484848484848,0.886986301369863,incel-bert-base-uncased-1000k_english,7284,"train_incelsis(3642)
hateval_train(3642)",dev_incelsis(780),test_incelsis(781),2
2.0,0.8771384136858477,0.8623853211009175,0.8924050632911392,0.8576214405360134,0.839344262295082,0.8767123287671232,incel-bert-base-uncased-1000k_english,7284,"train_incelsis(3642)
hateval_train(3642)",dev_incelsis(780),test_incelsis(781),2
3.0,0.874051593323217,0.8396501457725948,0.9113924050632911,0.8519134775374376,0.8284789644012945,0.8767123287671232,incel-bert-base-uncased-1000k_english,7284,"train_incelsis(3642)
hateval_train(3642)",dev_incelsis(780),test_incelsis(781),2
4.0,0.8824427480916032,0.8525073746312685,0.9145569620253164,0.8571428571428572,0.8415841584158416,0.8732876712328768,incel-bert-base-uncased-1000k_english,7284,"train_incelsis(3642)
hateval_train(3642)",dev_incelsis(780),test_incelsis(781),2
