epoch,val_f1,val_prec,val_rec,test_f1,test_prec,test_rec,model,train_len,train_set(s),dev_set(s),test_set(s),run_id
1.0,0.8601823708206687,0.827485380116959,0.8955696202531646,0.8405797101449275,0.7933130699088146,0.8938356164383562,incel-bert-base-uncased-1000k_english,7284,"train_incelsis(3642)
hateval_train(3642)",dev_incelsis(780),test_incelsis(781),2
2.0,0.8797564687975646,0.8475073313782991,0.9145569620253164,0.8613861386138614,0.8312101910828026,0.8938356164383562,incel-bert-base-uncased-1000k_english,7284,"train_incelsis(3642)
hateval_train(3642)",dev_incelsis(780),test_incelsis(781),2
3.0,0.8892307692307692,0.8652694610778443,0.9145569620253164,0.8542713567839196,0.8360655737704918,0.8732876712328768,incel-bert-base-uncased-1000k_english,7284,"train_incelsis(3642)
hateval_train(3642)",dev_incelsis(780),test_incelsis(781),2
4.0,0.8854489164086687,0.8666666666666667,0.9050632911392406,0.8513513513513513,0.84,0.863013698630137,incel-bert-base-uncased-1000k_english,7284,"train_incelsis(3642)
hateval_train(3642)",dev_incelsis(780),test_incelsis(781),2
