epoch,val_f1,val_prec,val_rec,test_f1,test_prec,test_rec,model,train_len,train_set(s),dev_set(s),test_set(s),run_id
1.0,0.8553459119496856,0.85,0.8607594936708861,0.8379310344827587,0.84375,0.8321917808219178,incel-bert-base-uncased-1000k_english,10926,"train_incelsis(3642)
hateval_train(3642)
davidson(3642)",dev_incelsis(780),test_incelsis(781),3
2.0,0.8753894080996885,0.8619631901840491,0.8892405063291139,0.8452579034941765,0.8220064724919094,0.8698630136986302,incel-bert-base-uncased-1000k_english,10926,"train_incelsis(3642)
hateval_train(3642)
davidson(3642)",dev_incelsis(780),test_incelsis(781),3
3.0,0.8801261829652997,0.8773584905660378,0.8829113924050633,0.8361774744027304,0.8333333333333334,0.839041095890411,incel-bert-base-uncased-1000k_english,10926,"train_incelsis(3642)
hateval_train(3642)
davidson(3642)",dev_incelsis(780),test_incelsis(781),3
4.0,0.8769716088328077,0.8742138364779874,0.879746835443038,0.8285229202037352,0.8215488215488216,0.8356164383561644,incel-bert-base-uncased-1000k_english,10926,"train_incelsis(3642)
hateval_train(3642)
davidson(3642)",dev_incelsis(780),test_incelsis(781),3
