epoch,val_f1,val_prec,val_rec,test_f1,test_prec,test_rec,model,train_len,train_set(s),dev_set(s),test_set(s),run_id
1.0,0.8585055643879174,0.8626198083067093,0.8544303797468354,0.8439108061749571,0.845360824742268,0.8424657534246576,incel-bert-base-uncased-1000k_english,10926,"train_incelsis(3642)
hateval_train(3642)
davidson(3642)",dev_incelsis(780),test_incelsis(781),3
2.0,0.8701095461658842,0.8606811145510835,0.879746835443038,0.8380634390651086,0.8175895765472313,0.8595890410958904,incel-bert-base-uncased-1000k_english,10926,"train_incelsis(3642)
hateval_train(3642)
davidson(3642)",dev_incelsis(780),test_incelsis(781),3
3.0,0.8692913385826773,0.8652037617554859,0.8734177215189873,0.8426395939086295,0.8327759197324415,0.8527397260273972,incel-bert-base-uncased-1000k_english,10926,"train_incelsis(3642)
hateval_train(3642)
davidson(3642)",dev_incelsis(780),test_incelsis(781),3
4.0,0.8806201550387597,0.8632218844984803,0.8987341772151899,0.8338870431893688,0.8096774193548387,0.8595890410958904,incel-bert-base-uncased-1000k_english,10926,"train_incelsis(3642)
hateval_train(3642)
davidson(3642)",dev_incelsis(780),test_incelsis(781),3
