epoch,val_f1,val_prec,val_rec,test_f1,test_prec,test_rec,model,train_len,train_set(s),dev_set(s),test_set(s),run_id
1.0,0.5228215767634855,0.7590361445783133,0.3987341772151899,0.5183585313174947,0.7017543859649122,0.410958904109589,incel-bert-base-uncased-1000k_english,4500,train_hateval_2019_english(4500),dev_incelsis(780),test_incelsis(781),4
2.0,0.523908523908524,0.7636363636363637,0.3987341772151899,0.5151515151515152,0.7,0.4075342465753425,incel-bert-base-uncased-1000k_english,4500,train_hateval_2019_english(4500),dev_incelsis(780),test_incelsis(781),4
3.0,0.5125,0.75,0.38924050632911394,0.5194805194805194,0.7058823529411765,0.410958904109589,incel-bert-base-uncased-1000k_english,4500,train_hateval_2019_english(4500),dev_incelsis(780),test_incelsis(781),4
4.0,0.5542168674698794,0.7582417582417582,0.43670886075949367,0.546972860125261,0.7005347593582888,0.4486301369863014,incel-bert-base-uncased-1000k_english,4500,train_hateval_2019_english(4500),dev_incelsis(780),test_incelsis(781),4
