epoch,val_f1,val_prec,val_rec,test_f1,test_prec,test_rec,model,train_len,train_set(s),dev_set(s),test_set(s),run_id
1.0,0.5302713987473904,0.7791411042944786,0.40189873417721517,0.5407725321888411,0.7241379310344828,0.4315068493150685,incel-bert-base-uncased-1000k_english,4500,train_hateval_2019_english(4500),dev_incelsis(780),test_incelsis(781),4
2.0,0.5313807531380753,0.7839506172839507,0.40189873417721517,0.5396145610278372,0.72,0.4315068493150685,incel-bert-base-uncased-1000k_english,4500,train_hateval_2019_english(4500),dev_incelsis(780),test_incelsis(781),4
3.0,0.5454545454545455,0.7857142857142857,0.4177215189873418,0.5217391304347826,0.7142857142857143,0.410958904109589,incel-bert-base-uncased-1000k_english,4500,train_hateval_2019_english(4500),dev_incelsis(780),test_incelsis(781),4
4.0,0.5640000000000001,0.7663043478260869,0.4462025316455696,0.5534591194968553,0.7135135135135136,0.4520547945205479,incel-bert-base-uncased-1000k_english,4500,train_hateval_2019_english(4500),dev_incelsis(780),test_incelsis(781),4
