epoch,val_f1,val_prec,val_rec,test_f1,test_prec,test_rec,model,train_len,train_set(s),dev_set(s),test_set(s),run_id
1.0,0.6761565836298932,0.7723577235772358,0.6012658227848101,0.7188612099644128,0.7481481481481481,0.6917808219178082,incel-bert-base-uncased-1000k_english,21848,"train_davidson(17348)
train_hateval_2019_english(4500)",dev_incelsis(780),test_incelsis(781),5
2.0,0.7108843537414965,0.7683823529411765,0.6613924050632911,0.7625418060200668,0.7450980392156863,0.7808219178082192,incel-bert-base-uncased-1000k_english,21848,"train_davidson(17348)
train_hateval_2019_english(4500)",dev_incelsis(780),test_incelsis(781),5
3.0,0.6896551724137931,0.7575757575757576,0.6329113924050633,0.7512520868113522,0.7328990228013029,0.7705479452054794,incel-bert-base-uncased-1000k_english,21848,"train_davidson(17348)
train_hateval_2019_english(4500)",dev_incelsis(780),test_incelsis(781),5
4.0,0.7140549273021001,0.7293729372937293,0.6993670886075949,0.7612903225806452,0.7195121951219512,0.8082191780821918,incel-bert-base-uncased-1000k_english,21848,"train_davidson(17348)
train_hateval_2019_english(4500)",dev_incelsis(780),test_incelsis(781),5
