epoch,val_f1,val_prec,val_rec,test_f1,test_prec,test_rec,model,train_len,train_set(s),dev_set(s),test_set(s),run_id
1.0,0.6247288503253796,0.6428571428571429,0.6075949367088608,0.6044273339749759,0.43370165745856354,0.9968253968253968,incel-bert-base-uncased-1000k_english,3642,train_incelsis(3642),dev_hateval_2019_english(500),test_hateval_2019_english(1500),6
2.0,0.6279569892473118,0.6403508771929824,0.6160337552742616,0.6163081540770385,0.44996347699050404,0.9777777777777777,incel-bert-base-uncased-1000k_english,3642,train_incelsis(3642),dev_hateval_2019_english(500),test_hateval_2019_english(1500),6
3.0,0.6353944562899787,0.6422413793103449,0.6286919831223629,0.6455424274973147,0.4878246753246753,0.953968253968254,incel-bert-base-uncased-1000k_english,3642,train_incelsis(3642),dev_hateval_2019_english(500),test_hateval_2019_english(1500),6
4.0,0.6233766233766234,0.64,0.6075949367088608,0.6506550218340611,0.49584026622296173,0.946031746031746,incel-bert-base-uncased-1000k_english,3642,train_incelsis(3642),dev_hateval_2019_english(500),test_hateval_2019_english(1500),6
