epoch,val_f1,val_prec,val_rec,test_f1,test_prec,test_rec,model,train_len,train_set(s),dev_set(s),test_set(s),run_id
1.0,0.5604606525911708,0.7121951219512195,0.4620253164556962,0.64,0.721030042918455,0.5753424657534246,incel-bert-base-uncased-1000k_english,17348,train_davidson(17348),dev_incelsis(780),test_incelsis(781),7
2.0,0.49895178197064993,0.7391304347826086,0.37658227848101267,0.6109979633401222,0.7537688442211056,0.5136986301369864,incel-bert-base-uncased-1000k_english,17348,train_davidson(17348),dev_incelsis(780),test_incelsis(781),7
3.0,0.5762081784386617,0.6981981981981982,0.49050632911392406,0.6508226691042047,0.6980392156862745,0.6095890410958904,incel-bert-base-uncased-1000k_english,17348,train_davidson(17348),dev_incelsis(780),test_incelsis(781),7
4.0,0.5576923076923077,0.7107843137254902,0.4588607594936709,0.6489563567362429,0.7276595744680852,0.5856164383561644,incel-bert-base-uncased-1000k_english,17348,train_davidson(17348),dev_incelsis(780),test_incelsis(781),7
