epoch,val_f1,val_prec,val_rec,test_f1,test_prec,test_rec,model,train_len,train_set(s),dev_set(s),test_set(s),run_id
1.0,0.5486381322957198,0.7121212121212122,0.4462025316455696,0.6450381679389313,0.728448275862069,0.5787671232876712,incel-bert-base-uncased-1000k_english,17348,train_davidson(17348),dev_incelsis(780),test_incelsis(781),7
2.0,0.45076586433260396,0.7304964539007093,0.3259493670886076,0.5726495726495726,0.7613636363636364,0.4589041095890411,incel-bert-base-uncased-1000k_english,17348,train_davidson(17348),dev_incelsis(780),test_incelsis(781),7
3.0,0.5504587155963303,0.6550218340611353,0.47468354430379744,0.6231343283582089,0.6844262295081968,0.571917808219178,incel-bert-base-uncased-1000k_english,17348,train_davidson(17348),dev_incelsis(780),test_incelsis(781),7
4.0,0.543726235741445,0.680952380952381,0.4525316455696203,0.6185958254269449,0.6936170212765957,0.5582191780821918,incel-bert-base-uncased-1000k_english,17348,train_davidson(17348),dev_incelsis(780),test_incelsis(781),7
