epoch,val_f1,val_prec,val_rec,test_f1,test_prec,test_rec,model,train_len,train_set(s),dev_set(s),test_set(s),run_id
1.0,0.5343811394891945,0.7046632124352331,0.43037974683544306,0.6237816764132552,0.7239819004524887,0.547945205479452,incel-bert-base-uncased-1000k_english,17348,train_davidson(17348),dev_incelsis(780),test_incelsis(781),7
2.0,0.4549356223175966,0.7066666666666667,0.33544303797468356,0.6,0.7659574468085106,0.4931506849315068,incel-bert-base-uncased-1000k_english,17348,train_davidson(17348),dev_incelsis(780),test_incelsis(781),7
3.0,0.5719424460431654,0.6625,0.5031645569620253,0.6559714795008913,0.6840148698884758,0.6301369863013698,incel-bert-base-uncased-1000k_english,17348,train_davidson(17348),dev_incelsis(780),test_incelsis(781),7
4.0,0.58195211786372,0.6960352422907489,0.5,0.6462093862815884,0.683206106870229,0.613013698630137,incel-bert-base-uncased-1000k_english,17348,train_davidson(17348),dev_incelsis(780),test_incelsis(781),7
