epoch,val_f1,val_prec,val_rec,test_f1,test_prec,test_rec,model,train_len,train_set(s),dev_set(s),test_set(s),run_id
1.0,0.5475285171102662,0.6857142857142857,0.45569620253164556,0.6465028355387523,0.7215189873417721,0.5856164383561644,incel-bert-base-uncased-1000k_english,17348,train_davidson(17348),dev_incelsis(780),test_incelsis(781),7
2.0,0.4834710743801653,0.6964285714285714,0.370253164556962,0.6317907444668008,0.7658536585365854,0.5376712328767124,incel-bert-base-uncased-1000k_english,17348,train_davidson(17348),dev_incelsis(780),test_incelsis(781),7
3.0,0.5724381625441696,0.648,0.5126582278481012,0.6466431095406361,0.6678832116788321,0.6267123287671232,incel-bert-base-uncased-1000k_english,17348,train_davidson(17348),dev_incelsis(780),test_incelsis(781),7
4.0,0.5813528336380256,0.6883116883116883,0.5031645569620253,0.6522522522522524,0.688212927756654,0.6198630136986302,incel-bert-base-uncased-1000k_english,17348,train_davidson(17348),dev_incelsis(780),test_incelsis(781),7
