epoch,val_f1,val_prec,val_rec,test_f1,test_prec,test_rec,model,train_len,train_set(s),dev_set(s),test_set(s),run_id
1.0,0.32487309644670054,0.21699819168173598,0.6460296096904441,0.32603570225665207,0.21960072595281308,0.6326797385620915,incel-bert-base-uncased-1000k_english,3642,train_incelsis(3642),dev_davidson(3717),test_davidson(3718),8
2.0,0.33501078360891445,0.22854340362923,0.6271870794078062,0.3318872017353579,0.22938530734632684,0.6,incel-bert-base-uncased-1000k_english,3642,train_incelsis(3642),dev_davidson(3717),test_davidson(3718),8
3.0,0.3490744238760861,0.2426470588235294,0.6218034993270525,0.34272658035034276,0.2418054809242343,0.5882352941176471,incel-bert-base-uncased-1000k_english,3642,train_incelsis(3642),dev_davidson(3717),test_davidson(3718),8
4.0,0.34344929681717246,0.23685553854007146,0.6244952893674294,0.3443360840210053,0.24145186743819042,0.6,incel-bert-base-uncased-1000k_english,3642,train_incelsis(3642),dev_davidson(3717),test_davidson(3718),8
