epoch,val_f1,val_prec,val_rec,test_f1,test_prec,test_rec,model,train_len,train_set(s),dev_set(s),test_set(s),run_id
1.0,0.33201320132013196,0.219938784433756,0.676985195154778,0.33155436957971984,0.2225705329153605,0.6496732026143791,incel-bert-base-uncased-1000k_english,3642,train_incelsis(3642),dev_davidson(3717),test_davidson(3718),8
2.0,0.34165761853058274,0.23366336633663368,0.6352624495289367,0.3351548269581056,0.23232323232323232,0.6013071895424836,incel-bert-base-uncased-1000k_english,3642,train_incelsis(3642),dev_davidson(3717),test_davidson(3718),8
3.0,0.3504335260115607,0.23950617283950618,0.6527590847913862,0.3483309143686502,0.24108488196885988,0.6274509803921569,incel-bert-base-uncased-1000k_english,3642,train_incelsis(3642),dev_davidson(3717),test_davidson(3718),8
4.0,0.3538575667655786,0.24423963133640553,0.6419919246298789,0.3461395001864976,0.24217118997912318,0.6065359477124183,incel-bert-base-uncased-1000k_english,3642,train_incelsis(3642),dev_davidson(3717),test_davidson(3718),8
