epoch,val_f1,val_prec,val_rec,test_f1,test_prec,test_rec,model,train_len,train_set(s),dev_set(s),test_set(s),run_id
1.0,0.33704635285662954,0.2299019607843137,0.6312247644683715,0.33650329188002925,0.23362112747587607,0.6013071895424836,incel-bert-base-uncased-1000k_english,3642,train_incelsis(3642),dev_davidson(3717),test_davidson(3718),8
2.0,0.3447777376219732,0.23567193675889328,0.6419919246298789,0.3356489945155393,0.23299492385786802,0.6,incel-bert-base-uncased-1000k_english,3642,train_incelsis(3642),dev_davidson(3717),test_davidson(3718),8
3.0,0.3457602339181287,0.23733065730055194,0.6366083445491252,0.3468934911242604,0.24187725631768953,0.6130718954248366,incel-bert-base-uncased-1000k_english,3642,train_incelsis(3642),dev_davidson(3717),test_davidson(3718),8
4.0,0.3446969696969697,0.23985239852398524,0.6123822341857336,0.34232845026985353,0.2427556041552761,0.5803921568627451,incel-bert-base-uncased-1000k_english,3642,train_incelsis(3642),dev_davidson(3717),test_davidson(3718),8
