epoch,val_f1,val_prec,val_rec,test_f1,test_prec,test_rec,model,train_len,train_set(s),dev_set(s),test_set(s),run_id
1.0,0.39385206532180594,0.6879194630872483,0.2759084791386272,0.38926174496644295,0.7302158273381295,0.265359477124183,incel-bert-base-uncased-1000k_english,25490,"train_davidson(17348)
train_hateval_2019_english(4500)
train_incelsis(3642)",dev_davidson(3717),test_davidson(3718),9
2.0,0.4544,0.5601577909270217,0.3822341857335128,0.4631410256410256,0.598343685300207,0.37777777777777777,incel-bert-base-uncased-1000k_english,25490,"train_davidson(17348)
train_hateval_2019_english(4500)
train_incelsis(3642)",dev_davidson(3717),test_davidson(3718),9
3.0,0.5080946450809464,0.4727694090382387,0.5491251682368775,0.5235997482693517,0.5048543689320388,0.5437908496732026,incel-bert-base-uncased-1000k_english,25490,"train_davidson(17348)
train_hateval_2019_english(4500)
train_incelsis(3642)",dev_davidson(3717),test_davidson(3718),9
4.0,0.4958782498414712,0.46882494004796166,0.5262449528936743,0.5073295092415552,0.49502487562189057,0.5202614379084968,incel-bert-base-uncased-1000k_english,25490,"train_davidson(17348)
train_hateval_2019_english(4500)
train_incelsis(3642)",dev_davidson(3717),test_davidson(3718),9
