epoch,val_f1,val_prec,val_rec,test_f1,test_prec,test_rec,model,train_len,train_set(s),dev_set(s),test_set(s),run_id
1.0,0.37890625,0.6903914590747331,0.2611036339165545,0.3895348837209302,0.7528089887640449,0.2627450980392157,incel-bert-base-uncased-1000k_english,25490,"train_davidson(17348)
train_hateval_2019_english(4500)
train_incelsis(3642)",dev_davidson(3717),test_davidson(3718),9
2.0,0.4711388455538222,0.5602968460111317,0.4064602960969044,0.4789391575663027,0.5938104448742747,0.4013071895424837,incel-bert-base-uncased-1000k_english,25490,"train_davidson(17348)
train_hateval_2019_english(4500)
train_incelsis(3642)",dev_davidson(3717),test_davidson(3718),9
3.0,0.514839491217444,0.46806167400881055,0.5720053835800808,0.5243076923076923,0.49534883720930234,0.5568627450980392,incel-bert-base-uncased-1000k_english,25490,"train_davidson(17348)
train_hateval_2019_english(4500)
train_incelsis(3642)",dev_davidson(3717),test_davidson(3718),9
4.0,0.49410304158907514,0.45852534562211983,0.5356662180349933,0.4974874371859297,0.4788391777509069,0.5176470588235295,incel-bert-base-uncased-1000k_english,25490,"train_davidson(17348)
train_hateval_2019_english(4500)
train_incelsis(3642)",dev_davidson(3717),test_davidson(3718),9
