epoch,val_f1,val_prec,val_rec,test_f1,test_prec,test_rec,model,train_len,train_set(s),dev_set(s),test_set(s),run_id
1.0,0.37425742574257426,0.7078651685393258,0.2543741588156124,0.3683168316831683,0.7591836734693878,0.24313725490196078,incel-bert-base-uncased-1000k_english,25490,"train_davidson(17348)
train_hateval_2019_english(4500)
train_incelsis(3642)",dev_davidson(3717),test_davidson(3718),9
2.0,0.4800625488663018,0.5727611940298507,0.41318977119784656,0.4810725552050473,0.6063618290258449,0.39869281045751637,incel-bert-base-uncased-1000k_english,25490,"train_davidson(17348)
train_hateval_2019_english(4500)
train_incelsis(3642)",dev_davidson(3717),test_davidson(3718),9
3.0,0.5173299101412067,0.49447852760736194,0.5423956931359354,0.5110246433203631,0.5070785070785071,0.515032679738562,incel-bert-base-uncased-1000k_english,25490,"train_davidson(17348)
train_hateval_2019_english(4500)
train_incelsis(3642)",dev_davidson(3717),test_davidson(3718),9
4.0,0.49683944374209854,0.4684147794994041,0.5289367429340511,0.4819121447028424,0.4763729246487867,0.4875816993464052,incel-bert-base-uncased-1000k_english,25490,"train_davidson(17348)
train_hateval_2019_english(4500)
train_incelsis(3642)",dev_davidson(3717),test_davidson(3718),9
