epoch,val_f1,val_prec,val_rec,test_f1,test_prec,test_rec,model,train_len,train_set(s),dev_set(s),test_set(s),run_id
1.0,0.3715415019762846,0.6988847583643123,0.253028263795424,0.3727810650887574,0.7590361445783133,0.24705882352941178,incel-bert-base-uncased-1000k_english,25490,"train_davidson(17348)
train_hateval_2019_english(4500)
train_incelsis(3642)",dev_davidson(3717),test_davidson(3718),9
2.0,0.47196261682242985,0.5600739371534196,0.4078061911170929,0.4617809298660363,0.5813492063492064,0.38300653594771245,incel-bert-base-uncased-1000k_english,25490,"train_davidson(17348)
train_hateval_2019_english(4500)
train_incelsis(3642)",dev_davidson(3717),test_davidson(3718),9
3.0,0.5238693467336684,0.4911660777385159,0.5612382234185733,0.518095238095238,0.5037037037037037,0.5333333333333333,incel-bert-base-uncased-1000k_english,25490,"train_davidson(17348)
train_hateval_2019_english(4500)
train_incelsis(3642)",dev_davidson(3717),test_davidson(3718),9
4.0,0.5158831003811943,0.48856799037304455,0.5464333781965006,0.4897959183673469,0.47820672478206727,0.5019607843137255,incel-bert-base-uncased-1000k_english,25490,"train_davidson(17348)
train_hateval_2019_english(4500)
train_incelsis(3642)",dev_davidson(3717),test_davidson(3718),9
